game_date,game_pk,away_team,home_team,away_starter,home_starter,predicted_winner,home_win_prob,away_win_prob,commence_time,home_ml,away_ml,best_ev,best_ev_odds,bet_recommended,units_bet,units_profit,running_units_bet,running_units_profit,running_roi,actual_winner,home_score,away_score,status,correct
2026-03-25,823244,NYY,SF,Max Fried,Logan Webb,NYY,0.49091327,0.5090867,,,,,,,0.0,0.0,0.0,0.0,,NYY,0.0,7.0,Final,1.0
2026-03-26,823081,TB,STL,Drew Rasmussen,Matthew Liberatore,TB,0.4821174442768097,0.5178825855255127,,,,,,,0.0,0.0,0.0,0.0,,STL,9.0,7.0,Final,0.0
2026-03-26,823163,CLE,SEA,Tanner Bibee,Logan Gilbert,SEA,0.5312062501907349,0.4687937498092651,,,,,,,0.0,0.0,0.0,0.0,,CLE,4.0,6.0,Final,0.0
2026-03-26,823325,DET,SD,Tarik Skubal,Nick Pivetta,SD,0.5032147765159607,0.4967852234840393,,,,,,,0.0,0.0,0.0,0.0,,DET,2.0,8.0,Final,0.0
2026-03-26,823486,TEX,PHI,Nathan Eovaldi,Cristopher Sánchez,PHI,0.5278793573379517,0.4721206426620483,,,,,,,0.0,0.0,0.0,0.0,,PHI,5.0,3.0,Final,1.0
2026-03-26,823649,PIT,NYM,Paul Skenes,Freddy Peralta,NYM,0.5174928903579712,0.4825071096420288,,,,,,,0.0,0.0,0.0,0.0,,NYM,11.0,7.0,Final,1.0
2026-03-26,823812,CWS,MIL,Shane Smith,Jacob Misiorowski,MIL,0.5235087275505066,0.4764912724494934,,,,,,,0.0,0.0,0.0,0.0,,MIL,14.0,2.0,Final,1.0
2026-03-26,823974,AZ,LAD,Zac Gallen,Yoshinobu Yamamoto,LAD,0.5204529166221619,0.4795470833778381,,,,,,,0.0,0.0,0.0,0.0,,LAD,8.0,2.0,Final,1.0
2026-03-26,824218,LAA,HOU,José Soriano,Hunter Brown,LAA,0.4935652911663055,0.5064346790313721,,,,,,,0.0,0.0,0.0,0.0,,LAA,0.0,3.0,Final,1.0
2026-03-26,824541,BOS,CIN,Garrett Crochet,Andrew Abbott,CIN,0.5309017300605774,0.4690982699394226,,,,,,,0.0,0.0,0.0,0.0,,BOS,0.0,3.0,Final,0.0
2026-03-26,824704,WSH,CHC,Cade Cavalli,Matthew Boyd,CHC,0.5312957763671875,0.4687042236328125,,,,,,,0.0,0.0,0.0,0.0,,WSH,4.0,10.0,Final,0.0
2026-03-26,824865,MIN,BAL,Joe Ryan,Trevor Rogers,MIN,0.4974728524684906,0.502527117729187,,,,,,,0.0,0.0,0.0,0.0,,BAL,2.0,1.0,Final,0.0
2026-03-27,822839,ATH,TOR,Luis Severino,Kevin Gausman,TOR,0.5059175491333008,0.4940824508666992,,,,,,,0.0,0.0,0.0,0.0,,TOR,3.0,2.0,Final,1.0
2026-03-27,823162,CLE,SEA,Gavin Williams,George Kirby,SEA,0.5312062501907349,0.4687937498092651,,,,,,,0.0,0.0,0.0,0.0,,SEA,5.0,1.0,Final,1.0
2026-03-27,823243,NYY,SF,Cam Schlittler,Robbie Ray,NYY,0.4909132719039917,0.5090867280960083,,,,,,,0.0,0.0,0.0,0.0,,NYY,0.0,3.0,Final,1.0
2026-03-27,823324,DET,SD,Framber Valdez,Michael King,SD,0.5032147765159607,0.4967852234840393,,,,,,,0.0,0.0,0.0,0.0,,DET,2.0,5.0,Final,0.0
2026-03-27,823893,COL,MIA,Kyle Freeland,Sandy Alcantara,MIA,0.5372136235237122,0.4627863764762878,,,,,,,0.0,0.0,0.0,0.0,,MIA,2.0,1.0,Final,1.0
2026-03-27,823971,AZ,LAD,Ryne Nelson,Emmet Sheehan,LAD,0.5204529166221619,0.4795470833778381,,,,,,,0.0,0.0,0.0,0.0,,LAD,5.0,4.0,Final,1.0
2026-03-27,824216,LAA,HOU,Yusei Kikuchi,Mike Burrows,LAA,0.4935652911663055,0.5064346790313721,,,,,,,0.0,0.0,0.0,0.0,,LAA,2.0,6.0,Final,1.0
2026-03-27,824946,KC,ATL,Cole Ragans,Chris Sale,ATL,0.5022388100624084,0.4977611899375915,,,,,,,0.0,0.0,0.0,0.0,,ATL,6.0,0.0,Final,1.0
2026-03-28,822838,ATH,TOR,Jeffrey Springs,Dylan Cease,TOR,0.5059175491333008,0.4940824508666992,,,,,,,0.0,0.0,0.0,0.0,,TOR,8.0,7.0,Final,1.0
2026-03-28,823082,TB,STL,Joe Boyle,Michael McGreevy,TB,0.4821174442768097,0.5178825855255127,,,,,,,0.0,0.0,0.0,0.0,,STL,6.0,5.0,Final,0.0
2026-03-28,823161,CLE,SEA,Joey Cantillo,Bryan Woo,SEA,0.5312062501907349,0.4687937498092651,,,,,,,0.0,0.0,0.0,0.0,,CLE,5.0,6.0,Final,0.0
2026-03-28,823241,NYY,SF,Will Warren,Tyler Mahle,NYY,0.4909132719039917,0.5090867280960083,,,,,,,0.0,0.0,0.0,0.0,,NYY,1.0,3.0,Final,1.0
2026-03-28,823323,DET,SD,Jack Flaherty,Randy Vásquez,SD,0.5032147765159607,0.4967852234840393,,,,,,,0.0,0.0,0.0,0.0,,SD,3.0,0.0,Final,1.0
2026-03-28,823488,TEX,PHI,Jacob Latz,Aaron Nola,PHI,0.5278793573379517,0.4721206426620483,,,,,,,0.0,0.0,0.0,0.0,,TEX,4.0,5.0,Final,0.0
2026-03-28,823651,PIT,NYM,Mitch Keller,David Peterson,NYM,0.5174928903579712,0.4825071096420288,,,,,,,0.0,0.0,0.0,0.0,,NYM,4.0,2.0,Final,1.0
2026-03-28,823811,CWS,MIL,Sean Burke,Chad Patrick,MIL,0.5235087275505066,0.4764912724494934,,,,,,,0.0,0.0,0.0,0.0,,MIL,6.0,1.0,Final,1.0
2026-03-28,823892,COL,MIA,Michael Lorenzen,Eury Pérez,MIA,0.5372136235237122,0.4627863764762878,,,,,,,0.0,0.0,0.0,0.0,,MIA,4.0,3.0,Final,1.0
2026-03-28,823973,AZ,LAD,Eduardo Rodriguez,Tyler Glasnow,LAD,0.5204529166221619,0.4795470833778381,,,,,,,0.0,0.0,0.0,0.0,,LAD,3.0,2.0,Final,1.0
2026-03-28,824213,LAA,HOU,Reid Detmers,Cristian Javier,LAA,0.4935652911663055,0.5064346790313721,,,,,,,0.0,0.0,0.0,0.0,,HOU,11.0,9.0,Final,0.0
2026-03-28,824540,BOS,CIN,Sonny Gray,Brady Singer,CIN,0.5309017300605774,0.4690982699394226,,,,,,,0.0,0.0,0.0,0.0,,CIN,6.0,5.0,Final,1.0
2026-03-28,824701,WSH,CHC,Miles Mikolas,Cade Horton,CHC,0.5312957763671875,0.4687042236328125,,,,,,,0.0,0.0,0.0,0.0,,CHC,10.0,2.0,Final,1.0
2026-03-28,824862,MIN,BAL,Taj Bradley,Kyle Bradish,MIN,0.4974728524684906,0.502527117729187,,,,,,,0.0,0.0,0.0,0.0,,MIN,1.0,4.0,Final,1.0
2026-03-28,824945,KC,ATL,Michael Wacha,Reynaldo López,ATL,0.5022388100624084,0.4977611899375915,,,,,,,0.0,0.0,0.0,0.0,,ATL,6.0,2.0,Final,1.0
2026-03-29,822837,ATH,TOR,Luis Morales,Eric Lauer,TOR,0.5059175491333008,0.4940824508666992,,,,,,,0.0,0.0,0.0,0.0,,TOR,5.0,2.0,Final,1.0
2026-03-29,823079,TB,STL,Steven Matz,Dustin May,TB,0.4821174442768097,0.5178825855255127,,,,,,,0.0,0.0,0.0,0.0,,TB,7.0,11.0,Final,1.0
2026-03-29,823160,CLE,SEA,Slade Cecconi,Emerson Hancock,SEA,0.5312062501907349,0.4687937498092651,,,,,,,0.0,0.0,0.0,0.0,,SEA,8.0,0.0,Final,1.0
2026-03-29,823487,TEX,PHI,MacKenzie Gore,Jesús Luzardo,PHI,0.5278793573379517,0.4721206426620483,,,,,,,0.0,0.0,0.0,0.0,,TEX,3.0,8.0,Final,0.0
2026-03-29,823647,PIT,NYM,Carmen Mlodzinski,Nolan McLean,NYM,0.5174928903579712,0.4825071096420288,,,,,,,0.0,0.0,0.0,0.0,,PIT,3.0,4.0,Final,0.0
2026-03-29,823810,CWS,MIL,Anthony Kay,Brandon Sproat,MIL,0.5235087275505066,0.4764912724494934,,,,,,,0.0,0.0,0.0,0.0,,MIL,9.0,7.0,Final,1.0
2026-03-29,823891,COL,MIA,Jose Quintana,Max Meyer,MIA,0.5372136235237122,0.4627863764762878,,,,,,,0.0,0.0,0.0,0.0,,MIA,4.0,3.0,Final,1.0
2026-03-29,824215,LAA,HOU,Jack Kochanowicz,Tatsuya Imai,LAA,0.4935652911663055,0.5064346790313721,,,,,,,0.0,0.0,0.0,0.0,,HOU,9.0,7.0,Final,0.0
2026-03-29,824538,BOS,CIN,Connelly Early,Rhett Lowder,CIN,0.5309017300605774,0.4690982699394226,,,,,,,0.0,0.0,0.0,0.0,,CIN,3.0,2.0,Final,1.0
2026-03-29,824700,WSH,CHC,Jake Irvin,Shota Imanaga,CHC,0.5312957763671875,0.4687042236328125,,,,,,,0.0,0.0,0.0,0.0,,WSH,3.0,6.0,Final,0.0
2026-03-29,824864,MIN,BAL,Bailey Ober,Shane Baz,MIN,0.4974728524684906,0.502527117729187,,,,,,,0.0,0.0,0.0,0.0,,BAL,8.0,6.0,Final,0.0
2026-03-29,824944,KC,ATL,Seth Lugo,Grant Holmes,ATL,0.5022388100624084,0.4977611899375915,,,,,,,0.0,0.0,0.0,0.0,,KC,1.0,4.0,Final,0.0
2026-03-30,822834,COL,TOR,Tomoyuki Sugano,Cody Ponce,TOR,0.5383153557777405,0.4616846442222595,,,,,,,0.0,0.0,0.0,0.0,,COL,5.0,14.0,Final,0.0
2026-03-30,823080,NYM,STL,Clay Holmes,Kyle Leahy,NYM,0.4893855154514313,0.5106145143508911,,,,,,,0.0,0.0,0.0,0.0,,NYM,2.0,4.0,Final,1.0
2026-03-30,823159,NYY,SEA,Ryan Weathers,Luis Castillo,NYY,0.499155044555664,0.5008449554443359,,,,,,,0.0,0.0,0.0,0.0,,SEA,2.0,1.0,Final,0.0
2026-03-30,823320,SF,SD,Landen Roupp,Walker Buehler,SD,0.5056779384613037,0.4943220615386963,,,,,,,0.0,0.0,0.0,0.0,,SF,2.0,3.0,Final,0.0
2026-03-30,823484,WSH,PHI,Foster Griffin,Taijuan Walker,PHI,0.5378069281578064,0.4621930718421936,,,,,,,0.0,0.0,0.0,0.0,,WSH,2.0,13.0,Final,0.0
2026-03-30,823809,TB,MIL,Nick Martinez,Kyle Harrison,MIL,0.508000373840332,0.4919996261596679,,,,,,,0.0,0.0,0.0,0.0,,TB,2.0,3.0,Final,0.0
2026-03-30,823890,CWS,MIA,Davis Martin,Chris Paddack,MIA,0.5057756304740906,0.4942243695259094,,,,,,,0.0,0.0,0.0,0.0,,CWS,4.0,9.0,Final,0.0
2026-03-30,823972,CLE,LAD,Parker Messick,Roki Sasaki,LAD,0.5249218344688416,0.4750781655311584,,,,,,,0.0,0.0,0.0,0.0,,CLE,2.0,4.0,Final,0.0
2026-03-30,824135,MIN,KC,Simeon Woods Richardson,Kris Bubic,KC,0.5281887650489807,0.4718112349510193,,,,,,,0.0,0.0,0.0,0.0,,KC,3.0,1.0,Final,1.0
2026-03-30,824214,BOS,HOU,Ranger Suarez,Lance McCullers Jr.,HOU,0.5038992762565613,0.4961007237434387,,,,,,,0.0,0.0,0.0,0.0,,HOU,8.0,1.0,Final,1.0
2026-03-30,824539,PIT,CIN,Braxton Ashcraft,Chase Burns,CIN,0.5243019461631775,0.4756980538368225,,,,,,,0.0,0.0,0.0,0.0,,CIN,2.0,0.0,Final,1.0
2026-03-30,824702,LAA,CHC,Ryan Johnson,Edward Cabrera,CHC,0.5366356372833252,0.4633643627166748,,,,,,,0.0,0.0,0.0,0.0,,CHC,7.0,2.0,Final,1.0
2026-03-30,824863,TEX,BAL,Jack Leiter,Chris Bassitt,TEX,0.499552458524704,0.5004475116729736,,,,,,,0.0,0.0,0.0,0.0,,TEX,2.0,5.0,Final,1.0
2026-03-30,824943,ATH,ATL,Jacob Lopez,Bryce Elder,ATH,0.485447347164154,0.514552652835846,,,,,,,0.0,0.0,0.0,0.0,,ATL,4.0,0.0,Final,0.0
2026-03-30,825108,DET,AZ,Justin Verlander,Michael Soroka,AZ,0.5069152116775513,0.4930847883224487,,,,,,,0.0,0.0,0.0,0.0,,AZ,9.0,6.0,Final,1.0
2026-03-31,822836,COL,TOR,Ryan Feltner,Max Scherzer,TOR,0.5383153557777405,0.4616846442222595,,,,,,,0.0,0.0,0.0,0.0,,TOR,5.0,1.0,Final,1.0
2026-03-31,823077,NYM,STL,Kodai Senga,Andre Pallante,NYM,0.4893855154514313,0.5106145143508911,,,,,,,0.0,0.0,0.0,0.0,,STL,3.0,0.0,Final,0.0
2026-03-31,823158,NYY,SEA,Max Fried,Logan Gilbert,NYY,0.499155044555664,0.5008449554443359,,,,,,,0.0,0.0,0.0,0.0,,NYY,0.0,5.0,Final,1.0
2026-03-31,823322,SF,SD,Logan Webb,Germán Márquez,SD,0.5056779384613037,0.4943220615386963,,,,,,,0.0,0.0,0.0,0.0,,SF,3.0,9.0,Final,0.0
2026-03-31,823485,WSH,PHI,PJ Poulin,Andrew Painter,PHI,0.5378069281578064,0.4621930718421936,,,,,,,0.0,0.0,0.0,0.0,,PHI,3.0,2.0,Final,1.0
2026-03-31,823807,TB,MIL,Shane McClanahan,Brandon Woodruff,MIL,0.508000373840332,0.4919996261596679,,,,,,,0.0,0.0,0.0,0.0,,MIL,6.0,2.0,Final,1.0
2026-03-31,823888,CWS,MIA,Erick Fedde,Janson Junk,MIA,0.5057756304740906,0.4942243695259094,,,,,,,0.0,0.0,0.0,0.0,,MIA,9.0,2.0,Final,1.0
2026-03-31,823969,CLE,LAD,Tanner Bibee,Shohei Ohtani,LAD,0.5249218344688416,0.4750781655311584,,,,,,,0.0,0.0,0.0,0.0,,LAD,4.0,1.0,Final,1.0
2026-03-31,824212,BOS,HOU,Brayan Bello,Hunter Brown,HOU,0.5038992762565613,0.4961007237434387,,,,,,,0.0,0.0,0.0,0.0,,HOU,9.0,2.0,Final,1.0
2026-03-31,824537,PIT,CIN,Bubba Chandler,Brandon Williamson,CIN,0.5243019461631775,0.4756980538368225,,,,,,,0.0,0.0,0.0,0.0,,PIT,3.0,8.0,Final,0.0
2026-03-31,824699,LAA,CHC,José Soriano,Jameson Taillon,CHC,0.5366356372833252,0.4633643627166748,,,,,,,0.0,0.0,0.0,0.0,,LAA,0.0,2.0,Final,0.0
2026-03-31,824861,TEX,BAL,Jacob deGrom,Zach Eflin,TEX,0.499552458524704,0.5004475116729736,,,,,,,0.0,0.0,0.0,0.0,,TEX,5.0,8.0,Final,1.0
2026-03-31,824942,ATH,ATL,Aaron Civale,José Suarez,ATH,0.485447347164154,0.514552652835846,,,,,,,0.0,0.0,0.0,0.0,,ATH,2.0,5.0,Final,1.0
2026-03-31,825107,DET,AZ,Casey Mize,Brandon Pfaadt,AZ,0.5069152116775513,0.4930847883224487,,,,,,,0.0,0.0,0.0,0.0,,AZ,7.0,5.0,Final,1.0
2026-04-01,822835,COL,TOR,Kyle Freeland,Kevin Gausman,TOR,0.5383153557777405,0.4616846442222595,,,,,,,0.0,0.0,0.0,0.0,,COL,1.0,2.0,Final,0.0
2026-04-01,823078,NYM,STL,Freddy Peralta,Matthew Liberatore,NYM,0.4893855154514313,0.5106145143508911,,,,,,,0.0,0.0,0.0,0.0,,STL,2.0,1.0,Final,0.0
2026-04-01,823157,NYY,SEA,Cam Schlittler,George Kirby,NYY,0.499155044555664,0.5008449554443359,,,,,,,0.0,0.0,0.0,0.0,,NYY,3.0,5.0,Final,1.0
2026-04-01,823321,SF,SD,Adrian Houser,Nick Pivetta,SD,0.5056779384613037,0.4943220615386963,,,,,,,0.0,0.0,0.0,0.0,,SD,7.0,1.0,Final,1.0
2026-04-01,823483,WSH,PHI,Cade Cavalli,Cristopher Sánchez,PHI,0.5378069281578064,0.4621930718421936,,,,,,,0.0,0.0,0.0,0.0,,PHI,6.0,5.0,Final,1.0
2026-04-01,823806,TB,MIL,Drew Rasmussen,Jacob Misiorowski,MIL,0.508000373840332,0.4919996261596679,,,,,,,0.0,0.0,0.0,0.0,,MIL,8.0,2.0,Final,1.0
2026-04-01,823889,CWS,MIA,Shane Smith,Sandy Alcantara,MIA,0.5057756304740906,0.4942243695259094,,,,,,,0.0,0.0,0.0,0.0,,MIA,10.0,0.0,Final,1.0
2026-04-01,823970,CLE,LAD,Gavin Williams,Yoshinobu Yamamoto,LAD,0.5249218344688416,0.4750781655311584,,,,,,,0.0,0.0,0.0,0.0,,CLE,1.0,4.0,Final,0.0
2026-04-01,824136,MIN,KC,Joe Ryan,Noah Cameron,KC,0.5281887650489807,0.4718112349510193,,,,,,,0.0,0.0,0.0,0.0,,KC,13.0,9.0,Final,1.0
2026-04-01,824211,BOS,HOU,Garrett Crochet,Mike Burrows,HOU,0.5038992762565613,0.4961007237434387,,,,,,,0.0,0.0,0.0,0.0,,HOU,6.0,4.0,Final,1.0
2026-04-01,824536,PIT,CIN,Paul Skenes,Andrew Abbott,CIN,0.5243019461631775,0.4756980538368225,,,,,,,0.0,0.0,0.0,0.0,,PIT,3.0,8.0,Final,0.0
2026-04-01,824698,LAA,CHC,Yusei Kikuchi,Matthew Boyd,CHC,0.5366356372833252,0.4633643627166748,,,,,,,0.0,0.0,0.0,0.0,,CHC,6.0,2.0,Final,1.0
2026-04-01,824860,TEX,BAL,Nathan Eovaldi,Trevor Rogers,TEX,0.499552458524704,0.5004475116729736,,,,,,,0.0,0.0,0.0,0.0,,BAL,8.0,3.0,Final,0.0
2026-04-01,824940,ATH,ATL,Luis Severino,Chris Sale,ATH,0.485447347164154,0.514552652835846,,,,,,,0.0,0.0,0.0,0.0,,ATL,5.0,1.0,Final,0.0
2026-04-01,825106,DET,AZ,Tarik Skubal,Zac Gallen,AZ,0.5069152116775513,0.4930847883224487,,,,,,,0.0,0.0,0.0,0.0,,AZ,1.0,0.0,Final,1.0
2026-04-02,823242,NYM,SF,David Peterson,Robbie Ray,NYM,0.4885267317295074,0.5114732980728149,,,,,,,0.0,0.0,0.0,0.0,,SF,7.0,2.0,Final,0.0
2026-04-02,824133,MIN,KC,Taj Bradley,Cole Ragans,KC,0.5281887650489807,0.4718112349510193,,,,,,,0.0,0.0,0.0,0.0,,MIN,1.0,5.0,Final,0.0
2026-04-02,825105,ATL,AZ,Reynaldo López,Ryne Nelson,AZ,0.5191113948822021,0.4808886051177978,,,,,,,0.0,0.0,0.0,0.0,,ATL,2.0,17.0,Final,0.0
2026-04-03,822758,LAD,WSH,Emmet Sheehan,Miles Mikolas,LAD,0.4877947270870209,0.5122052431106567,,,,,,,0.0,0.0,0.0,0.0,,LAD,6.0,13.0,Final,1.0
2026-04-03,822919,CIN,TEX,Brady Singer,MacKenzie Gore,TEX,0.5218336582183838,0.4781663417816162,,,,,,,0.0,0.0,0.0,0.0,,CIN,3.0,5.0,Final,0.0
2026-04-03,823240,NYM,SF,Nolan McLean,Tyler Mahle,NYM,0.4885267317295074,0.5114732980728149,,,,,,,0.0,0.0,0.0,0.0,,NYM,3.0,10.0,Final,1.0
2026-04-03,823406,BAL,PIT,Kyle Bradish,Mitch Keller,PIT,0.5157871842384338,0.4842128157615661,,,,,,,0.0,0.0,0.0,0.0,,PIT,5.0,4.0,Final,1.0
2026-04-03,823568,MIA,NYY,Eury Pérez,Will Warren,NYY,0.5387973189353943,0.4612026810646057,,,,,,,0.0,0.0,0.0,0.0,,NYY,8.0,2.0,Final,1.0
2026-04-03,823732,TB,MIN,Joe Boyle,Bailey Ober,MIN,0.5040132403373718,0.4959867596626282,,,,,,,0.0,0.0,0.0,0.0,,MIN,10.0,4.0,Final,1.0
2026-04-03,824056,SEA,LAA,Bryan Woo,Reid Detmers,SEA,0.4897107481956482,0.5102892518043518,,,,,,,0.0,0.0,0.0,0.0,,SEA,1.0,3.0,Final,1.0
2026-04-03,824299,STL,DET,Michael McGreevy,Framber Valdez,DET,0.5259467959403992,0.4740532040596008,,,,,,,0.0,0.0,0.0,0.0,,DET,4.0,0.0,Final,1.0
2026-04-03,824377,PHI,COL,Aaron Nola,Michael Lorenzen,PHI,0.4814895391464233,0.5185104608535767,,,,,,,0.0,0.0,0.0,0.0,,PHI,1.0,10.0,Final,1.0
2026-04-03,824458,CHC,CLE,Cade Horton,Joey Cantillo,CHC,0.488767147064209,0.511232852935791,,,,,,,0.0,0.0,0.0,0.0,,CLE,4.0,1.0,Final,0.0
2026-04-03,824621,TOR,CWS,Dylan Cease,Grant Taylor,TOR,0.4829267561435699,0.5170732736587524,,,,,,,0.0,0.0,0.0,0.0,,,,,Postponed,
2026-04-03,824621,TOR,CWS,Dylan Cease,Grant Taylor,TOR,0.4829267561435699,0.5170732736587524,,,,,,,0.0,0.0,0.0,0.0,,CWS,5.0,4.0,Final,0.0
2026-04-03,824786,SD,BOS,Michael King,Sonny Gray,BOS,0.5252687931060791,0.4747312068939209,,,,,,,0.0,0.0,0.0,0.0,,BOS,5.0,2.0,Final,1.0
2026-04-03,825026,HOU,ATH,Cristian Javier,Jeffrey Springs,ATH,0.5155870318412781,0.4844129681587219,,,,,,,0.0,0.0,0.0,0.0,,ATH,11.0,4.0,Final,1.0
2026-04-03,825103,ATL,AZ,Grant Holmes,Eduardo Rodriguez,AZ,0.5191113948822021,0.4808886051177978,,,,,,,0.0,0.0,0.0,0.0,,ATL,0.0,2.0,Final,0.0
2026-04-04,822757,LAD,WSH,Tyler Glasnow,Jake Irvin,LAD,0.4877947270870209,0.5122052431106567,,,,,,,0.0,0.0,0.0,0.0,,LAD,5.0,10.0,Final,1.0
2026-04-04,822920,CIN,TEX,Rhett Lowder,Kumar Rocker,TEX,0.5218336582183838,0.4781663417816162,,,,,,,0.0,0.0,0.0,0.0,,CIN,0.0,2.0,Final,0.0
2026-04-04,823239,NYM,SF,Clay Holmes,Landen Roupp,NYM,0.4885267317295074,0.5114732980728149,,,,,,,0.0,0.0,0.0,0.0,,NYM,0.0,9.0,Final,1.0
2026-04-04,823404,BAL,PIT,Shane Baz,Carmen Mlodzinski,PIT,0.5157871842384338,0.4842128157615661,,,,,,,0.0,0.0,0.0,0.0,,PIT,3.0,2.0,Final,1.0
2026-04-04,823569,MIA,NYY,Max Meyer,Ryan Weathers,NYY,0.5387973189353943,0.4612026810646057,,,,,,,0.0,0.0,0.0,0.0,,NYY,9.0,7.0,Final,1.0
2026-04-04,823730,TB,MIN,Steven Matz,Mick Abel,MIN,0.5040132403373718,0.4959867596626282,,,,,,,0.0,0.0,0.0,0.0,,TB,1.0,7.0,Final,0.0
2026-04-04,824054,SEA,LAA,Emerson Hancock,Jack Kochanowicz,SEA,0.4897107481956482,0.5102892518043518,,,,,,,0.0,0.0,0.0,0.0,,LAA,1.0,0.0,Final,0.0
2026-04-04,824132,MIL,KC,Chad Patrick,Luinder Avila,KC,0.527586042881012,0.472413957118988,,,,,,,0.0,0.0,0.0,0.0,,MIL,2.0,5.0,Final,0.0
2026-04-04,824134,MIL,KC,Logan Henderson,Seth Lugo,KC,0.527586042881012,0.472413957118988,,,,,,,0.0,0.0,0.0,0.0,,,,,Postponed,
2026-04-04,824134,MIL,KC,Logan Henderson,Seth Lugo,KC,0.527586042881012,0.472413957118988,,,,,,,0.0,0.0,0.0,0.0,,KC,8.0,2.0,Final,1.0
2026-04-04,824295,STL,DET,Dustin May,Jack Flaherty,DET,0.5259467959403992,0.4740532040596008,,,,,,,0.0,0.0,0.0,0.0,,DET,11.0,6.0,Completed Early,1.0
2026-04-04,824378,PHI,COL,Jesús Luzardo,Brennan Bernardino,PHI,0.4814895391464233,0.5185104608535767,,,,,,,0.0,0.0,0.0,0.0,,PHI,1.0,2.0,Final,1.0
2026-04-04,824622,TOR,CWS,Mason Fluharty,Grant Taylor,TOR,0.4829267561435699,0.5170732736587524,,,,,,,0.0,0.0,0.0,0.0,,CWS,6.0,3.0,Final,0.0
2026-04-04,824782,SD,BOS,Randy Vásquez,Connelly Early,BOS,0.5252687931060791,0.4747312068939209,,,,,,,0.0,0.0,0.0,0.0,,SD,2.0,3.0,Final,0.0
2026-04-04,825027,HOU,ATH,Tatsuya Imai,Luis Morales,ATH,0.5155870318412781,0.4844129681587219,,,,,,,0.0,0.0,0.0,0.0,,HOU,0.0,11.0,Final,0.0
2026-04-04,825104,ATL,AZ,Bryce Elder,Michael Soroka,AZ,0.5191113948822021,0.4808886051177978,,,,,,,0.0,0.0,0.0,0.0,,AZ,2.0,1.0,Final,1.0
2026-04-05,822756,LAD,WSH,Roki Sasaki,Foster Griffin,LAD,0.4877947270870209,0.5122052431106567,,,,,,,0.0,0.0,0.0,0.0,,LAD,6.0,8.0,Final,1.0
2026-04-05,822917,CIN,TEX,Chase Burns,Jack Leiter,TEX,0.5218336582183838,0.4781663417816162,,,,,,,0.0,0.0,0.0,0.0,,CIN,1.0,2.0,Final,0.0
2026-04-05,823238,NYM,SF,Kodai Senga,Logan Webb,NYM,0.4885267317295074,0.5114732980728149,,,,,,,0.0,0.0,0.0,0.0,,NYM,2.0,5.0,Final,1.0
2026-04-05,823405,BAL,PIT,Chris Bassitt,Braxton Ashcraft,PIT,0.5157871842384338,0.4842128157615661,,,,,,,0.0,0.0,0.0,0.0,,PIT,8.0,2.0,Final,1.0
2026-04-05,823566,MIA,NYY,Pete Fairbanks,Max Fried,NYY,0.5387973189353943,0.4612026810646057,,,,,,,0.0,0.0,0.0,0.0,,MIA,6.0,7.0,Final,0.0
2026-04-05,823729,TB,MIN,Nick Martinez,Simeon Woods Richardson,MIN,0.5040132403373718,0.4959867596626282,,,,,,,0.0,0.0,0.0,0.0,,TB,1.0,4.0,Final,0.0
2026-04-05,824053,SEA,LAA,Luis Castillo,George Klassen,SEA,0.4897107481956482,0.5102892518043518,,,,,,,0.0,0.0,0.0,0.0,,LAA,8.0,7.0,Final,0.0
2026-04-05,824131,MIL,KC,Kyle Harrison,Kris Bubic,KC,0.527586042881012,0.472413957118988,,,,,,,0.0,0.0,0.0,0.0,,MIL,5.0,8.0,Final,0.0
2026-04-05,824296,STL,DET,Kyle Leahy,Keider Montero,DET,0.5259467959403992,0.4740532040596008,,,,,,,0.0,0.0,0.0,0.0,,STL,3.0,5.0,Final,0.0
2026-04-05,824379,PHI,COL,Taijuan Walker,Tomoyuki Sugano,PHI,0.4814895391464233,0.5185104608535767,,,,,,,0.0,0.0,0.0,0.0,,COL,4.0,1.0,Final,0.0
2026-04-05,824459,CHC,CLE,Edward Cabrera,Slade Cecconi,CHC,0.488767147064209,0.511232852935791,,,,,,,0.0,0.0,0.0,0.0,,CHC,0.0,1.0,Final,1.0
2026-04-05,824460,CHC,CLE,Shota Imanaga,Parker Messick,CHC,0.488767147064209,0.511232852935791,,,,,,,0.0,0.0,0.0,0.0,,,,,Postponed,
2026-04-05,824460,CHC,CLE,Shota Imanaga,Parker Messick,CHC,0.488767147064209,0.511232852935791,,,,,,,0.0,0.0,0.0,0.0,,CLE,6.0,5.0,Final,0.0
2026-04-05,824620,TOR,CWS,Eric Lauer,Davis Martin,TOR,0.4829267561435699,0.5170732736587524,,,,,,,0.0,0.0,0.0,0.0,,CWS,3.0,0.0,Final,0.0
2026-04-05,824781,SD,BOS,Walker Buehler,Ranger Suarez,BOS,0.5252687931060791,0.4747312068939209,,,,,,,0.0,0.0,0.0,0.0,,SD,6.0,8.0,Final,0.0
2026-04-05,825025,HOU,ATH,Lance McCullers Jr.,Jacob Lopez,ATH,0.5155870318412781,0.4844129681587219,,,,,,,0.0,0.0,0.0,0.0,,ATH,12.0,10.0,Final,1.0
2026-04-05,825102,ATL,AZ,Martín Pérez,Brandon Pfaadt,AZ,0.5191113948822021,0.4808886051177978,,,,,,,0.0,0.0,0.0,0.0,,AZ,6.0,5.0,Final,1.0
2026-04-06,822755,STL,WSH,Andre Pallante,Zack Littell,WSH,0.5183840394020081,0.4816159605979919,,,,,,,0.0,0.0,0.0,0.0,,WSH,9.0,6.0,Final,1.0
2026-04-06,822832,LAD,TOR,Justin Wrobleski,Max Scherzer,TOR,0.510661780834198,0.489338219165802,,,,,,,0.0,0.0,0.0,0.0,,LAD,2.0,14.0,Final,0.0
2026-04-06,822918,SEA,TEX,Logan Gilbert,Jacob deGrom,TEX,0.5040885806083679,0.4959114193916321,,,,,,,0.0,0.0,0.0,0.0,,TEX,2.0,1.0,Final,1.0
2026-04-06,823002,CHC,TB,Jameson Taillon,Shane McClanahan,TB,0.5202741622924805,0.4797258377075195,,,,,,,0.0,0.0,0.0,0.0,,TB,6.0,4.0,Final,1.0
2026-04-06,823237,PHI,SF,Andrew Painter,Adrian Houser,PHI,0.4923266470432281,0.5076733827590942,,,,,,,0.0,0.0,0.0,0.0,,PHI,4.0,6.0,Final,1.0
2026-04-06,823401,SD,PIT,Germán Márquez,Bubba Chandler,PIT,0.5134833455085754,0.4865166544914245,,,,,,,0.0,0.0,0.0,0.0,,SD,0.0,5.0,Final,0.0
2026-04-06,823728,DET,MIN,Casey Mize,Joe Ryan,MIN,0.5114126205444336,0.4885873794555664,,,,,,,0.0,0.0,0.0,0.0,,MIN,7.0,3.0,Final,1.0
2026-04-06,823886,CIN,MIA,Brandon Williamson,Janson Junk,CIN,0.491065114736557,0.5089348554611206,,,,,,,0.0,0.0,0.0,0.0,,CIN,0.0,2.0,Final,1.0
2026-04-06,824052,ATL,LAA,Chris Sale,José Soriano,ATL,0.4829235374927521,0.5170764923095703,,,,,,,0.0,0.0,0.0,0.0,,LAA,6.0,2.0,Final,0.0
2026-04-06,824376,HOU,COL,Cody Bolton,Ryan Feltner,HOU,0.478682279586792,0.521317720413208,,,,,,,0.0,0.0,0.0,0.0,,COL,9.0,7.0,Final,0.0
2026-04-06,824456,KC,CLE,Michael Wacha,Tanner Bibee,KC,0.4894479811191559,0.5105520486831665,,,,,,,0.0,0.0,0.0,0.0,,KC,2.0,4.0,Final,1.0
2026-04-06,824619,BAL,CWS,Brandon Young,Grant Taylor,CWS,0.5284329056739807,0.4715670943260193,,,,,,,0.0,0.0,0.0,0.0,,BAL,1.0,2.0,Final,0.0
2026-04-06,824783,MIL,BOS,Brandon Woodruff,Brayan Bello,BOS,0.5073089599609375,0.4926910400390625,,,,,,,0.0,0.0,0.0,0.0,,MIL,6.0,8.0,Final,0.0
2026-04-07,822754,STL,WSH,Matthew Liberatore,Cade Cavalli,WSH,0.5183840394020081,0.4816159605979919,,,,,,,0.0,0.0,0.0,0.0,,STL,6.0,7.0,Final,0.0
2026-04-07,822831,LAD,TOR,Yoshinobu Yamamoto,Kevin Gausman,TOR,0.510661780834198,0.489338219165802,,,,,,,0.0,0.0,0.0,0.0,,LAD,1.0,4.0,Final,0.0
2026-04-07,822916,SEA,TEX,George Kirby,Nathan Eovaldi,TEX,0.5040885806083679,0.4959114193916321,,,,,,,0.0,0.0,0.0,0.0,,TEX,3.0,2.0,Final,1.0
2026-04-07,822999,CHC,TB,Javier Assad,Mason Englert,TB,0.5202741622924805,0.4797258377075195,,,,,,,0.0,0.0,0.0,0.0,,CHC,2.0,9.0,Final,0.0
2026-04-07,823235,PHI,SF,Cristopher Sánchez,Robbie Ray,PHI,0.4923266470432281,0.5076733827590942,,,,,,,0.0,0.0,0.0,0.0,,SF,6.0,0.0,Final,0.0
2026-04-07,823402,SD,PIT,Nick Pivetta,Paul Skenes,PIT,0.5134833455085754,0.4865166544914245,,,,,,,0.0,0.0,0.0,0.0,,PIT,7.0,1.0,Final,1.0
2026-04-07,823567,ATH,NYY,Aaron Civale,Cam Schlittler,NYY,0.5201603770256042,0.4798396229743957,,,,,,,0.0,0.0,0.0,0.0,,NYY,5.0,3.0,Final,1.0
2026-04-07,823648,AZ,NYM,Zac Gallen,Freddy Peralta,NYM,0.5181252360343933,0.4818747639656067,,,,,,,0.0,0.0,0.0,0.0,,NYM,4.0,3.0,Final,1.0
2026-04-07,823727,DET,MIN,Tarik Skubal,Taj Bradley,MIN,0.5114126205444336,0.4885873794555664,,,,,,,0.0,0.0,0.0,0.0,,MIN,4.0,2.0,Final,1.0
2026-04-07,823887,CIN,MIA,Andrew Abbott,Sandy Alcantara,CIN,0.491065114736557,0.5089348554611206,,,,,,,0.0,0.0,0.0,0.0,,CIN,3.0,6.0,Final,1.0
2026-04-07,824051,ATL,LAA,Reynaldo López,Yusei Kikuchi,ATL,0.4829235374927521,0.5170764923095703,,,,,,,0.0,0.0,0.0,0.0,,ATL,2.0,7.0,Final,1.0
2026-04-07,824375,HOU,COL,Mike Burrows,Kyle Freeland,HOU,0.478682279586792,0.521317720413208,,,,,,,0.0,0.0,0.0,0.0,,COL,5.0,1.0,Final,0.0
2026-04-07,824457,KC,CLE,Noah Cameron,Gavin Williams,KC,0.4894479811191559,0.5105520486831665,,,,,,,0.0,0.0,0.0,0.0,,CLE,2.0,1.0,Final,0.0
2026-04-07,824618,BAL,CWS,Trevor Rogers,Shane Smith,CWS,0.5284329056739807,0.4715670943260193,,,,,,,0.0,0.0,0.0,0.0,,BAL,2.0,4.0,Final,0.0
2026-04-07,824780,MIL,BOS,Jacob Misiorowski,Garrett Crochet,BOS,0.5073089599609375,0.4926910400390625,,,,,,,0.0,0.0,0.0,0.0,,BOS,3.0,2.0,Final,1.0
2026-04-08,822753,STL,WSH,Michael McGreevy,Miles Mikolas,WSH,0.5183840394020081,0.4816159605979919,,,,,,,0.0,0.0,0.0,0.0,,STL,1.0,6.0,Final,0.0
2026-04-08,822833,LAD,TOR,Shohei Ohtani,Dylan Cease,TOR,0.510661780834198,0.489338219165802,,,,,,,0.0,0.0,0.0,0.0,,TOR,4.0,3.0,Final,1.0
2026-04-08,822915,SEA,TEX,Bryan Woo,MacKenzie Gore,TEX,0.5040885806083679,0.4959114193916321,,,,,,,0.0,0.0,0.0,0.0,,TEX,3.0,0.0,Final,1.0
2026-04-08,823000,CHC,TB,Colin Rea,Joe Boyle,TB,0.5202741622924805,0.4797258377075195,,,,,,,0.0,0.0,0.0,0.0,,CHC,2.0,6.0,Final,0.0
2026-04-08,823234,PHI,SF,Aaron Nola,Tyler Mahle,PHI,0.4923266470432281,0.5076733827590942,,,,,,,0.0,0.0,0.0,0.0,,SF,5.0,0.0,Final,0.0
2026-04-08,823403,SD,PIT,Michael King,Mitch Keller,PIT,0.5134833455085754,0.4865166544914245,,,,,,,0.0,0.0,0.0,0.0,,SD,2.0,8.0,Final,0.0
2026-04-08,823564,ATH,NYY,Luis Severino,Will Warren,NYY,0.5201603770256042,0.4798396229743957,,,,,,,0.0,0.0,0.0,0.0,,ATH,2.0,3.0,Final,0.0
2026-04-08,823646,AZ,NYM,Ryne Nelson,David Peterson,NYM,0.5181252360343933,0.4818747639656067,,,,,,,0.0,0.0,0.0,0.0,,AZ,2.0,7.0,Final,0.0
2026-04-08,823726,DET,MIN,Framber Valdez,Bailey Ober,MIN,0.5114126205444336,0.4885873794555664,,,,,,,0.0,0.0,0.0,0.0,,MIN,8.0,6.0,Final,1.0
2026-04-08,823885,CIN,MIA,Brady Singer,Eury Pérez,CIN,0.491065114736557,0.5089348554611206,,,,,,,0.0,0.0,0.0,0.0,,MIA,7.0,4.0,Final,0.0
2026-04-08,824050,ATL,LAA,Grant Holmes,Reid Detmers,ATL,0.4829235374927521,0.5170764923095703,,,,,,,0.0,0.0,0.0,0.0,,ATL,2.0,8.0,Final,1.0
2026-04-08,824374,HOU,COL,Cristian Javier,Michael Lorenzen,HOU,0.478682279586792,0.521317720413208,,,,,,,0.0,0.0,0.0,0.0,,COL,9.0,1.0,Final,0.0
2026-04-08,824455,KC,CLE,Cole Ragans,Joey Cantillo,KC,0.4894479811191559,0.5105520486831665,,,,,,,0.0,0.0,0.0,0.0,,CLE,10.0,2.0,Final,0.0
2026-04-08,824617,BAL,CWS,Kyle Bradish,Sean Burke,CWS,0.5284329056739807,0.4715670943260193,,,,,,,0.0,0.0,0.0,0.0,,BAL,3.0,5.0,Final,0.0
2026-04-08,824779,MIL,BOS,Shane Drohan,Sonny Gray,BOS,0.5073089599609375,0.4926910400390625,,,,,,,0.0,0.0,0.0,0.0,,BOS,5.0,0.0,Final,1.0
2026-04-09,823319,COL,SD,Jimmy Herget,Randy Vásquez,SD,0.5330512523651123,0.4669487476348877,,,,,,,0.0,0.0,0.0,0.0,,SD,7.0,3.0,Final,1.0
2026-04-09,823565,ATH,NYY,Jeffrey Springs,Ryan Weathers,NYY,0.5201603770256042,0.4798396229743957,,,,,,,0.0,0.0,0.0,0.0,,ATH,0.0,1.0,Final,0.0
2026-04-09,823645,AZ,NYM,Eduardo Rodriguez,Nolan McLean,NYM,0.5181252360343933,0.4818747639656067,,,,,,,0.0,0.0,0.0,0.0,,AZ,1.0,7.0,Final,0.0
2026-04-09,823724,DET,MIN,Jack Flaherty,Mick Abel,MIN,0.5114126205444336,0.4885873794555664,,,,,,,0.0,0.0,0.0,0.0,,MIN,3.0,1.0,Final,1.0
2026-04-09,823884,CIN,MIA,Rhett Lowder,Max Meyer,CIN,0.491065114736557,0.5089348554611206,,,,,,,0.0,0.0,0.0,0.0,,MIA,8.0,1.0,Final,0.0
2026-04-09,824130,CWS,KC,Anthony Kay,Seth Lugo,KC,0.5280519127845764,0.4719480872154236,,,,,,,0.0,0.0,0.0,0.0,,CWS,0.0,2.0,Final,0.0
2026-04-10,822829,MIN,TOR,Simeon Woods Richardson,Patrick Corbin,TOR,0.523647129535675,0.4763528704643249,,,,,,,0.0,0.0,0.0,0.0,,TOR,10.0,4.0,Final,1.0
2026-04-10,822997,NYY,TB,Luis Gil,Steven Matz,TB,0.5058238506317139,0.4941761493682861,,,,,,,0.0,0.0,0.0,0.0,,TB,5.0,3.0,Final,1.0
2026-04-10,823076,BOS,STL,Connelly Early,Dustin May,BOS,0.4834640622138977,0.5165359377861023,,,,,,,0.0,0.0,0.0,0.0,,STL,3.0,2.0,Final,0.0
2026-04-10,823156,HOU,SEA,Tatsuya Imai,Emerson Hancock,SEA,0.5272068977355957,0.4727931022644043,,,,,,,0.0,0.0,0.0,0.0,,SEA,9.0,6.0,Final,1.0
2026-04-10,823318,COL,SD,Tomoyuki Sugano,Walker Buehler,SD,0.5330512523651123,0.4669487476348877,,,,,,,0.0,0.0,0.0,0.0,,SD,5.0,2.0,Final,1.0
2026-04-10,823482,AZ,PHI,Michael Soroka,Jesús Luzardo,PHI,0.5250247120857239,0.4749752879142761,,,,,,,0.0,0.0,0.0,0.0,,AZ,4.0,5.0,Final,0.0
2026-04-10,823643,ATH,NYM,J.T. Ginn,Clay Holmes,NYM,0.5075726509094238,0.4924273490905761,,,,,,,0.0,0.0,0.0,0.0,,ATH,0.0,4.0,Final,0.0
2026-04-10,823808,WSH,MIL,Jake Irvin,Aaron Ashby,MIL,0.5331016182899475,0.4668983817100525,,,,,,,0.0,0.0,0.0,0.0,,WSH,3.0,7.0,Final,0.0
2026-04-10,823968,TEX,LAD,Kumar Rocker,Tyler Glasnow,LAD,0.5036473870277405,0.4963526129722595,,,,,,,0.0,0.0,0.0,0.0,,LAD,8.0,7.0,Final,1.0
2026-04-10,824128,CWS,KC,Davis Martin,Kris Bubic,KC,0.5280519127845764,0.4719480872154236,,,,,,,0.0,0.0,0.0,0.0,,KC,2.0,0.0,Final,1.0
2026-04-10,824297,MIA,DET,Chris Paddack,Keider Montero,DET,0.5311055183410645,0.4688944816589355,,,,,,,0.0,0.0,0.0,0.0,,DET,2.0,0.0,Final,1.0
2026-04-10,824534,LAA,CIN,Jack Kochanowicz,Chase Burns,CIN,0.5360692143440247,0.4639307856559753,,,,,,,0.0,0.0,0.0,0.0,,LAA,2.0,10.0,Final,0.0
2026-04-10,824695,PIT,CHC,Carmen Mlodzinski,Shota Imanaga,CHC,0.5016360282897949,0.4983639717102051,,,,,,,0.0,0.0,0.0,0.0,,PIT,0.0,2.0,Final,0.0
2026-04-10,824858,SF,BAL,Landen Roupp,Shane Baz,BAL,0.5014470815658569,0.498552918434143,,,,,,,0.0,0.0,0.0,0.0,,SF,3.0,6.0,Final,0.0
2026-04-10,824941,CLE,ATL,Slade Cecconi,Bryce Elder,ATL,0.5185412168502808,0.4814587831497192,,,,,,,0.0,0.0,0.0,0.0,,ATL,11.0,5.0,Final,1.0
2026-04-11,822830,MIN,TOR,Joe Ryan,Eric Lauer,TOR,0.523647129535675,0.4763528704643249,,,,,,,0.0,0.0,0.0,0.0,,MIN,4.0,7.0,Final,0.0
2026-04-11,822996,NYY,TB,Max Fried,Nick Martinez,TB,0.5058238506317139,0.4941761493682861,,,,,,,0.0,0.0,0.0,0.0,,TB,5.0,4.0,Final,1.0
2026-04-11,823074,BOS,STL,Ranger Suarez,Kyle Leahy,BOS,0.4834640622138977,0.5165359377861023,,,,,,,0.0,0.0,0.0,0.0,,BOS,1.0,7.0,Final,1.0
2026-04-11,823155,HOU,SEA,Lance McCullers Jr.,Luis Castillo,SEA,0.5272068977355957,0.4727931022644043,,,,,,,0.0,0.0,0.0,0.0,,SEA,8.0,7.0,Final,1.0
2026-04-11,823316,COL,SD,Ryan Feltner,Germán Márquez,SD,0.5330512523651123,0.4669487476348877,,,,,,,0.0,0.0,0.0,0.0,,SD,9.0,5.0,Final,1.0
2026-04-11,823480,AZ,PHI,Brandon Pfaadt,Taijuan Walker,PHI,0.5250247120857239,0.4749752879142761,,,,,,,0.0,0.0,0.0,0.0,,PHI,4.0,3.0,Final,1.0
2026-04-11,823644,ATH,NYM,Jacob Lopez,Kodai Senga,NYM,0.5075726509094238,0.4924273490905761,,,,,,,0.0,0.0,0.0,0.0,,ATH,6.0,11.0,Final,0.0
2026-04-11,823805,WSH,MIL,Foster Griffin,Kyle Harrison,MIL,0.5331016182899475,0.4668983817100525,,,,,,,0.0,0.0,0.0,0.0,,WSH,1.0,3.0,Final,0.0
2026-04-11,823967,TEX,LAD,Jack Leiter,Emmet Sheehan,LAD,0.5036473870277405,0.4963526129722595,,,,,,,0.0,0.0,0.0,0.0,,LAD,6.0,3.0,Final,1.0
2026-04-11,824129,CWS,KC,Erick Fedde,Michael Wacha,KC,0.5280519127845764,0.4719480872154236,,,,,,,0.0,0.0,0.0,0.0,,KC,2.0,0.0,Final,1.0
2026-04-11,824294,MIA,DET,Janson Junk,Casey Mize,DET,0.5311055183410645,0.4688944816589355,,,,,,,0.0,0.0,0.0,0.0,,DET,6.0,1.0,Final,1.0
2026-04-11,824535,LAA,CIN,George Klassen,Brandon Williamson,CIN,0.5360692143440247,0.4639307856559753,,,,,,,0.0,0.0,0.0,0.0,,CIN,7.0,3.0,Final,1.0
2026-04-11,824697,PIT,CHC,Braxton Ashcraft,Edward Cabrera,CHC,0.5016360282897949,0.4983639717102051,,,,,,,0.0,0.0,0.0,0.0,,PIT,3.0,4.0,Final,0.0
2026-04-11,824857,SF,BAL,Logan Webb,Chris Bassitt,BAL,0.5014470815658569,0.498552918434143,,,,,,,0.0,0.0,0.0,0.0,,BAL,6.0,2.0,Final,1.0
2026-04-11,824939,CLE,ATL,Parker Messick,Martín Pérez,ATL,0.5185412168502808,0.4814587831497192,,,,,,,0.0,0.0,0.0,0.0,,CLE,0.0,6.0,Final,0.0
2026-04-12,822828,MIN,TOR,Taj Bradley,Max Scherzer,TOR,0.523647129535675,0.4763528704643249,,,,,,,0.0,0.0,0.0,0.0,,MIN,2.0,8.0,Final,0.0
2026-04-12,822998,NYY,TB,Cam Schlittler,Drew Rasmussen,TB,0.5058238506317139,0.4941761493682861,,,,,,,0.0,0.0,0.0,0.0,,TB,5.0,4.0,Final,1.0
2026-04-12,823075,BOS,STL,Brayan Bello,Andre Pallante,BOS,0.4834640622138977,0.5165359377861023,,,,,,,0.0,0.0,0.0,0.0,,BOS,3.0,9.0,Final,1.0
2026-04-12,823154,HOU,SEA,Cody Bolton,Logan Gilbert,SEA,0.5272068977355957,0.4727931022644043,,,,,,,0.0,0.0,0.0,0.0,,SEA,6.0,1.0,Final,1.0
2026-04-12,823317,COL,SD,Kyle Freeland,Nick Pivetta,SD,0.5330512523651123,0.4669487476348877,,,,,,,0.0,0.0,0.0,0.0,,SD,7.0,2.0,Final,1.0
2026-04-12,823479,AZ,PHI,Zac Gallen,Zach Pop,PHI,0.5250247120857239,0.4749752879142761,,,,,,,0.0,0.0,0.0,0.0,,AZ,3.0,4.0,Final,0.0
2026-04-12,823642,ATH,NYM,Aaron Civale,Freddy Peralta,NYM,0.5075726509094238,0.4924273490905761,,,,,,,0.0,0.0,0.0,0.0,,ATH,0.0,1.0,Final,0.0
2026-04-12,823804,WSH,MIL,Zack Littell,Brandon Woodruff,MIL,0.5331016182899475,0.4668983817100525,,,,,,,0.0,0.0,0.0,0.0,,WSH,6.0,8.0,Final,0.0
2026-04-12,823966,TEX,LAD,Jacob deGrom,Roki Sasaki,LAD,0.5036473870277405,0.4963526129722595,,,,,,,0.0,0.0,0.0,0.0,,TEX,2.0,5.0,Final,0.0
2026-04-12,824126,CWS,KC,Grant Taylor,Noah Cameron,KC,0.5280519127845764,0.4719480872154236,,,,,,,0.0,0.0,0.0,0.0,,CWS,5.0,6.0,Final,0.0
2026-04-12,824293,MIA,DET,Sandy Alcantara,Tarik Skubal,DET,0.5311055183410645,0.4688944816589355,,,,,,,0.0,0.0,0.0,0.0,,DET,8.0,2.0,Final,1.0
2026-04-12,824533,LAA,CIN,José Soriano,Andrew Abbott,CIN,0.5360692143440247,0.4639307856559753,,,,,,,0.0,0.0,0.0,0.0,,LAA,6.0,9.0,Final,0.0
2026-04-12,824696,PIT,CHC,Bubba Chandler,Jameson Taillon,CHC,0.5016360282897949,0.4983639717102051,,,,,,,0.0,0.0,0.0,0.0,,CHC,7.0,6.0,Final,1.0
2026-04-12,824859,SF,BAL,Adrian Houser,Cade Povich,BAL,0.5014470815658569,0.498552918434143,,,,,,,0.0,0.0,0.0,0.0,,BAL,6.0,2.0,Final,1.0
2026-04-12,824938,CLE,ATL,Tanner Bibee,Chris Sale,ATL,0.5185412168502808,0.4814587831497192,,,,,,,0.0,0.0,0.0,0.0,,ATL,13.0,1.0,Final,1.0
2026-04-13,823073,CLE,STL,Gavin Williams,Matthew Liberatore,CLE,0.4986132681369781,0.5013867616653442,2026-04-13T23:45:00Z,,,,,False,0.0,0.0,0.0,0.0,,CLE,3.0,9.0,Final,1.0
2026-04-13,823153,HOU,SEA,Mike Burrows,George Kirby,SEA,0.5272068977355957,0.4727931022644043,2026-04-13T20:10:00Z,,,,,False,0.0,0.0,0.0,0.0,,SEA,6.0,2.0,Final,1.0
2026-04-13,823400,WSH,PIT,PJ Poulin,Paul Skenes,PIT,0.5161270499229431,0.4838729500770569,2026-04-13T22:40:00Z,,,,,False,0.0,0.0,0.0,0.0,,PIT,16.0,5.0,Final,1.0
2026-04-13,823481,CHC,PHI,Javier Assad,Cristopher Sánchez,PHI,0.527944028377533,0.472055971622467,2026-04-13T22:40:00Z,,,,,False,0.0,0.0,0.0,0.0,,PHI,13.0,7.0,Final,1.0
2026-04-13,823563,LAA,NYY,Yusei Kikuchi,Will Warren,NYY,0.5367843508720398,0.4632156491279602,2026-04-13T23:05:00Z,,,,,False,0.0,0.0,0.0,0.0,,NYY,11.0,10.0,Final,1.0
2026-04-13,823725,BOS,MIN,Garrett Crochet,Bailey Ober,MIN,0.5059581995010376,0.4940418004989624,2026-04-13T23:40:00Z,,,,,False,0.0,0.0,0.0,0.0,,MIN,13.0,6.0,Final,1.0
2026-04-13,823964,NYM,LAD,David Peterson,Justin Wrobleski,LAD,0.506974995136261,0.493025004863739,2026-04-14T02:10:00Z,,,,,False,0.0,0.0,0.0,0.0,,LAD,4.0,0.0,Final,1.0
2026-04-13,824856,AZ,BAL,Ryne Nelson,Dean Kremer,AZ,0.4829743206501007,0.5170257091522217,2026-04-13T22:35:00Z,,,,,False,0.0,0.0,0.0,0.0,,BAL,9.0,7.0,Final,0.0
2026-04-13,824937,MIA,ATL,Eury Pérez,Grant Holmes,ATL,0.512153148651123,0.4878468513488769,2026-04-13T23:15:00Z,,,,,False,0.0,0.0,0.0,0.0,,MIA,4.0,10.0,Final,0.0
2026-04-13,825024,TEX,ATH,Nathan Eovaldi,Luis Severino,ATH,0.5055260062217712,0.4944739937782287,2026-04-14T01:40:00Z,,,,,False,0.0,0.0,0.0,0.0,,TEX,1.0,8.0,Final,0.0
2026-04-14,823072,CLE,STL,Joey Cantillo,Michael McGreevy,CLE,0.4986132681369781,0.5013867616653442,2026-04-14T23:45:00Z,,,,,False,0.0,0.0,0.0,0.0,,STL,6.0,5.0,Final,0.0
2026-04-14,823315,SEA,SD,Bryan Woo,Michael King,SD,0.5039066672325134,0.4960933327674866,2026-04-15T01:40:00Z,,,,,False,0.0,0.0,0.0,0.0,,SD,4.0,1.0,Final,1.0
2026-04-14,823398,WSH,PIT,PJ Poulin,Mitch Keller,PIT,0.5161270499229431,0.4838729500770569,2026-04-14T22:40:00Z,,,,,False,0.0,0.0,0.0,0.0,,WSH,4.0,5.0,Final,0.0
2026-04-14,823478,CHC,PHI,Riley Martin,Aaron Nola,PHI,0.527944028377533,0.472055971622467,2026-04-14T22:40:00Z,,,,,False,0.0,0.0,0.0,0.0,,CHC,4.0,10.0,Final,0.0
2026-04-14,823562,LAA,NYY,Reid Detmers,Ryan Weathers,NYY,0.5367843508720398,0.4632156491279602,2026-04-14T23:05:00Z,,,,,False,0.0,0.0,0.0,0.0,,LAA,1.0,7.0,Final,0.0
2026-04-14,823723,BOS,MIN,Sonny Gray,Mick Abel,MIN,0.5059581995010376,0.4940418004989624,2026-04-14T23:40:00Z,,,,,False,0.0,0.0,0.0,0.0,,MIN,6.0,0.0,Final,1.0
2026-04-14,823802,TOR,MIL,Kevin Gausman,Jacob Misiorowski,MIL,0.5154504179954529,0.4845495820045471,2026-04-14T23:40:00Z,,,,,False,0.0,0.0,0.0,0.0,,TOR,7.0,9.0,Final,0.0
2026-04-14,823965,NYM,LAD,Nolan McLean,Yoshinobu Yamamoto,LAD,0.506974995136261,0.493025004863739,2026-04-15T02:10:00Z,,,,,False,0.0,0.0,0.0,0.0,,LAD,2.0,1.0,Final,1.0
2026-04-14,824210,COL,HOU,Michael Lorenzen,Spencer Arrighetti,HOU,0.5419560670852661,0.4580439329147339,2026-04-15T00:10:00Z,,,,,False,0.0,0.0,0.0,0.0,,HOU,7.0,6.0,Final,1.0
2026-04-14,824292,KC,DET,Cole Ragans,Framber Valdez,DET,0.5033546090126038,0.4966453909873962,2026-04-14T22:40:00Z,,,,,False,0.0,0.0,0.0,0.0,,DET,2.0,1.0,Final,1.0
2026-04-14,824531,SF,CIN,Robbie Ray,Brady Singer,CIN,0.504192054271698,0.495807945728302,2026-04-14T22:40:00Z,,,,,False,0.0,0.0,0.0,0.0,,CIN,2.0,1.0,Final,1.0
2026-04-14,824616,TB,CWS,Shane McClanahan,Noah Schultz,TB,0.48157998919487,0.5184199810028076,2026-04-14T23:40:00Z,,,,,False,0.0,0.0,0.0,0.0,,TB,5.0,8.0,Final,1.0
2026-04-14,824853,AZ,BAL,Merrill Kelly,Trevor Rogers,AZ,0.4829743206501007,0.5170257091522217,2026-04-14T22:35:00Z,,,,,False,0.0,0.0,0.0,0.0,,AZ,3.0,4.0,Final,1.0
2026-04-14,824935,MIA,ATL,Max Meyer,Reynaldo López,ATL,0.512153148651123,0.4878468513488769,2026-04-14T23:15:00Z,,,,,False,0.0,0.0,0.0,0.0,,ATL,6.0,5.0,Final,1.0
2026-04-14,825022,TEX,ATH,MacKenzie Gore,Jeffrey Springs,ATH,0.5055260062217712,0.4944739937782287,2026-04-15T01:40:00Z,,,,,False,0.0,0.0,0.0,0.0,,ATH,2.0,1.0,Final,1.0
2026-04-15,823071,CLE,STL,Slade Cecconi,Dustin May,CLE,0.4986132681369781,0.5013867616653442,2026-04-15T17:15:00Z,,,,,False,0.0,0.0,0.0,0.0,,STL,5.0,3.0,Final,0.0
2026-04-15,823314,SEA,SD,Emerson Hancock,Randy Vásquez,SD,0.5039066672325134,0.4960933327674866,2026-04-16T01:40:00Z,,,,,False,0.0,0.0,0.0,0.0,,SD,7.0,6.0,Final,1.0
2026-04-15,823399,WSH,PIT,Jake Irvin,Mason Montgomery,PIT,0.5161270499229431,0.4838729500770569,2026-04-15T22:40:00Z,,,,,False,0.0,0.0,0.0,0.0,,PIT,2.0,0.0,Final,1.0
2026-04-15,823477,CHC,PHI,Shota Imanaga,Jesús Luzardo,PHI,0.527944028377533,0.472055971622467,2026-04-15T22:40:00Z,,,,,False,0.0,0.0,0.0,0.0,,CHC,2.0,11.0,Final,0.0
2026-04-15,823561,LAA,NYY,Jack Kochanowicz,Luis Gil,NYY,0.5367843508720398,0.4632156491279602,2026-04-15T23:05:00Z,,,,,False,0.0,0.0,0.0,0.0,,NYY,5.0,4.0,Final,1.0
2026-04-15,823722,BOS,MIN,Connelly Early,Simeon Woods Richardson,MIN,0.5059581995010376,0.4940418004989624,2026-04-15T17:40:00Z,,,,,False,0.0,0.0,0.0,0.0,,BOS,5.0,9.0,Final,0.0
2026-04-15,823803,TOR,MIL,Dylan Cease,Chad Patrick,MIL,0.5154504179954529,0.4845495820045471,2026-04-15T23:40:00Z,,,,,False,0.0,0.0,0.0,0.0,,MIL,2.0,1.0,Final,1.0
2026-04-15,823963,NYM,LAD,Clay Holmes,Shohei Ohtani,LAD,0.506974995136261,0.493025004863739,2026-04-16T02:10:00Z,,,,,False,0.0,0.0,0.0,0.0,,LAD,8.0,2.0,Final,1.0
2026-04-15,824209,COL,HOU,Jose Quintana,Spencer Arrighetti,HOU,0.5419560670852661,0.4580439329147339,2026-04-16T00:10:00Z,,,,,False,0.0,0.0,0.0,0.0,,HOU,3.0,1.0,Final,1.0
2026-04-15,824291,KC,DET,Seth Lugo,Jack Flaherty,DET,0.5033546090126038,0.4966453909873962,2026-04-15T22:40:00Z,,,,,False,0.0,0.0,0.0,0.0,,DET,2.0,1.0,Final,1.0
2026-04-15,824532,SF,CIN,Tyler Mahle,Rhett Lowder,CIN,0.504192054271698,0.495807945728302,2026-04-15T22:40:00Z,,,,,False,0.0,0.0,0.0,0.0,,CIN,8.0,3.0,Final,1.0
2026-04-15,824615,TB,CWS,Jesse Scholtens,Sean Burke,TB,0.48157998919487,0.5184199810028076,2026-04-15T23:40:00Z,,,,,False,0.0,0.0,0.0,0.0,,TB,3.0,8.0,Final,1.0
2026-04-15,824855,AZ,BAL,Eduardo Rodriguez,Kyle Bradish,AZ,0.4829743206501007,0.5170257091522217,2026-04-15T16:35:00Z,,,,,False,0.0,0.0,0.0,0.0,,AZ,5.0,8.0,Final,1.0
2026-04-15,824936,MIA,ATL,Chris Paddack,Bryce Elder,ATL,0.512153148651123,0.4878468513488769,2026-04-15T23:15:00Z,,,,,False,0.0,0.0,0.0,0.0,,ATL,6.0,3.0,Final,1.0
2026-04-15,825021,TEX,ATH,Kumar Rocker,J.T. Ginn,ATH,0.5055260062217712,0.4944739937782287,2026-04-16T01:40:00Z,,,,,False,0.0,0.0,0.0,0.0,,ATH,6.0,5.0,Final,1.0
2026-04-16,823313,SEA,SD,Luis Castillo,Walker Buehler,SD,0.5039066672325134,0.4960933327674866,2026-04-17T00:40:00Z,,,,,False,0.0,0.0,0.0,0.0,,SD,5.0,2.0,Final,1.0
2026-04-16,823396,WSH,PIT,Foster Griffin,Braxton Ashcraft,PIT,0.5161270499229431,0.4838729500770569,2026-04-16T16:35:00Z,,,,,False,0.0,0.0,0.0,0.0,,WSH,7.0,8.0,Final,0.0
2026-04-16,823560,LAA,NYY,Brent Suter,Max Fried,NYY,0.5367843508720398,0.4632156491279602,2026-04-16T17:35:00Z,,,,,False,0.0,0.0,0.0,0.0,,LAA,4.0,11.0,Final,0.0
2026-04-16,823801,TOR,MIL,Patrick Corbin,Brandon Sproat,MIL,0.5154504179954529,0.4845495820045471,2026-04-16T17:40:00Z,,,,,False,0.0,0.0,0.0,0.0,,MIL,2.0,1.0,Final,1.0
2026-04-16,824208,COL,HOU,Juan Mejia,Ryan Weiss,HOU,0.5419560670852661,0.4580439329147339,2026-04-17T00:10:00Z,,,,,False,0.0,0.0,0.0,0.0,,COL,2.0,3.0,Final,0.0
2026-04-16,824289,KC,DET,Kris Bubic,Keider Montero,DET,0.5033546090126038,0.4966453909873962,2026-04-16T17:10:00Z,,,,,False,0.0,0.0,0.0,0.0,,DET,10.0,9.0,Final,1.0
2026-04-16,824453,BAL,CLE,Shane Baz,Parker Messick,CLE,0.5068958401679993,0.4931041598320007,2026-04-16T22:10:00Z,,,,,False,0.0,0.0,0.0,0.0,,CLE,4.0,2.0,Final,1.0
2026-04-16,824530,SF,CIN,Landen Roupp,Chase Burns,CIN,0.504192054271698,0.495807945728302,2026-04-16T16:40:00Z,,,,,False,0.0,0.0,0.0,0.0,,SF,0.0,3.0,Final,0.0
2026-04-16,824614,TB,CWS,Steven Matz,Jordan Leasure,TB,0.48157998919487,0.5184199810028076,2026-04-16T18:10:00Z,,,,,False,0.0,0.0,0.0,0.0,,TB,3.0,5.0,Final,1.0
2026-04-16,825023,TEX,ATH,Jack Leiter,Jacob Lopez,ATH,0.5055260062217712,0.4944739937782287,2026-04-16T19:05:00Z,,,,,False,0.0,0.0,0.0,0.0,,TEX,6.0,9.0,Final,0.0
2026-04-17,822752,SF,WSH,Logan Webb,Zack Littell,WSH,0.5035784244537354,0.4964215755462646,2026-04-17T22:45:00Z,,,,,False,0.0,0.0,0.0,0.0,,SF,5.0,10.0,Final,0.0
2026-04-17,823152,TEX,SEA,Jacob deGrom,Logan Gilbert,SEA,0.505785346031189,0.494214653968811,2026-04-18T01:40:00Z,,,,,False,0.0,0.0,0.0,0.0,,TEX,0.0,5.0,Final,0.0
2026-04-17,823397,TB,PIT,Nick Martinez,Bubba Chandler,TB,0.4896962940692901,0.5103037357330322,2026-04-17T22:45:00Z,,,,,False,0.0,0.0,0.0,0.0,,PIT,5.0,1.0,Final,0.0
2026-04-17,823476,ATL,PHI,Martín Pérez,Taijuan Walker,PHI,0.52203369140625,0.47796630859375,2026-04-17T22:40:00Z,,,,,False,0.0,0.0,0.0,0.0,,ATL,0.0,9.0,Final,0.0
2026-04-17,823559,KC,NYY,Michael Wacha,Cam Schlittler,NYY,0.5280814170837402,0.4719185829162597,2026-04-17T23:05:00Z,,,,,False,0.0,0.0,0.0,0.0,,NYY,4.0,2.0,Final,1.0
2026-04-17,823720,CIN,MIN,Brandon Williamson,Joe Ryan,MIN,0.5026392936706543,0.4973607063293457,2026-04-18T00:10:00Z,,,,,False,0.0,0.0,0.0,0.0,,CIN,1.0,2.0,Final,0.0
2026-04-17,823883,MIL,MIA,Coleman Crow,Janson Junk,MIA,0.5042563080787659,0.4957436919212341,2026-04-17T23:10:00Z,,,,,False,0.0,0.0,0.0,0.0,,MIL,5.0,7.0,Final,0.0
2026-04-17,824048,SD,LAA,Matt Waldron,José Soriano,SD,0.4882585406303406,0.5117414593696594,2026-04-18T01:38:00Z,,,,,False,0.0,0.0,0.0,0.0,,LAA,8.0,0.0,Final,0.0
2026-04-17,824207,STL,HOU,Kyle Leahy,Peter Lambert,HOU,0.5260063409805298,0.4739936590194702,2026-04-18T00:10:00Z,,,,,False,0.0,0.0,0.0,0.0,,STL,4.0,9.0,Final,0.0
2026-04-17,824373,LAD,COL,Tyler Glasnow,Tomoyuki Sugano,LAD,0.4874558448791504,0.5125441551208496,2026-04-18T00:40:00Z,,,,,False,0.0,0.0,0.0,0.0,,LAD,1.0,7.0,Final,1.0
2026-04-17,824454,BAL,CLE,Chris Bassitt,Tanner Bibee,CLE,0.5068958401679993,0.4931041598320007,2026-04-17T22:10:00Z,,,,,False,0.0,0.0,0.0,0.0,,BAL,4.0,6.0,Final,0.0
2026-04-17,824693,NYM,CHC,Kodai Senga,Edward Cabrera,CHC,0.506773829460144,0.4932261705398559,2026-04-17T18:20:00Z,,,,,False,0.0,0.0,0.0,0.0,,CHC,12.0,4.0,Final,1.0
2026-04-17,824778,DET,BOS,Casey Mize,Ranger Suarez,BOS,0.5039143562316895,0.4960856437683105,2026-04-17T23:15:00Z,,,,,False,0.0,0.0,0.0,0.0,,BOS,1.0,0.0,Final,1.0
2026-04-17,825019,CWS,ATH,Davis Martin,Aaron Civale,ATH,0.517196536064148,0.482803463935852,2026-04-18T01:40:00Z,,,,,False,0.0,0.0,0.0,0.0,,CWS,2.0,9.0,Final,0.0
2026-04-17,825101,TOR,AZ,Braydon Fisher,Michael Soroka,AZ,0.523373544216156,0.476626455783844,2026-04-18T01:40:00Z,,,,,False,0.0,0.0,0.0,0.0,,AZ,6.0,3.0,Final,1.0
2026-04-18,822751,SF,WSH,Adrian Houser,Cade Cavalli,WSH,0.5035784244537354,0.4964215755462646,2026-04-18T20:05:00Z,,,,,False,0.0,0.0,0.0,0.0,,SF,6.0,7.0,Final,0.0
2026-04-18,823151,TEX,SEA,Nathan Eovaldi,George Kirby,SEA,0.505785346031189,0.494214653968811,2026-04-18T23:15:00Z,,,,,False,0.0,0.0,0.0,0.0,,SEA,7.0,3.0,Final,1.0
2026-04-18,823394,TB,PIT,Drew Rasmussen,Paul Skenes,TB,0.4896962940692901,0.5103037357330322,2026-04-18T19:30:00Z,,,,,False,0.0,0.0,0.0,0.0,,TB,7.0,8.0,Final,1.0
2026-04-18,823474,ATL,PHI,Chris Sale,Cristopher Sánchez,PHI,0.52203369140625,0.47796630859375,2026-04-18T23:15:00Z,,,,,False,0.0,0.0,0.0,0.0,,ATL,1.0,3.0,Final,0.0
2026-04-18,823558,KC,NYY,Noah Cameron,Will Warren,NYY,0.5280814170837402,0.4719185829162597,2026-04-18T17:35:00Z,,,,,False,0.0,0.0,0.0,0.0,,NYY,13.0,4.0,Final,1.0
2026-04-18,823721,CIN,MIN,Andrew Abbott,Taj Bradley,MIN,0.5026392936706543,0.4973607063293457,2026-04-18T18:10:00Z,,,,,False,0.0,0.0,0.0,0.0,,CIN,4.0,5.0,Final,0.0
2026-04-18,823882,MIL,MIA,Brandon Woodruff,Sandy Alcantara,MIA,0.5042563080787659,0.4957436919212341,2026-04-18T20:10:00Z,,,,,False,0.0,0.0,0.0,0.0,,MIL,2.0,5.0,Final,0.0
2026-04-18,824049,SD,LAA,Germán Márquez,Yusei Kikuchi,SD,0.4882585406303406,0.5117414593696594,2026-04-19T01:38:00Z,,,,,False,0.0,0.0,0.0,0.0,,SD,1.0,4.0,Final,1.0
2026-04-18,824206,STL,HOU,Andre Pallante,Lance McCullers Jr.,HOU,0.5260063409805298,0.4739936590194702,2026-04-18T23:10:00Z,,,,,False,0.0,0.0,0.0,0.0,,STL,5.0,7.0,Final,0.0
2026-04-18,824372,LAD,COL,Emmet Sheehan,Ryan Feltner,LAD,0.4874558448791504,0.5125441551208496,2026-04-19T00:10:00Z,,,,,False,0.0,0.0,0.0,0.0,,COL,4.0,3.0,Final,0.0
2026-04-18,824451,BAL,CLE,Dean Kremer,Gavin Williams,CLE,0.5068958401679993,0.4931041598320007,2026-04-18T22:10:00Z,,,,,False,0.0,0.0,0.0,0.0,,CLE,4.0,2.0,Final,1.0
2026-04-18,824694,NYM,CHC,Freddy Peralta,Jameson Taillon,CHC,0.506773829460144,0.4932261705398559,2026-04-18T18:20:00Z,,,,,False,0.0,0.0,0.0,0.0,,CHC,4.0,2.0,Final,1.0
2026-04-18,824775,DET,BOS,Tarik Skubal,Brayan Bello,BOS,0.5039143562316895,0.4960856437683105,2026-04-18T20:10:00Z,,,,,False,0.0,0.0,0.0,0.0,,DET,1.0,4.0,Final,0.0
2026-04-18,825020,CWS,ATH,Erick Fedde,Luis Severino,ATH,0.517196536064148,0.482803463935852,2026-04-18T20:05:00Z,,,,,False,0.0,0.0,0.0,0.0,,ATH,7.0,6.0,Final,1.0
2026-04-18,825098,TOR,AZ,Max Scherzer,Zac Gallen,AZ,0.523373544216156,0.476626455783844,2026-04-19T00:10:00Z,,,,,False,0.0,0.0,0.0,0.0,,AZ,6.0,2.0,Final,1.0
2026-04-19,822750,SF,WSH,Robbie Ray,PJ Poulin,WSH,0.5035784244537354,0.4964215755462646,2026-04-19T17:35:00Z,,,,,False,0.0,0.0,0.0,0.0,,WSH,3.0,0.0,Final,1.0
2026-04-19,823150,TEX,SEA,MacKenzie Gore,Bryan Woo,SEA,0.505785346031189,0.494214653968811,2026-04-19T20:10:00Z,,,,,False,0.0,0.0,0.0,0.0,,SEA,5.0,2.0,Final,1.0
2026-04-19,823393,TB,PIT,Shane McClanahan,Mitch Keller,TB,0.4896962940692901,0.5103037357330322,2026-04-19T17:35:00Z,,,,,False,0.0,0.0,0.0,0.0,,PIT,6.0,3.0,Final,0.0
2026-04-19,823475,ATL,PHI,Grant Holmes,Andrew Painter,PHI,0.52203369140625,0.47796630859375,2026-04-19T23:20:00Z,,,,,False,0.0,0.0,0.0,0.0,,ATL,2.0,4.0,Final,0.0
2026-04-19,823556,KC,NYY,Cole Ragans,Ryan Weathers,NYY,0.5280814170837402,0.4719185829162597,2026-04-19T17:35:00Z,,,,,False,0.0,0.0,0.0,0.0,,NYY,7.0,0.0,Final,1.0
2026-04-19,823718,CIN,MIN,Brady Singer,Bailey Ober,MIN,0.5026392936706543,0.4973607063293457,2026-04-19T18:10:00Z,,,,,False,0.0,0.0,0.0,0.0,,CIN,4.0,7.0,Final,0.0
2026-04-19,823881,MIL,MIA,Jacob Misiorowski,Eury Pérez,MIA,0.5042563080787659,0.4957436919212341,2026-04-19T17:40:00Z,,,,,False,0.0,0.0,0.0,0.0,,MIA,5.0,3.0,Final,1.0
2026-04-19,824047,SD,LAA,Michael King,Walbert Urena,SD,0.4882585406303406,0.5117414593696594,2026-04-19T20:07:00Z,,,,,False,0.0,0.0,0.0,0.0,,SD,1.0,2.0,Final,1.0
2026-04-19,824205,STL,HOU,Matthew Liberatore,Mike Burrows,HOU,0.5260063409805298,0.4739936590194702,2026-04-19T18:10:00Z,,,,,False,0.0,0.0,0.0,0.0,,STL,5.0,7.0,Final,0.0
2026-04-19,824371,LAD,COL,Roki Sasaki,Michael Lorenzen,LAD,0.4874558448791504,0.5125441551208496,2026-04-19T19:10:00Z,,,,,False,0.0,0.0,0.0,0.0,,COL,9.0,6.0,Final,0.0
2026-04-19,824452,BAL,CLE,Trevor Rogers,Joey Cantillo,CLE,0.5068958401679993,0.4931041598320007,2026-04-19T17:40:00Z,,,,,False,0.0,0.0,0.0,0.0,,CLE,8.0,4.0,Final,1.0
2026-04-19,824691,NYM,CHC,Tobias Myers,Javier Assad,CHC,0.506773829460144,0.4932261705398559,2026-04-19T18:20:00Z,,,,,False,0.0,0.0,0.0,0.0,,CHC,2.0,1.0,Final,1.0
2026-04-19,824777,DET,BOS,Framber Valdez,Garrett Crochet,BOS,0.5039143562316895,0.4960856437683105,2026-04-19T20:35:00Z,,,,,False,0.0,0.0,0.0,0.0,,DET,2.0,6.0,Final,0.0
2026-04-19,825018,CWS,ATH,Noah Schultz,Jeffrey Springs,ATH,0.517196536064148,0.482803463935852,2026-04-19T20:05:00Z,,,,,False,0.0,0.0,0.0,0.0,,CWS,4.0,7.0,Final,0.0
2026-04-19,825100,TOR,AZ,Kevin Gausman,Ryne Nelson,AZ,0.523373544216156,0.476626455783844,2026-04-19T20:10:00Z,,,,,False,0.0,0.0,0.0,0.0,,TOR,4.0,10.0,Final,0.0
2026-04-20,822749,ATL,WSH,Bryce Elder,Jake Irvin,ATL,0.4952099025249481,0.5047900676727295,2026-04-20T22:45:00Z,,,,,False,0.0,0.0,0.0,0.0,,ATL,4.0,9.0,Final,1.0
2026-04-20,822994,CIN,TB,Rhett Lowder,Jesse Scholtens,TB,0.5237554907798767,0.4762445092201233,2026-04-20T22:40:00Z,,,,,False,0.0,0.0,0.0,0.0,,CIN,1.0,6.0,Final,0.0
2026-04-20,823149,ATH,SEA,J.T. Ginn,Emerson Hancock,SEA,0.5094141364097595,0.4905858635902405,2026-04-21T01:40:00Z,,,,,False,0.0,0.0,0.0,0.0,,ATH,4.0,6.0,Final,0.0
2026-04-20,823879,STL,MIA,Michael McGreevy,Max Meyer,MIA,0.5154398679733276,0.4845601320266723,2026-04-20T22:40:00Z,,,,,False,0.0,0.0,0.0,0.0,,MIA,5.0,3.0,Final,1.0
2026-04-20,824046,TOR,LAA,Dylan Cease,Reid Detmers,TOR,0.4802703857421875,0.5197296142578125,2026-04-21T01:38:00Z,,,,,False,0.0,0.0,0.0,0.0,,TOR,2.0,5.0,Final,1.0
2026-04-20,824125,BAL,KC,Kyle Bradish,Seth Lugo,KC,0.5324034094810486,0.4675965905189514,2026-04-20T23:40:00Z,,,,,False,0.0,0.0,0.0,0.0,,BAL,5.0,7.0,Final,0.0
2026-04-20,824370,LAD,COL,Justin Wrobleski,Jose Quintana,LAD,0.4874558448791504,0.5125441551208496,2026-04-21T00:40:00Z,,,,,False,0.0,0.0,0.0,0.0,,LAD,3.0,12.0,Final,1.0
2026-04-20,824450,HOU,CLE,Spencer Arrighetti,Slade Cecconi,CLE,0.5015648603439331,0.4984351396560669,2026-04-20T22:10:00Z,,,,,False,0.0,0.0,0.0,0.0,,HOU,2.0,9.0,Final,0.0
2026-04-20,824692,PHI,CHC,Aaron Nola,Colin Rea,CHC,0.5000858306884766,0.4999141693115234,2026-04-20T23:40:00Z,,,,,False,0.0,0.0,0.0,0.0,,CHC,5.0,1.0,Final,1.0
2026-04-20,824776,DET,BOS,Jack Flaherty,Sonny Gray,BOS,0.5039143562316895,0.4960856437683105,2026-04-20T15:10:00Z,,,,,False,0.0,0.0,0.0,0.0,,BOS,8.0,6.0,Final,1.0
2026-04-21,822747,ATL,WSH,Reynaldo López,Foster Griffin,ATL,0.4952099025249481,0.5047900676727295,2026-04-21T22:45:00Z,,,,,False,0.0,0.0,0.0,0.0,,WSH,11.0,4.0,Final,0.0
2026-04-21,822914,PIT,TEX,Carmen Mlodzinski,Kumar Rocker,TEX,0.5201802849769592,0.4798197150230407,2026-04-22T00:05:00Z,,,,,False,0.0,0.0,0.0,0.0,,TEX,5.0,1.0,Final,1.0
2026-04-21,822995,CIN,TB,Chase Burns,Steven Matz,TB,0.5237554907798767,0.4762445092201233,2026-04-21T22:40:00Z,,,,,False,0.0,0.0,0.0,0.0,,CIN,6.0,12.0,Final,0.0
2026-04-21,823148,ATH,SEA,Jacob Lopez,Luis Castillo,SEA,0.5094141364097595,0.4905858635902405,2026-04-22T01:40:00Z,,,,,False,0.0,0.0,0.0,0.0,,ATH,2.0,5.0,Final,0.0
2026-04-21,823236,LAD,SF,Yoshinobu Yamamoto,Landen Roupp,SF,0.5078580379486084,0.4921419620513916,2026-04-22T01:45:00Z,,,,,False,0.0,0.0,0.0,0.0,,SF,3.0,1.0,Final,1.0
2026-04-21,823640,MIN,NYM,Simeon Woods Richardson,Nolan McLean,NYM,0.5269606709480286,0.4730393290519714,2026-04-21T23:10:00Z,,,,,False,0.0,0.0,0.0,0.0,,MIN,3.0,5.0,Final,0.0
2026-04-21,823880,STL,MIA,Dustin May,Chris Paddack,MIA,0.5154398679733276,0.4845601320266723,2026-04-21T22:40:00Z,,,,,False,0.0,0.0,0.0,0.0,,STL,3.0,5.0,Final,0.0
2026-04-21,824045,TOR,LAA,Patrick Corbin,Jack Kochanowicz,TOR,0.4802703857421875,0.5197296142578125,2026-04-22T01:38:00Z,,,,,False,0.0,0.0,0.0,0.0,,TOR,2.0,4.0,Final,1.0
2026-04-21,824127,BAL,KC,Shane Baz,Kris Bubic,KC,0.5324034094810486,0.4675965905189514,2026-04-21T23:40:00Z,,,,,False,0.0,0.0,0.0,0.0,,KC,6.0,5.0,Final,1.0
2026-04-21,824290,MIL,DET,Kyle Harrison,Keider Montero,DET,0.5186489820480347,0.4813510179519653,2026-04-21T22:40:00Z,,,,,False,0.0,0.0,0.0,0.0,,MIL,4.0,12.0,Final,0.0
2026-04-21,824369,SD,COL,Randy Vásquez,Jimmy Herget,SD,0.4984441697597503,0.5015558004379272,2026-04-22T00:40:00Z,,,,,False,0.0,0.0,0.0,0.0,,SD,0.0,1.0,Final,1.0
2026-04-21,824448,HOU,CLE,Ryan Weiss,Parker Messick,CLE,0.5015648603439331,0.4984351396560669,2026-04-21T22:10:00Z,,,,,False,0.0,0.0,0.0,0.0,,CLE,8.0,5.0,Final,1.0
2026-04-21,824690,PHI,CHC,Jesús Luzardo,Shota Imanaga,CHC,0.5000858306884766,0.4999141693115234,2026-04-21T23:40:00Z,,,,,False,0.0,0.0,0.0,0.0,,CHC,7.0,4.0,Final,1.0
2026-04-21,824773,NYY,BOS,Luis Gil,Connelly Early,BOS,0.502680778503418,0.497319221496582,2026-04-21T22:45:00Z,,,,,False,0.0,0.0,0.0,0.0,,NYY,0.0,4.0,Final,0.0
2026-04-21,825099,CWS,AZ,Sean Burke,Merrill Kelly,AZ,0.5249351263046265,0.4750648736953735,2026-04-22T01:40:00Z,,,,,False,0.0,0.0,0.0,0.0,,CWS,5.0,11.0,Final,0.0
2026-04-22,822748,ATL,WSH,Didier Fuentes,Zack Littell,ATL,0.4952099025249481,0.5047900676727295,2026-04-22T22:45:00Z,,,,,False,0.0,0.0,0.0,0.0,,ATL,6.0,8.0,Final,1.0
2026-04-22,822913,PIT,TEX,Braxton Ashcraft,Jack Leiter,TEX,0.5201802849769592,0.4798197150230407,2026-04-23T00:05:00Z,,,,,False,0.0,0.0,0.0,0.0,,PIT,4.0,8.0,Final,0.0
2026-04-22,822993,CIN,TB,Brandon Williamson,Nick Martinez,TB,0.5237554907798767,0.4762445092201233,2026-04-22T17:10:00Z,,,,,False,0.0,0.0,0.0,0.0,,TB,6.0,1.0,Final,1.0
2026-04-22,823147,ATH,SEA,Aaron Civale,Logan Gilbert,SEA,0.5094141364097595,0.4905858635902405,2026-04-22T20:10:00Z,,,,,False,0.0,0.0,0.0,0.0,,SEA,5.0,4.0,Final,1.0
2026-04-22,823231,LAD,SF,Shohei Ohtani,Tyler Mahle,SF,0.5078580379486084,0.4921419620513916,2026-04-23T01:45:00Z,,,,,False,0.0,0.0,0.0,0.0,,SF,3.0,0.0,Final,1.0
2026-04-22,823641,MIN,NYM,Connor Prielipp,Clay Holmes,NYM,0.5269606709480286,0.4730393290519714,2026-04-22T23:10:00Z,,,,,False,0.0,0.0,0.0,0.0,,NYM,3.0,2.0,Final,1.0
2026-04-22,823878,STL,MIA,Kyle Leahy,Janson Junk,MIA,0.5154398679733276,0.4845601320266723,2026-04-22T16:10:00Z,,,,,False,0.0,0.0,0.0,0.0,,MIA,4.0,1.0,Final,1.0
2026-04-22,824044,TOR,LAA,Eric Lauer,José Soriano,TOR,0.4802703857421875,0.5197296142578125,2026-04-22T19:07:00Z,,,,,False,0.0,0.0,0.0,0.0,,LAA,7.0,3.0,Final,0.0
2026-04-22,824123,BAL,KC,Chris Bassitt,Michael Wacha,KC,0.5324034094810486,0.4675965905189514,2026-04-22T18:10:00Z,,,,,False,0.0,0.0,0.0,0.0,,BAL,6.0,8.0,Final,0.0
2026-04-22,824286,MIL,DET,DL Hall,Casey Mize,DET,0.5186489820480347,0.4813510179519653,2026-04-22T22:40:00Z,,,,,False,0.0,0.0,0.0,0.0,,DET,5.0,2.0,Final,1.0
2026-04-22,824367,SD,COL,Walker Buehler,Tomoyuki Sugano,SD,0.4984441697597503,0.5015558004379272,2026-04-23T00:40:00Z,,,,,False,0.0,0.0,0.0,0.0,,COL,8.0,3.0,Final,0.0
2026-04-22,824449,HOU,CLE,Peter Lambert,Tanner Bibee,CLE,0.5015648603439331,0.4984351396560669,2026-04-22T17:10:00Z,,,,,False,0.0,0.0,0.0,0.0,,HOU,0.0,2.0,Final,0.0
2026-04-22,824688,PHI,CHC,Kyle Backhus,Matthew Boyd,CHC,0.5000858306884766,0.4999141693115234,2026-04-22T23:40:00Z,,,,,False,0.0,0.0,0.0,0.0,,CHC,7.0,2.0,Final,1.0
2026-04-22,824774,NYY,BOS,Max Fried,Ranger Suarez,BOS,0.502680778503418,0.497319221496582,2026-04-22T22:45:00Z,,,,,False,0.0,0.0,0.0,0.0,,NYY,1.0,4.0,Final,0.0
2026-04-22,825097,CWS,AZ,Anthony Kay,Eduardo Rodriguez,AZ,0.5249351263046265,0.4750648736953735,2026-04-23T01:40:00Z,,,,,False,0.0,0.0,0.0,0.0,,AZ,11.0,7.0,Final,1.0
2026-04-23,822745,ATL,WSH,JR Ritchie,Cade Cavalli,ATL,0.4952099025249481,0.5047900676727295,2026-04-23T17:05:00Z,,,,,False,0.0,0.0,0.0,0.0,,ATL,2.0,7.0,Final,1.0
2026-04-23,822912,PIT,TEX,Bubba Chandler,Jacob deGrom,TEX,0.5201802849769592,0.4798197150230407,2026-04-24T00:05:00Z,,,,,False,0.0,0.0,0.0,0.0,,TEX,6.0,1.0,Final,1.0
2026-04-23,823233,LAD,SF,Tyler Glasnow,Logan Webb,SF,0.5078580379486084,0.4921419620513916,2026-04-23T19:45:00Z,,,,,False,0.0,0.0,0.0,0.0,,LAD,0.0,3.0,Final,0.0
2026-04-23,823639,MIN,NYM,Joe Ryan,Christian Scott,NYM,0.5269606709480286,0.4730393290519714,2026-04-23T23:10:00Z,,,,,False,0.0,0.0,0.0,0.0,,NYM,10.0,8.0,Final,1.0
2026-04-23,824288,MIL,DET,Brandon Sproat,Tarik Skubal,DET,0.5186489820480347,0.4813510179519653,2026-04-23T17:10:00Z,,,,,False,0.0,0.0,0.0,0.0,,DET,5.0,4.0,Final,1.0
2026-04-23,824368,SD,COL,Matt Waldron,Ryan Feltner,SD,0.4984441697597503,0.5015558004379272,2026-04-23T19:10:00Z,,,,,False,0.0,0.0,0.0,0.0,,SD,8.0,10.0,Final,1.0
2026-04-23,824689,PHI,CHC,Cristopher Sánchez,Edward Cabrera,CHC,0.5000858306884766,0.4999141693115234,2026-04-23T18:20:00Z,,,,,False,0.0,0.0,0.0,0.0,,CHC,8.0,7.0,Final,1.0
2026-04-23,824770,NYY,BOS,Cam Schlittler,Payton Tolle,BOS,0.502680778503418,0.497319221496582,2026-04-23T22:10:00Z,,,,,False,0.0,0.0,0.0,0.0,,NYY,2.0,4.0,Final,0.0
2026-04-23,825096,CWS,AZ,Davis Martin,Michael Soroka,AZ,0.5249351263046265,0.4750648736953735,2026-04-23T19:40:00Z,,,,,False,0.0,0.0,0.0,0.0,,CWS,1.0,4.0,Final,0.0
2026-04-24,822827,CLE,TOR,Gavin Williams,Max Scherzer,TOR,0.506908655166626,0.493091344833374,2026-04-24T23:07:00Z,-134.0,119.0,-0.1148013036642501,-134.0,False,0.0,0.0,0.0,0.0,,CLE,6.0,8.0,Final,0.0
2026-04-24,822909,ATH,TEX,Luis Severino,Nathan Eovaldi,TEX,0.5122663378715515,0.4877336621284485,2026-04-25T00:05:00Z,-136.0,119.0,-0.1110672372228958,-136.0,False,0.0,0.0,0.0,0.0,,ATH,1.0,8.0,Final,0.0
2026-04-24,822992,MIN,TB,Taj Bradley,Drew Rasmussen,TB,0.522661030292511,0.477338969707489,2026-04-24T23:10:00Z,-126.0,113.0,-0.0625286282054962,-126.0,False,0.0,0.0,0.0,0.0,,TB,6.0,2.0,Final,1.0
2026-04-24,823069,SEA,STL,George Kirby,Andre Pallante,SEA,0.49810391664505,0.50189608335495,2026-04-25T00:15:00Z,169.0,-149.0,-0.1612609076819964,-149.0,False,0.0,0.0,0.0,0.0,,SEA,2.0,3.0,Final,1.0
2026-04-24,823232,MIA,SF,Sandy Alcantara,Adrian Houser,SF,0.517342209815979,0.482657790184021,2026-04-25T02:15:00Z,470.0,110.0,1.94885059595108,470.0,True,1.0,-1.0,1.0,-1.0,-1.0,MIA,4.0,9.0,Final,0.0
2026-04-24,823638,COL,NYM,Michael Lorenzen,Freddy Peralta,NYM,0.5437902212142944,0.4562097787857055,2026-04-24T23:10:00Z,-190.0,169.0,-0.1700043991992348,-190.0,False,0.0,0.0,1.0,-1.0,-1.0,COL,3.0,4.0,Final,0.0
2026-04-24,823800,PIT,MIL,Paul Skenes,Brandon Woodruff,MIL,0.5124495625495911,0.4875504374504089,2026-04-24T23:40:00Z,-132.0,113.0,-0.0993310718825369,-132.0,False,0.0,0.0,1.0,-1.0,-1.0,PIT,0.0,6.0,Final,0.0
2026-04-24,823962,CHC,LAD,Jameson Taillon,Emmet Sheehan,CHC,0.4977082014083862,0.5022917985916138,2026-04-25T02:15:00Z,-152.0,132.0,0.1653169727325441,132.0,True,1.0,1.32,2.0,0.32,0.16,CHC,4.0,6.0,Final,1.0
2026-04-24,824124,LAA,KC,Yusei Kikuchi,Noah Cameron,KC,0.5295564532279968,0.4704435467720032,2026-04-24T23:40:00Z,-148.0,135.0,-0.1126351324287621,-148.0,False,0.0,0.0,2.0,0.32,0.16,KC,6.0,3.0,Final,1.0
2026-04-24,824204,NYY,HOU,Will Warren,Lance McCullers Jr.,NYY,0.4999459385871887,0.5000540614128113,2026-04-25T00:10:00Z,124.0,-146.0,-0.1574431567975919,-146.0,False,0.0,0.0,2.0,0.32,0.16,NYY,4.0,12.0,Final,1.0
2026-04-24,824529,DET,CIN,Framber Valdez,Andrew Abbott,CIN,0.515031635761261,0.484968364238739,2026-04-24T22:40:00Z,360.0,-108.0,1.3691455245018005,360.0,True,1.0,3.6,3.0,3.92,1.3066666666666666,CIN,9.0,8.0,Final,1.0
2026-04-24,824611,WSH,CWS,PJ Poulin,Bryan Hudson,CWS,0.5292671918869019,0.4707328081130981,2026-04-24T23:40:00Z,-136.0,119.0,-0.081565755255082,-136.0,False,0.0,0.0,3.0,3.92,1.3066666666666666,CWS,5.0,4.0,Final,1.0
2026-04-24,824854,BOS,BAL,Brayan Bello,Brandon Young,BOS,0.4835625886917114,0.5164374113082886,2026-04-24T23:05:00Z,-112.0,100.0,0.0328748226165771,100.0,True,1.0,-1.0,4.0,2.92,0.73,BAL,10.0,3.0,Final,0.0
2026-04-24,824932,PHI,ATL,Andrew Painter,Grant Holmes,PHI,0.4876164495944977,0.5123835802078247,2026-04-24T23:15:00Z,-120.0,109.0,0.0708816826343535,109.0,True,1.0,-1.0,5.0,1.92,0.384,ATL,5.0,3.0,Final,0.0
2026-04-25,822826,CLE,TOR,Joey Cantillo,Kevin Gausman,TOR,0.506908655166626,0.493091344833374,2026-04-25T19:07:00Z,,,,,False,0.0,0.0,5.0,1.92,0.384,TOR,5.0,3.0,Final,1.0
2026-04-25,822910,ATH,TEX,Jeffrey Springs,MacKenzie Gore,TEX,0.5122663378715515,0.4877336621284485,2026-04-25T23:05:00Z,,,,,False,0.0,0.0,5.0,1.92,0.384,TEX,4.0,3.0,Final,1.0
2026-04-25,822989,MIN,TB,Bailey Ober,Shane McClanahan,TB,0.522661030292511,0.477338969707489,2026-04-25T20:10:00Z,,,,,False,0.0,0.0,5.0,1.92,0.384,TB,6.0,1.0,Final,1.0
2026-04-25,823070,SEA,STL,Bryan Woo,Matthew Liberatore,SEA,0.49810391664505,0.50189608335495,2026-04-25T18:15:00Z,,,,,False,0.0,0.0,5.0,1.92,0.384,SEA,9.0,11.0,Final,1.0
2026-04-25,823229,MIA,SF,Eury Pérez,Robbie Ray,SF,0.517342209815979,0.482657790184021,2026-04-25T20:05:00Z,,,,,False,0.0,0.0,5.0,1.92,0.384,SF,6.0,2.0,Final,1.0
2026-04-25,823799,PIT,MIL,Mitch Keller,Jacob Misiorowski,MIL,0.5124495625495911,0.4875504374504089,2026-04-25T23:10:00Z,,,,,False,0.0,0.0,5.0,1.92,0.384,PIT,3.0,6.0,Final,0.0
2026-04-25,823960,CHC,LAD,Colin Rea,Roki Sasaki,CHC,0.4977082014083862,0.5022917985916138,2026-04-25T23:15:00Z,,,,,False,0.0,0.0,5.0,1.92,0.384,LAD,12.0,4.0,Final,0.0
2026-04-25,824121,LAA,KC,Walbert Urena,Cole Ragans,KC,0.5295564532279968,0.4704435467720032,2026-04-25T23:10:00Z,,,,,False,0.0,0.0,5.0,1.92,0.384,KC,12.0,1.0,Final,1.0
2026-04-25,824203,NYY,HOU,Ryan Weathers,Mike Burrows,NYY,0.4999459385871887,0.5000540614128113,2026-04-25T23:10:00Z,,,,,False,0.0,0.0,5.0,1.92,0.384,NYY,3.0,8.0,Final,1.0
2026-04-25,824527,DET,CIN,Jack Flaherty,Brady Singer,CIN,0.515031635761261,0.484968364238739,2026-04-25T23:15:00Z,,,,,False,0.0,0.0,5.0,1.92,0.384,CIN,9.0,2.0,Final,1.0
2026-04-25,824613,WSH,CWS,Jake Irvin,Noah Schultz,CWS,0.5292671918869019,0.4707328081130981,2026-04-25T20:10:00Z,,,,,False,0.0,0.0,5.0,1.92,0.384,WSH,3.0,6.0,Final,0.0
2026-04-25,824851,BOS,BAL,Garrett Crochet,Trevor Rogers,BOS,0.4835625886917114,0.5164374113082886,2026-04-25T16:05:00Z,,,,,False,0.0,0.0,5.0,1.92,0.384,BOS,1.0,17.0,Final,1.0
2026-04-25,824933,PHI,ATL,Zack Wheeler,Bryce Elder,PHI,0.4876164495944977,0.5123835802078247,2026-04-25T23:15:00Z,,,,,False,0.0,0.0,5.0,1.92,0.384,PHI,5.0,8.0,Final,1.0
2026-04-25,825093,SD,AZ,Germán Márquez,Zac Gallen,AZ,0.5167202949523926,0.4832797050476074,2026-04-25T22:05:00Z,,,,,False,0.0,0.0,5.0,1.92,0.384,SD,4.0,6.0,Final,0.0
2026-04-26,822824,CLE,TOR,Slade Cecconi,Patrick Corbin,TOR,0.506908655166626,0.493091344833374,2026-04-26T17:37:00Z,,,,,False,0.0,0.0,5.0,1.92,0.384,TOR,4.0,2.0,Final,1.0
2026-04-26,822911,ATH,TEX,J.T. Ginn,Kumar Rocker,TEX,0.5122663378715515,0.4877336621284485,2026-04-26T18:35:00Z,,,,,False,0.0,0.0,5.0,1.92,0.384,ATH,1.0,2.0,Final,0.0
2026-04-26,822991,MIN,TB,Simeon Woods Richardson,Griffin Jax,TB,0.522661030292511,0.477338969707489,2026-04-26T17:40:00Z,,,,,False,0.0,0.0,5.0,1.92,0.384,TB,4.0,2.0,Final,1.0
2026-04-26,823068,SEA,STL,Emerson Hancock,Michael McGreevy,SEA,0.49810391664505,0.50189608335495,2026-04-26T18:15:00Z,,,,,False,0.0,0.0,5.0,1.92,0.384,SEA,2.0,3.0,Final,1.0
2026-04-26,823230,MIA,SF,Max Meyer,Landen Roupp,SF,0.517342209815979,0.482657790184021,2026-04-26T20:05:00Z,,,,,False,0.0,0.0,5.0,1.92,0.384,SF,6.0,3.0,Final,1.0
2026-04-26,823635,COL,NYM,Jose Quintana,Nolan McLean,NYM,0.5437902212142944,0.4562097787857055,2026-04-26T17:40:00Z,,,,,False,0.0,0.0,5.0,1.92,0.384,COL,1.0,3.0,Final,0.0
2026-04-26,823637,COL,NYM,Chase Dollander,Kodai Senga,NYM,0.5437902212142944,0.4562097787857055,2026-04-26T17:45:00Z,,,,,False,0.0,0.0,5.0,1.92,0.384,,,,Postponed,
2026-04-26,823637,COL,NYM,Chase Dollander,Kodai Senga,NYM,0.5437902212142944,0.4562097787857055,2026-04-26T17:45:00Z,,,,,False,0.0,0.0,5.0,1.92,0.384,COL,0.0,3.0,Final,0.0
2026-04-26,823797,PIT,MIL,Carmen Mlodzinski,Kyle Harrison,MIL,0.5124495625495911,0.4875504374504089,2026-04-26T18:10:00Z,,,,,False,0.0,0.0,5.0,1.92,0.384,MIL,5.0,0.0,Final,1.0
2026-04-26,823959,CHC,LAD,Shota Imanaga,Justin Wrobleski,CHC,0.4977082014083862,0.5022917985916138,2026-04-26T20:10:00Z,,,,,False,0.0,0.0,5.0,1.92,0.384,LAD,6.0,0.0,Final,0.0
2026-04-26,824122,LAA,KC,Reid Detmers,Seth Lugo,KC,0.5295564532279968,0.4704435467720032,2026-04-26T20:10:00Z,,,,,False,0.0,0.0,5.0,1.92,0.384,KC,11.0,9.0,Final,1.0
2026-04-26,824202,NYY,HOU,Luis Gil,Spencer Arrighetti,NYY,0.4999459385871887,0.5000540614128113,2026-04-26T18:10:00Z,,,,,False,0.0,0.0,5.0,1.92,0.384,HOU,7.0,4.0,Final,0.0
2026-04-26,824528,DET,CIN,Keider Montero,Rhett Lowder,CIN,0.515031635761261,0.484968364238739,2026-04-26T17:40:00Z,,,,,False,0.0,0.0,5.0,1.92,0.384,DET,3.0,8.0,Final,0.0
2026-04-26,824612,WSH,CWS,Foster Griffin,Bryan Hudson,CWS,0.5292671918869019,0.4707328081130981,2026-04-26T18:10:00Z,,,,,False,0.0,0.0,5.0,1.92,0.384,WSH,1.0,2.0,Final,0.0
2026-04-26,824852,BOS,BAL,Connelly Early,Kyle Bradish,BOS,0.4835625886917114,0.5164374113082886,2026-04-26T17:35:00Z,,,,,False,0.0,0.0,5.0,1.92,0.384,BOS,3.0,5.0,Final,1.0
2026-04-26,824934,PHI,ATL,Aaron Nola,Chris Sale,PHI,0.4876164495944977,0.5123835802078247,2026-04-26T17:35:00Z,,,,,False,0.0,0.0,5.0,1.92,0.384,ATL,6.0,2.0,Final,0.0
2026-04-26,825094,SD,AZ,Michael King,Ryne Nelson,AZ,0.5167202949523926,0.4832797050476074,2026-04-26T20:05:00Z,,,,,False,0.0,0.0,5.0,1.92,0.384,AZ,12.0,7.0,Final,1.0
2026-04-27,822825,BOS,TOR,Ranger Suarez,Dylan Cease,TOR,0.5084466934204102,0.4915533065795898,2026-04-27T23:07:00Z,-120.0,118.0,-0.0678477287292479,-120.0,False,0.0,0.0,5.0,1.92,0.384,BOS,0.0,5.0,Final,0.0
2026-04-27,822906,NYY,TEX,Max Fried,Jack Leiter,NYY,0.4900343418121338,0.5099656581878662,2026-04-28T00:05:00Z,136.0,-118.0,-0.0578600552122471,-118.0,False,0.0,0.0,5.0,1.92,0.384,NYY,2.0,4.0,Final,1.0
2026-04-27,823311,CHC,SD,Matthew Boyd,Randy Vásquez,SD,0.5036948323249817,0.4963051676750183,2026-04-28T01:40:00Z,100.0,-102.0,0.0073896646499633,100.0,True,1.0,1.0,6.0,2.92,0.4866666666666666,SD,9.0,7.0,Final,1.0
2026-04-27,823395,STL,PIT,Dustin May,Mason Montgomery,PIT,0.5045270919799805,0.4954729080200195,2026-04-27T22:40:00Z,-192.0,148.0,-0.2326983809471129,-192.0,False,0.0,0.0,6.0,2.92,0.4866666666666666,STL,2.0,4.0,Final,0.0
2026-04-27,823719,SEA,MIN,Luis Castillo,Connor Prielipp,MIN,0.5030981302261353,0.4969018697738647,2026-04-27T23:40:00Z,110.0,-126.0,0.0565060734748841,110.0,True,1.0,1.1,7.0,4.02,0.5742857142857142,MIN,11.0,4.0,Final,1.0
2026-04-27,823961,MIA,LAD,Chris Paddack,Yoshinobu Yamamoto,LAD,0.5379073619842529,0.462092638015747,2026-04-28T02:10:00Z,-295.0,260.0,-0.2797511593770173,-295.0,False,0.0,0.0,7.0,4.02,0.5742857142857142,LAD,5.0,4.0,Final,1.0
2026-04-27,824446,TB,CLE,Steven Matz,Parker Messick,TB,0.4859083890914917,0.5140916109085083,2026-04-27T22:10:00Z,-130.0,131.0,0.1875516211986542,131.0,True,1.0,1.31,8.0,5.33,0.66625,TB,2.0,3.0,Final,1.0
2026-04-27,824609,LAA,CWS,Jack Kochanowicz,Anthony Kay,CWS,0.5006389021873474,0.4993610978126526,2026-04-27T23:40:00Z,119.0,-105.0,0.0963991957902907,119.0,True,1.0,1.19,9.0,6.52,0.7244444444444444,CWS,8.0,7.0,Final,1.0
2026-04-28,822823,BOS,TOR,Payton Tolle,Trey Yesavage,TOR,0.5084466934204102,0.4915533065795898,2026-04-28T23:07:00Z,-118.0,102.0,-0.0606662782572083,-118.0,False,0.0,0.0,9.0,6.52,0.7244444444444444,TOR,3.0,0.0,Final,1.0
2026-04-28,822908,NYY,TEX,Cam Schlittler,Jacob deGrom,NYY,0.4900343418121338,0.5099656581878662,2026-04-29T00:05:00Z,102.0,-120.0,-0.0650629599889118,-120.0,False,0.0,0.0,9.0,6.52,0.7244444444444444,NYY,2.0,3.0,Final,1.0
2026-04-28,823310,CHC,SD,Edward Cabrera,Walker Buehler,SD,0.5036948323249817,0.4963051676750183,2026-04-29T01:40:00Z,102.0,-118.0,0.0174635612964629,102.0,True,1.0,-1.0,10.0,5.52,0.5519999999999999,CHC,3.0,8.0,Final,0.0
2026-04-28,823390,STL,PIT,Kyle Leahy,,PIT,0.5045270919799805,0.4954729080200195,2026-04-28T22:40:00Z,-163.0,138.0,-0.185947084719418,-163.0,False,0.0,0.0,10.0,5.52,0.5519999999999999,STL,7.0,11.0,Final,0.0
2026-04-28,823473,SF,PHI,Tyler Mahle,Jesús Luzardo,PHI,0.5245691537857056,0.4754308462142944,2026-04-28T22:40:00Z,-171.0,144.0,-0.1686652592051098,-171.0,False,0.0,0.0,10.0,5.52,0.5519999999999999,PHI,7.0,0.0,Final,1.0
2026-04-28,823636,WSH,NYM,Zack Littell,Clay Holmes,NYM,0.5319219827651978,0.4680780172348022,2026-04-28T23:10:00Z,-188.0,159.0,-0.185140792359697,-188.0,False,0.0,0.0,10.0,5.52,0.5519999999999999,NYM,8.0,0.0,Final,1.0
2026-04-28,823716,SEA,MIN,Logan Gilbert,Joe Ryan,MIN,0.5030981302261353,0.4969018697738647,2026-04-28T23:40:00Z,109.0,-126.0,0.0514750921726225,109.0,True,1.0,-1.0,11.0,4.52,0.4109090909090909,SEA,1.0,7.0,Final,0.0
2026-04-28,823798,AZ,MIL,,Chad Patrick,AZ,0.4937512278556824,0.5062487721443176,2026-04-28T23:40:00Z,-112.0,-102.0,0.0025710977760016,-102.0,True,1.0,-1.0,12.0,3.52,0.2933333333333333,MIL,13.0,2.0,Final,0.0
2026-04-28,823956,MIA,LAD,Janson Junk,Shohei Ohtani,LAD,0.5379073619842529,0.462092638015747,2026-04-29T02:10:00Z,-300.0,245.0,-0.2827901840209961,-300.0,False,0.0,0.0,12.0,3.52,0.2933333333333333,MIA,1.0,2.0,Final,0.0
2026-04-28,824447,TB,CLE,Nick Martinez,Tanner Bibee,TB,0.4859083890914917,0.5140916109085083,2026-04-28T22:10:00Z,-134.0,114.0,0.1001560473442075,114.0,True,1.0,1.14,13.0,4.659999999999999,0.3584615384615384,TB,0.0,1.0,Final,1.0
2026-04-28,824526,COL,CIN,,Chase Burns,CIN,0.5395614504814148,0.4604385495185852,2026-04-28T22:40:00Z,-205.0,172.0,-0.1972378419666755,-205.0,False,0.0,0.0,13.0,4.659999999999999,0.3584615384615384,CIN,7.0,2.0,Final,1.0
2026-04-28,824610,LAA,CWS,José Soriano,Davis Martin,CWS,0.5006389021873474,0.4993610978126526,2026-04-28T23:40:00Z,120.0,-142.0,0.1014055848121644,120.0,True,1.0,1.2,14.0,5.859999999999999,0.4185714285714285,CWS,5.0,2.0,Final,1.0
2026-04-28,824849,HOU,BAL,Kai-Wei Teng,Shane Baz,HOU,0.4891939461231231,0.5108060836791992,2026-04-28T22:35:00Z,-136.0,119.0,0.1186653232574462,119.0,True,1.0,-1.0,15.0,4.859999999999999,0.3239999999999999,BAL,5.0,3.0,Final,0.0
2026-04-28,824931,DET,ATL,Casey Mize,Martín Pérez,ATL,0.5047287344932556,0.4952712655067444,2026-04-28T23:15:00Z,-124.0,106.0,-0.0882319634960543,-124.0,False,0.0,0.0,15.0,4.859999999999999,0.3239999999999999,ATL,5.0,2.0,Final,1.0
2026-04-28,825017,KC,ATH,Kris Bubic,,ATH,0.505337119102478,0.494662880897522,2026-04-29T01:40:00Z,100.0,-118.0,0.010674238204956,100.0,True,1.0,-1.0,16.0,3.86,0.2412499999999999,KC,1.0,4.0,Final,0.0
2026-04-29,822821,BOS,TOR,Brayan Bello,Eric Lauer,TOR,0.5084466934204102,0.4915533065795898,2026-04-29T19:07:00Z,,,,,False,0.0,0.0,16.0,3.86,0.2412499999999999,TOR,8.0,1.0,Final,1.0
2026-04-29,822907,NYY,TEX,Elmer Rodríguez,Nathan Eovaldi,NYY,0.4900343418121338,0.5099656581878662,2026-04-29T18:35:00Z,,,,,False,0.0,0.0,16.0,3.86,0.2412499999999999,TEX,3.0,0.0,Final,0.0
2026-04-29,823312,CHC,SD,Jameson Taillon,Matt Waldron,SD,0.5036948323249817,0.4963051676750183,2026-04-29T20:10:00Z,1300.0,-5000.0,6.051727652549744,1300.0,True,1.0,-1.0,17.0,2.8599999999999994,0.168235294117647,CHC,4.0,5.0,Final,0.0
2026-04-29,823392,STL,PIT,Andre Pallante,Bubba Chandler,PIT,0.5045270919799805,0.4954729080200195,2026-04-29T22:40:00Z,-134.0,184.0,-0.1189601528110789,-134.0,False,0.0,0.0,17.0,2.8599999999999994,0.168235294117647,STL,4.0,5.0,Final,0.0
2026-04-29,823633,WSH,NYM,Cade Cavalli,David Peterson,NYM,0.5319219827651978,0.4680780172348022,2026-04-29T23:10:00Z,-162.0,190.0,-0.1397311142933221,-162.0,False,0.0,0.0,17.0,2.8599999999999994,0.168235294117647,WSH,2.0,14.0,Final,0.0
2026-04-29,823717,SEA,MIN,George Kirby,Taj Bradley,MIN,0.5030981302261353,0.4969018697738647,2026-04-29T17:40:00Z,,,,,False,0.0,0.0,17.0,2.8599999999999994,0.168235294117647,SEA,3.0,5.0,Final,0.0
2026-04-29,823796,AZ,MIL,Eduardo Rodriguez,Brandon Sproat,AZ,0.4937512278556824,0.5062487721443176,2026-04-29T23:40:00Z,-122.0,114.0,0.0833723723888395,114.0,True,1.0,1.14,18.0,3.999999999999999,0.2222222222222221,AZ,2.0,6.0,Final,1.0
2026-04-29,823958,MIA,LAD,Sandy Alcantara,Tyler Glasnow,LAD,0.5379073619842529,0.462092638015747,2026-04-29T19:10:00Z,,,,,False,0.0,0.0,18.0,3.999999999999999,0.2222222222222221,MIA,2.0,3.0,Final,0.0
2026-04-29,824445,TB,CLE,Drew Rasmussen,Gavin Williams,TB,0.4859083890914917,0.5140916109085083,2026-04-29T17:10:00Z,,,,,False,0.0,0.0,18.0,3.999999999999999,0.2222222222222221,CLE,3.0,1.0,Final,0.0
2026-04-29,824525,COL,CIN,Tomoyuki Sugano,Brandon Williamson,CIN,0.5395614504814148,0.4604385495185852,2026-04-29T22:40:00Z,213.0,146.0,0.6888273400068283,213.0,True,1.0,-1.0,19.0,2.999999999999999,0.1578947368421052,COL,2.0,13.0,Final,0.0
2026-04-29,824608,LAA,CWS,Yusei Kikuchi,Erick Fedde,CWS,0.5006389021873474,0.4993610978126526,2026-04-29T17:10:00Z,,,,,False,0.0,0.0,19.0,2.999999999999999,0.1578947368421052,CWS,3.0,2.0,Final,1.0
2026-04-29,824930,DET,ATL,Tarik Skubal,JR Ritchie,ATL,0.5047287344932556,0.4952712655067444,2026-04-29T23:15:00Z,120.0,-102.0,0.1104032158851624,120.0,True,1.0,1.2,20.0,4.199999999999999,0.2099999999999999,ATL,4.0,3.0,Final,1.0
2026-04-29,825015,KC,ATH,Michael Wacha,Luis Severino,ATH,0.505337119102478,0.494662880897522,2026-04-30T01:40:00Z,-120.0,110.0,-0.0735486149787902,-120.0,False,0.0,0.0,20.0,4.199999999999999,0.2099999999999999,ATH,5.0,2.0,Final,1.0
2026-04-30,823391,STL,PIT,Hunter Dobbins,Paul Skenes,PIT,0.5045270919799805,0.4954729080200195,2026-04-30T16:35:00Z,,,,,False,0.0,0.0,20.0,4.199999999999999,0.2099999999999999,STL,5.0,10.0,Final,0.0
2026-04-30,823471,SF,PHI,Adrian Houser,Tim Mayza,PHI,0.5245691537857056,0.4754308462142944,2026-04-30T21:35:00Z,,,,,False,0.0,0.0,20.0,4.199999999999999,0.2099999999999999,,,,Postponed,
2026-04-30,823471,SF,PHI,Adrian Houser,Tim Mayza,PHI,0.5245691537857056,0.4754308462142944,2026-04-30T21:35:00Z,,,,,False,0.0,0.0,20.0,4.199999999999999,0.2099999999999999,PHI,6.0,5.0,Final,1.0
2026-04-30,823472,SF,PHI,Logan Webb,Cristopher Sánchez,PHI,0.5245691537857056,0.4754308462142944,2026-04-30T16:35:00Z,,,,,False,0.0,0.0,20.0,4.199999999999999,0.2099999999999999,PHI,3.0,2.0,Final,1.0
2026-04-30,823634,WSH,NYM,Miles Mikolas,Freddy Peralta,NYM,0.5319219827651978,0.4680780172348022,2026-04-30T17:10:00Z,,,,,False,0.0,0.0,20.0,4.199999999999999,0.2099999999999999,WSH,4.0,5.0,Final,0.0
2026-04-30,823714,TOR,MIN,Kevin Gausman,Bailey Ober,TOR,0.4866617918014526,0.5133382081985474,2026-04-30T23:40:00Z,-110.0,1060.0,4.954723215103149,1060.0,True,1.0,-1.0,21.0,3.2,0.1523809523809523,MIN,7.0,1.0,Final,0.0
2026-04-30,823795,AZ,MIL,Michael Soroka,Brandon Woodruff,AZ,0.4937512278556824,0.5062487721443176,2026-04-30T17:40:00Z,,,,,False,0.0,0.0,21.0,3.2,0.1523809523809523,MIL,13.0,1.0,Final,0.0
2026-04-30,824524,COL,CIN,Michael Lorenzen,Andrew Abbott,CIN,0.5395614504814148,0.4604385495185852,2026-04-30T16:40:00Z,,,,,False,0.0,0.0,21.0,3.2,0.1523809523809523,CIN,6.0,4.0,Final,1.0
2026-04-30,824848,HOU,BAL,Peter Lambert,Chris Bassitt,HOU,0.4891939461231231,0.5108060836791992,2026-04-30T16:35:00Z,,,,,False,0.0,0.0,21.0,3.2,0.1523809523809523,BAL,10.0,3.0,Final,0.0
2026-04-30,824850,HOU,BAL,Lance McCullers Jr.,Brandon Young,HOU,0.4891939461231231,0.5108060836791992,2026-04-30T16:40:00Z,,,,,False,0.0,0.0,21.0,3.2,0.1523809523809523,,,,Postponed,
2026-04-30,824850,HOU,BAL,Lance McCullers Jr.,Brandon Young,HOU,0.4891939461231231,0.5108060836791992,2026-04-30T16:40:00Z,,,,,False,0.0,0.0,21.0,3.2,0.1523809523809523,HOU,5.0,11.0,Final,1.0
2026-04-30,824929,DET,ATL,Framber Valdez,Bryce Elder,ATL,0.5047287344932556,0.4952712655067444,2026-04-30T16:15:00Z,,,,,False,0.0,0.0,21.0,3.2,0.1523809523809523,DET,2.0,5.0,Final,0.0
2026-04-30,825016,KC,ATH,Noah Cameron,Jeffrey Springs,ATH,0.505337119102478,0.494662880897522,2026-04-30T19:05:00Z,,,,,False,0.0,0.0,21.0,3.2,0.1523809523809523,ATH,6.0,3.0,Final,1.0
2026-05-01,822744,MIL,WSH,Jacob Misiorowski,Jake Irvin,MIL,0.4963816702365875,0.5036183595657349,2026-05-01T22:45:00Z,132.0,-156.0,-0.1735493586613581,-156.0,False,0.0,0.0,21.0,3.2,0.1523809523809523,MIL,1.0,6.0,Final,1.0
2026-05-01,822990,SF,TB,Robbie Ray,Shane McClanahan,TB,0.5247372388839722,0.4752627611160278,2026-05-01T23:10:00Z,-142.0,123.0,-0.1057294942963291,-142.0,False,0.0,0.0,21.0,3.2,0.1523809523809523,TB,3.0,0.0,Final,1.0
2026-05-01,823066,LAD,STL,Emmet Sheehan,Matthew Liberatore,LAD,0.4869444668292999,0.5130555629730225,2026-05-02T00:15:00Z,150.0,-178.0,-0.1987109746825828,-178.0,False,0.0,0.0,21.0,3.2,0.1523809523809523,STL,7.0,2.0,Final,0.0
2026-05-01,823146,KC,SEA,Cole Ragans,Bryan Woo,SEA,0.5069336295127869,0.4930663704872131,2026-05-02T01:45:00Z,-148.0,126.0,-0.1505436478434382,-148.0,False,0.0,0.0,21.0,3.2,0.1523809523809523,KC,6.0,7.0,Final,0.0
2026-05-01,823309,CWS,SD,Noah Schultz,Germán Márquez,SD,0.5175960063934326,0.4824039936065674,2026-05-02T01:40:00Z,-146.0,129.0,-0.1278861810083258,-146.0,False,0.0,0.0,21.0,3.2,0.1523809523809523,CWS,2.0,8.0,Final,0.0
2026-05-01,823389,CIN,PIT,Brady Singer,Mitch Keller,CIN,0.486885130405426,0.513114869594574,2026-05-01T22:45:00Z,-136.0,116.0,0.1083281183242799,116.0,True,1.0,-1.0,22.0,2.2,0.0999999999999999,PIT,9.0,1.0,Final,0.0
2026-05-01,823557,BAL,NYY,,Will Warren,NYY,0.5361080169677734,0.4638919830322265,2026-05-01T23:05:00Z,-184.0,159.0,-0.1725289303323497,-184.0,False,0.0,0.0,22.0,2.2,0.0999999999999999,NYY,7.0,2.0,Final,1.0
2026-05-01,823713,TOR,MIN,Patrick Corbin,Simeon Woods Richardson,TOR,0.4866617918014526,0.5133382081985474,2026-05-02T00:10:00Z,-110.0,-106.0,-0.0023804633122569,-106.0,False,0.0,0.0,22.0,2.2,0.0999999999999999,TOR,3.0,7.0,Final,1.0
2026-05-01,823877,PHI,MIA,Zack Wheeler,Eury Pérez,MIA,0.5005932450294495,0.4994067549705505,2026-05-01T23:10:00Z,102.0,-120.0,0.0111983549594879,102.0,False,0.0,0.0,22.0,2.2,0.0999999999999999,PHI,5.0,6.0,Final,0.0
2026-05-01,824041,NYM,LAA,Christian Scott,Walbert Urena,NYM,0.4860845506191253,0.5139154195785522,2026-05-02T01:38:00Z,106.0,-124.0,-0.0716366614064862,-124.0,False,0.0,0.0,22.0,2.2,0.0999999999999999,NYM,3.0,4.0,Final,1.0
2026-05-01,824287,TEX,DET,MacKenzie Gore,Jack Flaherty,DET,0.5063435435295105,0.4936564564704895,2026-05-01T22:40:00Z,-116.0,-102.0,-0.0571534017036701,-116.0,False,0.0,0.0,22.0,2.2,0.0999999999999999,TEX,4.0,5.0,Final,0.0
2026-05-01,824366,ATL,COL,Grant Holmes,Jose Quintana,ATL,0.4991427361965179,0.5008572340011597,2026-05-02T00:40:00Z,154.0,-184.0,-0.2269377475199492,-184.0,False,0.0,0.0,22.0,2.2,0.0999999999999999,ATL,6.0,8.0,Final,1.0
2026-05-01,824686,AZ,CHC,Zac Gallen,Colin Rea,CHC,0.5198500156402588,0.4801499843597412,2026-05-01T18:20:00Z,-152.0,135.0,-0.1381433951227288,-152.0,False,0.0,0.0,22.0,2.2,0.0999999999999999,CHC,6.0,5.0,Final,1.0
2026-05-01,824772,HOU,BOS,Mike Burrows,,BOS,0.526544988155365,0.473455011844635,2026-05-01T23:10:00Z,-120.0,104.0,-0.0346675217151641,-120.0,False,0.0,0.0,22.0,2.2,0.0999999999999999,BOS,3.0,1.0,Final,1.0
2026-05-01,825012,CLE,ATH,Joey Cantillo,J.T. Ginn,ATH,0.5290488600730896,0.4709511399269104,2026-05-02T01:40:00Z,-102.0,-115.0,0.0477242130859225,-102.0,True,1.0,-1.0,23.0,1.1999999999999993,0.0521739130434782,CLE,5.0,8.0,Final,0.0
2026-05-02,822746,MIL,WSH,Kyle Harrison,Foster Griffin,MIL,0.4963816702365875,0.5036183595657349,2026-05-02T20:05:00Z,2500.0,-132.0,-0.1148525801571933,-132.0,False,0.0,0.0,23.0,1.1999999999999993,0.0521739130434782,MIL,1.0,4.0,Final,1.0
2026-05-02,822988,SF,TB,Landen Roupp,Griffin Jax,TB,0.5247372388839722,0.4752627611160278,2026-05-02T22:10:00Z,-118.0,102.0,-0.0305701857906277,-118.0,False,0.0,0.0,23.0,1.1999999999999993,0.0521739130434782,TB,5.0,1.0,Final,1.0
2026-05-02,823067,LAD,STL,Roki Sasaki,Michael McGreevy,LAD,0.4869444668292999,0.5130555629730225,2026-05-02T23:15:00Z,120.0,-136.0,-0.1096976995468139,-136.0,False,0.0,0.0,23.0,1.1999999999999993,0.0521739130434782,STL,3.0,2.0,Final,0.0
2026-05-02,823144,KC,SEA,Seth Lugo,Emerson Hancock,SEA,0.5069336295127869,0.4930663704872131,2026-05-03T01:40:00Z,-120.0,124.0,-0.0706216792265573,-120.0,False,0.0,0.0,23.0,1.1999999999999993,0.0521739130434782,KC,2.0,3.0,Final,0.0
2026-05-02,823308,CWS,SD,Sean Burke,Michael King,SD,0.5175960063934326,0.4824039936065674,2026-05-03T00:40:00Z,-172.0,157.0,-0.1814760829127111,-172.0,False,0.0,0.0,23.0,1.1999999999999993,0.0521739130434782,CWS,0.0,4.0,Final,0.0
2026-05-02,823388,CIN,PIT,Rhett Lowder,Carmen Mlodzinski,CIN,0.486885130405426,0.513114869594574,2026-05-02T20:05:00Z,-120.0,102.0,0.0364920365810393,102.0,True,1.0,-1.0,24.0,0.1999999999999993,0.0083333333333333,PIT,17.0,7.0,Final,0.0
2026-05-02,823554,BAL,NYY,Kyle Bradish,Ryan Weathers,NYY,0.5361080169677734,0.4638919830322265,2026-05-02T17:35:00Z,-207.0,176.0,-0.2049026028545583,-207.0,False,0.0,0.0,24.0,0.1999999999999993,0.0083333333333333,NYY,9.0,4.0,Final,1.0
2026-05-02,823715,TOR,MIN,Dylan Cease,Connor Prielipp,TOR,0.4866617918014526,0.5133382081985474,2026-05-02T18:10:00Z,-112.0,-104.0,0.0069326391586891,-104.0,False,0.0,0.0,24.0,0.1999999999999993,0.0083333333333333,TOR,4.0,11.0,Final,1.0
2026-05-02,823876,PHI,MIA,Andrew Painter,Max Meyer,MIA,0.5005932450294495,0.4994067549705505,2026-05-02T20:10:00Z,120.0,-142.0,0.1013051390647888,120.0,True,1.0,1.2,25.0,1.3999999999999992,0.0559999999999999,MIA,4.0,0.0,Final,1.0
2026-05-02,824042,NYM,LAA,Nolan McLean,Reid Detmers,NYM,0.4860845506191253,0.5139154195785522,2026-05-03T01:38:00Z,112.0,-122.0,-0.0648424332259131,-122.0,False,0.0,0.0,25.0,1.3999999999999992,0.0559999999999999,LAA,4.0,3.0,Final,0.0
2026-05-02,824284,TEX,DET,Kumar Rocker,Keider Montero,DET,0.5063435435295105,0.4936564564704895,2026-05-02T23:15:00Z,-130.0,110.0,-0.1041614229862507,-130.0,False,0.0,0.0,25.0,1.3999999999999992,0.0559999999999999,DET,5.0,1.0,Final,1.0
2026-05-02,824365,ATL,COL,Chris Sale,Brennan Bernardino,ATL,0.4991427361965179,0.5008572340011597,2026-05-03T00:10:00Z,184.0,-175.0,-0.2129386322838919,-175.0,False,0.0,0.0,25.0,1.3999999999999992,0.0559999999999999,ATL,1.0,9.0,Final,1.0
2026-05-02,824685,AZ,CHC,Ryne Nelson,Shota Imanaga,CHC,0.5198500156402588,0.4801499843597412,2026-05-02T18:20:00Z,-156.0,132.0,-0.1469127948467548,-156.0,False,0.0,0.0,25.0,1.3999999999999992,0.0559999999999999,CHC,2.0,0.0,Final,1.0
2026-05-02,824771,HOU,BOS,Spencer Arrighetti,Connelly Early,BOS,0.526544988155365,0.473455011844635,2026-05-02T20:10:00Z,1400.0,-6000.0,6.898174822330475,1400.0,True,1.0,-1.0,26.0,0.3999999999999992,0.0153846153846153,HOU,3.0,6.0,Final,0.0
2026-05-02,825014,CLE,ATH,Slade Cecconi,Jacob Lopez,ATH,0.5290488600730896,0.4709511399269104,2026-05-02T20:05:00Z,102.0,-120.0,0.0686786973476409,102.0,True,1.0,-1.0,27.0,-0.6000000000000008,-0.0222222222222222,CLE,6.0,14.0,Final,0.0
2026-05-03,822742,MIL,WSH,Logan Henderson,PJ Poulin,MIL,0.4963816702365875,0.5036183595657349,2026-05-03T17:35:00Z,,,,,False,0.0,0.0,27.0,-0.6000000000000008,-0.0222222222222222,WSH,3.0,2.0,Final,0.0
2026-05-03,822987,SF,TB,Tyler Mahle,Steven Matz,TB,0.5247372388839722,0.4752627611160278,2026-05-03T17:40:00Z,,,,,False,0.0,0.0,27.0,-0.6000000000000008,-0.0222222222222222,TB,2.0,1.0,Final,1.0
2026-05-03,823065,LAD,STL,Justin Wrobleski,Dustin May,LAD,0.4869444668292999,0.5130555629730225,2026-05-03T18:15:00Z,,,,,False,0.0,0.0,27.0,-0.6000000000000008,-0.0222222222222222,LAD,1.0,4.0,Final,1.0
2026-05-03,823145,KC,SEA,Kris Bubic,Luis Castillo,SEA,0.5069336295127869,0.4930663704872131,2026-05-03T20:10:00Z,,,,,False,0.0,0.0,27.0,-0.6000000000000008,-0.0222222222222222,KC,1.0,4.0,Final,0.0
2026-05-03,823307,CWS,SD,Anthony Kay,Griffin Canning,SD,0.5175960063934326,0.4824039936065674,2026-05-03T20:10:00Z,,,,,False,0.0,0.0,27.0,-0.6000000000000008,-0.0222222222222222,SD,4.0,3.0,Final,1.0
2026-05-03,823387,CIN,PIT,Chase Burns,Braxton Ashcraft,CIN,0.486885130405426,0.513114869594574,2026-05-03T17:35:00Z,,,,,False,0.0,0.0,27.0,-0.6000000000000008,-0.0222222222222222,PIT,1.0,0.0,Final,0.0
2026-05-03,823555,BAL,NYY,Trey Gibson,Max Fried,NYY,0.5361080169677734,0.4638919830322265,2026-05-03T17:35:00Z,-215.0,180.0,-0.214539417000704,-215.0,False,0.0,0.0,27.0,-0.6000000000000008,-0.0222222222222222,NYY,11.0,3.0,Final,1.0
2026-05-03,823711,TOR,MIN,Trey Yesavage,Joe Ryan,TOR,0.4866617918014526,0.5133382081985474,2026-05-03T16:45:00Z,,,,,False,0.0,0.0,27.0,-0.6000000000000008,-0.0222222222222222,MIN,4.0,3.0,Final,0.0
2026-05-03,823875,PHI,MIA,Jesús Luzardo,Chris Paddack,MIA,0.5005932450294495,0.4994067549705505,2026-05-03T17:40:00Z,-102.0,-115.0,-0.0086290637652078,-102.0,False,0.0,0.0,27.0,-0.6000000000000008,-0.0222222222222222,PHI,2.0,7.0,Final,0.0
2026-05-03,824043,NYM,LAA,Clay Holmes,Jack Kochanowicz,NYM,0.4860845506191253,0.5139154195785522,2026-05-03T20:07:00Z,,,,,False,0.0,0.0,27.0,-0.6000000000000008,-0.0222222222222222,NYM,1.0,5.0,Final,1.0
2026-05-03,824285,TEX,DET,Jack Leiter,Tyler Holton,DET,0.5063435435295105,0.4936564564704895,2026-05-03T23:20:00Z,,,,,False,0.0,0.0,27.0,-0.6000000000000008,-0.0222222222222222,DET,7.0,1.0,Final,1.0
2026-05-03,824364,ATL,COL,Spencer Strider,Kyle Freeland,ATL,0.4991427361965179,0.5008572340011597,2026-05-03T19:10:00Z,,,,,False,0.0,0.0,27.0,-0.6000000000000008,-0.0222222222222222,ATL,6.0,11.0,Final,1.0
2026-05-03,824687,AZ,CHC,Merrill Kelly,Matthew Boyd,CHC,0.5198500156402588,0.4801499843597412,2026-05-03T18:20:00Z,,,,,False,0.0,0.0,27.0,-0.6000000000000008,-0.0222222222222222,CHC,8.0,4.0,Final,1.0
2026-05-03,824769,HOU,BOS,Cody Bolton,Ranger Suarez,BOS,0.526544988155365,0.473455011844635,2026-05-03T17:35:00Z,,,,,False,0.0,0.0,27.0,-0.6000000000000008,-0.0222222222222222,HOU,1.0,3.0,Final,0.0
2026-05-03,825013,CLE,ATH,Parker Messick,Aaron Civale,ATH,0.5290488600730896,0.4709511399269104,2026-05-03T20:05:00Z,,,,,False,0.0,0.0,27.0,-0.6000000000000008,-0.0222222222222222,ATH,7.0,1.0,Final,1.0
2026-05-04,822984,TOR,TB,,Nick Martinez,TB,0.5050612092018127,0.4949387907981872,2026-05-04T22:40:00Z,-112.0,-102.0,-0.043991282582283,-112.0,False,0.0,0.0,27.0,-0.6000000000000008,-0.0222222222222222,TB,5.0,1.0,Final,1.0
2026-05-04,823064,MIL,STL,Chad Patrick,Kyle Leahy,STL,0.5068060159683228,0.4931939840316772,2026-05-04T23:45:00Z,-102.0,-110.0,0.0036746590745215,-102.0,False,0.0,0.0,27.0,-0.6000000000000008,-0.0222222222222222,STL,6.0,3.0,Final,1.0
2026-05-04,823143,ATL,SEA,JR Ritchie,Logan Gilbert,SEA,0.5237864851951599,0.4762135148048401,2026-05-05T01:40:00Z,-163.0,144.0,-0.1548721128446192,-163.0,False,0.0,0.0,27.0,-0.6000000000000008,-0.0222222222222222,SEA,5.0,4.0,Final,1.0
2026-05-04,823228,SD,SF,Randy Vásquez,Trevor McDonald,SF,0.5349045991897583,0.4650954008102417,2026-05-05T01:45:00Z,123.0,-144.0,0.192837256193161,123.0,True,1.0,1.23,28.0,0.6299999999999992,0.0224999999999999,SF,3.0,2.0,Final,1.0
2026-05-04,823552,BAL,NYY,Shane Baz,Cam Schlittler,NYY,0.5361080169677734,0.4638919830322265,2026-05-04T23:05:00Z,-230.0,190.0,-0.2308015408723251,-230.0,False,0.0,0.0,28.0,0.6299999999999992,0.0224999999999999,NYY,12.0,1.0,Final,1.0
2026-05-04,823874,PHI,MIA,Aaron Nola,Janson Junk,MIA,0.5005932450294495,0.4994067549705505,2026-05-04T22:40:00Z,-102.0,-115.0,-0.0086290637652078,-102.0,False,0.0,0.0,28.0,0.6299999999999992,0.0224999999999999,PHI,0.0,1.0,Final,0.0
2026-05-04,824039,CWS,LAA,Davis Martin,José Soriano,LAA,0.5095257759094238,0.4904742240905761,2026-05-05T01:38:00Z,-162.0,136.0,-0.17595214019587,-162.0,False,0.0,0.0,28.0,0.6299999999999992,0.0224999999999999,CWS,0.0,6.0,Final,0.0
2026-05-04,824120,CLE,KC,Tanner Bibee,Michael Wacha,KC,0.5220938920974731,0.4779061079025268,2026-05-04T23:40:00Z,-122.0,106.0,-0.0499602947078767,-122.0,False,0.0,0.0,28.0,0.6299999999999992,0.0224999999999999,KC,6.0,2.0,Final,1.0
2026-05-04,824201,LAD,HOU,Yoshinobu Yamamoto,Steven Okert,HOU,0.5087753534317017,0.4912246465682983,2026-05-05T00:10:00Z,179.0,-205.0,0.4194832360744476,179.0,True,1.0,-1.0,29.0,-0.3700000000000008,-0.0127586206896552,LAD,3.0,8.0,Final,0.0
2026-05-04,824283,BOS,DET,Payton Tolle,Tarik Skubal,DET,0.5286457538604736,0.4713542461395263,2026-05-04T22:40:00Z,-230.0,194.0,-0.24150826620019,-230.0,False,0.0,0.0,29.0,-0.3700000000000008,-0.0127586206896552,BOS,4.0,5.0,Final,0.0
2026-05-04,824363,NYM,COL,,Tomoyuki Sugano,NYM,0.4842087030410766,0.5157912969589233,2026-05-04T21:40:00Z,126.0,-148.0,-0.135701069960723,-148.0,False,0.0,0.0,29.0,-0.3700000000000008,-0.0127586206896552,NYM,2.0,4.0,Final,1.0
2026-05-04,824684,CIN,CHC,Chase Petty,Edward Cabrera,CIN,0.4949102997779846,0.5050897002220154,2026-05-04T23:40:00Z,-205.0,172.0,0.3738439846038817,172.0,True,1.0,-1.0,30.0,-1.3700000000000008,-0.0456666666666666,CHC,5.0,4.0,Final,0.0
2026-05-05,822743,MIN,WSH,Taj Bradley,Cade Cavalli,WSH,0.5161797404289246,0.4838202595710754,2026-05-05T22:45:00Z,,,,,False,0.0,0.0,30.0,-1.3700000000000008,-0.0456666666666666,MIN,3.0,11.0,Final,0.0
2026-05-05,822986,TOR,TB,Kevin Gausman,Drew Rasmussen,TB,0.5050612092018127,0.4949387907981872,2026-05-05T22:40:00Z,,,,,False,0.0,0.0,30.0,-1.3700000000000008,-0.0456666666666666,TB,4.0,3.0,Final,1.0
2026-05-05,823142,ATL,SEA,Bryce Elder,George Kirby,SEA,0.5237864851951599,0.4762135148048401,2026-05-06T01:40:00Z,,,,,False,0.0,0.0,30.0,-1.3700000000000008,-0.0456666666666666,ATL,2.0,3.0,Final,0.0
2026-05-05,823227,SD,SF,Walker Buehler,Logan Webb,SF,0.5349045991897583,0.4650954008102417,2026-05-06T01:45:00Z,,,,,False,0.0,0.0,30.0,-1.3700000000000008,-0.0456666666666666,SD,5.0,10.0,Final,0.0
2026-05-05,823469,ATH,PHI,Luis Severino,Cristopher Sánchez,PHI,0.5216280817985535,0.4783719182014465,2026-05-05T22:40:00Z,,,,,False,0.0,0.0,30.0,-1.3700000000000008,-0.0456666666666666,PHI,9.0,1.0,Final,1.0
2026-05-05,823553,TEX,NYY,Jacob deGrom,Elmer Rodríguez,NYY,0.5294617414474487,0.4705382585525512,2026-05-05T23:05:00Z,,,,,False,0.0,0.0,30.0,-1.3700000000000008,-0.0456666666666666,NYY,7.0,4.0,Final,1.0
2026-05-05,823873,BAL,MIA,Chris Bassitt,Sandy Alcantara,MIA,0.5244150757789612,0.4755849242210388,2026-05-05T22:40:00Z,,,,,False,0.0,0.0,30.0,-1.3700000000000008,-0.0456666666666666,BAL,7.0,9.0,Final,0.0
2026-05-05,824040,CWS,LAA,Erick Fedde,Sam Aldegheri,LAA,0.5095257759094238,0.4904742240905761,2026-05-06T01:38:00Z,,,,,False,0.0,0.0,30.0,-1.3700000000000008,-0.0456666666666666,LAA,4.0,3.0,Final,1.0
2026-05-05,824119,CLE,KC,Gavin Williams,Stephen Kolek,KC,0.5220938920974731,0.4779061079025268,2026-05-05T23:40:00Z,,,,,False,0.0,0.0,30.0,-1.3700000000000008,-0.0456666666666666,KC,5.0,3.0,Final,1.0
2026-05-05,824200,LAD,HOU,Shohei Ohtani,Peter Lambert,HOU,0.5087753534317017,0.4912246465682983,2026-05-06T00:10:00Z,,,,,False,0.0,0.0,30.0,-1.3700000000000008,-0.0456666666666666,HOU,2.0,1.0,Final,1.0
2026-05-05,824281,BOS,DET,Jovani Morán,Framber Valdez,DET,0.5286457538604736,0.4713542461395263,2026-05-05T22:40:00Z,,,,,False,0.0,0.0,30.0,-1.3700000000000008,-0.0456666666666666,BOS,3.0,10.0,Final,0.0
2026-05-05,824682,CIN,CHC,Andrew Abbott,Jameson Taillon,CIN,0.4949102997779846,0.5050897002220154,2026-05-05T23:40:00Z,,,,,False,0.0,0.0,30.0,-1.3700000000000008,-0.0456666666666666,CHC,3.0,2.0,Final,0.0
2026-05-05,825092,PIT,AZ,Bubba Chandler,Eduardo Rodriguez,AZ,0.507122278213501,0.492877721786499,2026-05-06T01:40:00Z,,,,,False,0.0,0.0,30.0,-1.3700000000000008,-0.0456666666666666,AZ,9.0,0.0,Final,1.0
2026-05-06,822740,MIN,WSH,Bailey Ober,Miles Mikolas,WSH,0.5161797404289246,0.4838202595710754,2026-05-06T22:45:00Z,,,,,False,0.0,0.0,30.0,-1.3700000000000008,-0.0456666666666666,WSH,15.0,2.0,Final,1.0
2026-05-06,822985,TOR,TB,Patrick Corbin,Shane McClanahan,TB,0.5050612092018127,0.4949387907981872,2026-05-06T17:10:00Z,,,,,False,0.0,0.0,30.0,-1.3700000000000008,-0.0456666666666666,TB,3.0,0.0,Final,1.0
2026-05-06,823063,MIL,STL,Brandon Sproat,Andre Pallante,STL,0.5068060159683228,0.4931939840316772,2026-05-06T17:15:00Z,,,,,False,0.0,0.0,30.0,-1.3700000000000008,-0.0456666666666666,MIL,2.0,6.0,Final,0.0
2026-05-06,823141,ATL,SEA,Martín Pérez,Bryan Woo,SEA,0.5237864851951599,0.4762135148048401,2026-05-06T20:10:00Z,,,,,False,0.0,0.0,30.0,-1.3700000000000008,-0.0456666666666666,SEA,3.0,1.0,Final,1.0
2026-05-06,823226,SD,SF,Bradgley Rodriguez,Adrian Houser,SF,0.5349045991897583,0.4650954008102417,2026-05-06T19:45:00Z,,,,,False,0.0,0.0,30.0,-1.3700000000000008,-0.0456666666666666,SD,1.0,5.0,Final,0.0
2026-05-06,823470,ATH,PHI,Jeffrey Springs,Zack Wheeler,PHI,0.5216280817985535,0.4783719182014465,2026-05-06T22:40:00Z,,,,,False,0.0,0.0,30.0,-1.3700000000000008,-0.0456666666666666,PHI,6.0,3.0,Final,1.0
2026-05-06,823550,TEX,NYY,Nathan Eovaldi,Will Warren,NYY,0.5294617414474487,0.4705382585525512,2026-05-06T23:05:00Z,,,,,False,0.0,0.0,30.0,-1.3700000000000008,-0.0456666666666666,TEX,1.0,6.0,Final,0.0
2026-05-06,823872,BAL,MIA,Brandon Young,Eury Pérez,MIA,0.5244150757789612,0.4755849242210388,2026-05-06T22:40:00Z,,,,,False,0.0,0.0,30.0,-1.3700000000000008,-0.0456666666666666,BAL,4.0,7.0,Final,0.0
2026-05-06,824036,CWS,LAA,Noah Schultz,Walbert Ureña,LAA,0.5095257759094238,0.4904742240905761,2026-05-06T20:07:00Z,,,,,False,0.0,0.0,30.0,-1.3700000000000008,-0.0456666666666666,LAA,8.0,2.0,Final,1.0
2026-05-06,824118,CLE,KC,Joey Cantillo,Cole Ragans,KC,0.5220938920974731,0.4779061079025268,2026-05-06T23:40:00Z,,,,,False,0.0,0.0,30.0,-1.3700000000000008,-0.0456666666666666,CLE,1.0,3.0,Final,0.0
2026-05-06,824198,LAD,HOU,Tyler Glasnow,Lance McCullers Jr.,HOU,0.5087753534317017,0.4912246465682983,2026-05-06T18:10:00Z,,,,,False,0.0,0.0,30.0,-1.3700000000000008,-0.0456666666666666,LAD,2.0,12.0,Final,0.0
2026-05-06,824282,BOS,DET,Sonny Gray,Jack Flaherty,DET,0.5286457538604736,0.4713542461395263,2026-05-06T22:40:00Z,,,,,False,0.0,0.0,30.0,-1.3700000000000008,-0.0456666666666666,BOS,0.0,4.0,Final,0.0
2026-05-06,824361,NYM,COL,Freddy Peralta,Michael Lorenzen,NYM,0.4842087030410766,0.5157912969589233,2026-05-07T01:20:00Z,,,,,False,0.0,0.0,30.0,-1.3700000000000008,-0.0456666666666666,NYM,5.0,10.0,Final,1.0
2026-05-06,824683,CIN,CHC,Brady Singer,Colin Rea,CIN,0.4949102997779846,0.5050897002220154,2026-05-06T23:40:00Z,,,,,False,0.0,0.0,30.0,-1.3700000000000008,-0.0456666666666666,CHC,7.0,6.0,Final,0.0
2026-05-06,825091,PIT,AZ,Paul Skenes,Michael Soroka,AZ,0.507122278213501,0.492877721786499,2026-05-07T01:40:00Z,,,,,False,0.0,0.0,30.0,-1.3700000000000008,-0.0456666666666666,PIT,0.0,1.0,Final,0.0
2026-05-07,822741,MIN,WSH,Simeon Woods Richardson,Jake Irvin,WSH,0.5161797404289246,0.4838202595710754,2026-05-07T17:05:00Z,,,,,False,0.0,0.0,30.0,-1.3700000000000008,-0.0456666666666666,WSH,7.0,5.0,Final,1.0
2026-05-07,823306,STL,SD,Matthew Liberatore,Michael King,SD,0.513275146484375,0.486724853515625,2026-05-08T02:10:00Z,,,,,False,0.0,0.0,30.0,-1.3700000000000008,-0.0456666666666666,STL,1.0,2.0,Final,0.0
2026-05-07,823467,ATH,PHI,J.T. Ginn,Andrew Painter,PHI,0.5216280817985535,0.4783719182014465,2026-05-07T22:40:00Z,,,,,False,0.0,0.0,30.0,-1.3700000000000008,-0.0456666666666666,ATH,1.0,12.0,Final,0.0
2026-05-07,823551,TEX,NYY,MacKenzie Gore,Paul Blackburn,NYY,0.5294617414474487,0.4705382585525512,2026-05-07T16:35:00Z,,,,,False,0.0,0.0,30.0,-1.3700000000000008,-0.0456666666666666,NYY,9.0,2.0,Final,1.0
2026-05-07,823870,BAL,MIA,Cade Povich,Max Meyer,MIA,0.5244150757789612,0.4755849242210388,2026-05-07T22:40:00Z,,,,,False,0.0,0.0,30.0,-1.3700000000000008,-0.0456666666666666,MIA,4.0,3.0,Final,1.0
2026-05-07,824117,CLE,KC,Slade Cecconi,Seth Lugo,KC,0.5220938920974731,0.4779061079025268,2026-05-07T18:10:00Z,,,,,False,0.0,0.0,30.0,-1.3700000000000008,-0.0456666666666666,CLE,5.0,8.0,Final,0.0
2026-05-07,824362,NYM,COL,Christian Scott,Jose Quintana,NYM,0.4842087030410766,0.5157912969589233,2026-05-07T19:10:00Z,,,,,False,0.0,0.0,30.0,-1.3700000000000008,-0.0456666666666666,,,,Postponed,
2026-05-07,824362,NYM,COL,Christian Scott,Jose Quintana,NYM,0.4842087030410766,0.5157912969589233,2026-05-07T19:10:00Z,,,,,False,0.0,0.0,30.0,-1.3700000000000008,-0.0456666666666666,COL,6.0,2.0,Final,0.0
2026-05-07,824681,CIN,CHC,Rhett Lowder,Shota Imanaga,CIN,0.4949102997779846,0.5050897002220154,2026-05-07T18:20:00Z,,,,,False,0.0,0.0,30.0,-1.3700000000000008,-0.0456666666666666,CHC,8.0,3.0,Final,0.0
2026-05-07,824767,TB,BOS,Griffin Jax,Jake Bennett,BOS,0.5019946098327637,0.4980053901672363,2026-05-07T23:10:00Z,,,,,False,0.0,0.0,30.0,-1.3700000000000008,-0.0456666666666666,TB,4.0,8.0,Final,0.0
2026-05-07,825090,PIT,AZ,Mitch Keller,Zac Gallen,AZ,0.507122278213501,0.492877721786499,2026-05-07T19:40:00Z,,,,,False,0.0,0.0,30.0,-1.3700000000000008,-0.0456666666666666,PIT,2.0,4.0,Final,0.0
2026-05-08,822822,LAA,TOR,Reid Detmers,Dylan Cease,TOR,0.5222370028495789,0.4777629971504211,2026-05-08T23:07:00Z,-175.0,150.0,-0.1793418526649475,-175.0,False,0.0,0.0,30.0,-1.3700000000000008,-0.0456666666666666,TOR,2.0,0.0,Final,1.0
2026-05-08,822904,CHC,TEX,Ben Brown,Kumar Rocker,TEX,0.5141715407371521,0.4858284592628479,2026-05-09T00:05:00Z,3500.0,-142.0,17.510175466537476,3500.0,True,1.0,-1.0,31.0,-2.370000000000001,-0.0764516129032258,CHC,1.0,7.0,Final,0.0
2026-05-08,823225,PIT,SF,Carmen Mlodzinski,Robbie Ray,SF,0.5310203433036804,0.4689796566963196,2026-05-09T02:15:00Z,-104.0,108.0,0.041616827249527,-104.0,True,1.0,0.9615384615384616,32.0,-1.408461538461539,-0.0440144230769231,SF,5.0,2.0,Final,1.0
2026-05-08,823303,STL,SD,Michael McGreevy,Griffin Canning,SD,0.513275146484375,0.486724853515625,2026-05-09T01:45:00Z,-139.0,123.0,-0.117462158203125,-139.0,False,0.0,0.0,32.0,-1.408461538461539,-0.0440144230769231,STL,0.0,6.0,Final,0.0
2026-05-08,823466,COL,PHI,Chase Dollander,Jesús Luzardo,PHI,0.5403552651405334,0.4596447348594665,2026-05-08T22:40:00Z,461.0,163.0,2.031393037438393,461.0,True,1.0,-1.0,33.0,-2.40846153846154,-0.072983682983683,COL,7.0,9.0,Final,0.0
2026-05-08,823794,NYY,MIL,Max Fried,Jacob Misiorowski,NYY,0.4827468991279602,0.5172531008720398,2026-05-08T23:40:00Z,124.0,-146.0,-0.1284639533251931,-146.0,False,0.0,0.0,33.0,-2.40846153846154,-0.072983682983683,MIL,6.0,0.0,Final,0.0
2026-05-08,823871,WSH,MIA,Foster Griffin,Robby Snelling,MIA,0.5239284634590149,0.4760715365409851,2026-05-08T23:10:00Z,-156.0,135.0,-0.1402199574005909,-156.0,False,0.0,0.0,33.0,-2.40846153846154,-0.072983682983683,WSH,2.0,3.0,Final,0.0
2026-05-08,823957,ATL,LAD,Chris Sale,Emmet Sheehan,LAD,0.5224936008453369,0.4775063991546631,2026-05-09T02:10:00Z,-121.0,142.0,-0.0456935058940541,-121.0,False,0.0,0.0,33.0,-2.40846153846154,-0.072983682983683,LAD,3.0,1.0,Final,1.0
2026-05-08,824116,DET,KC,Keider Montero,Kris Bubic,KC,0.5280359387397766,0.4719640612602234,2026-05-08T23:40:00Z,-130.0,144.0,-0.0657825699219337,-130.0,False,0.0,0.0,33.0,-2.40846153846154,-0.072983682983683,KC,4.0,3.0,Final,1.0
2026-05-08,824443,MIN,CLE,Connor Prielipp,Parker Messick,CLE,0.508821964263916,0.491178035736084,2026-05-08T23:15:00Z,-108.0,1060.0,-0.0200465873435691,-108.0,False,0.0,0.0,33.0,-2.40846153846154,-0.072983682983683,CLE,6.0,4.0,Final,1.0
2026-05-08,824522,HOU,CIN,Mike Burrows,Nick Lodolo,CIN,0.5033532977104187,0.4966467022895813,2026-05-08T22:10:00Z,-156.0,141.0,-0.1739843319623898,-156.0,False,0.0,0.0,33.0,-2.40846153846154,-0.072983682983683,HOU,0.0,10.0,Final,0.0
2026-05-08,824607,SEA,CWS,Emerson Hancock,Sean Burke,SEA,0.4850084483623504,0.5149915218353271,2026-05-08T23:40:00Z,119.0,-138.0,-0.1118262159651603,-138.0,False,0.0,0.0,33.0,-2.40846153846154,-0.072983682983683,SEA,8.0,12.0,Final,1.0
2026-05-08,824768,TB,BOS,Jesse Scholtens,Connelly Early,BOS,0.5019946098327637,0.4980053901672363,2026-05-08T23:10:00Z,-149.0,130.0,-0.1610962560512875,-149.0,False,0.0,0.0,33.0,-2.40846153846154,-0.072983682983683,BOS,2.0,0.0,Final,1.0
2026-05-08,824846,ATH,BAL,Jacob Lopez,Kyle Bradish,ATH,0.4795504808425903,0.5204495191574097,2026-05-08T23:05:00Z,-130.0,113.0,0.1085574758052825,113.0,True,1.0,1.13,34.0,-1.2784615384615394,-0.0376018099547511,ATH,3.0,4.0,Final,1.0
2026-05-08,825088,NYM,AZ,Nolan McLean,Ryne Nelson,AZ,0.5096814036369324,0.4903185963630676,2026-05-09T01:40:00Z,102.0,119.0,0.0295564353466033,102.0,True,1.0,-1.0,35.0,-2.2784615384615394,-0.0650989010989011,NYM,1.0,3.0,Final,0.0
2026-05-09,822820,LAA,TOR,Jack Kochanowicz,Trey Yesavage,TOR,0.5222370028495789,0.4777629971504211,2026-05-09T19:07:00Z,,,,,False,0.0,0.0,35.0,-2.2784615384615394,-0.0650989010989011,TOR,14.0,1.0,Final,1.0
2026-05-09,822905,CHC,TEX,Edward Cabrera,Jack Leiter,TEX,0.5141715407371521,0.4858284592628479,2026-05-09T23:05:00Z,,,,,False,0.0,0.0,35.0,-2.2784615384615394,-0.0650989010989011,TEX,6.0,0.0,Final,1.0
2026-05-09,823224,PIT,SF,Braxton Ashcraft,Landen Roupp,SF,0.5310203433036804,0.4689796566963196,2026-05-10T01:05:00Z,,,,,False,0.0,0.0,35.0,-2.2784615384615394,-0.0650989010989011,PIT,3.0,13.0,Final,0.0
2026-05-09,823304,STL,SD,Dustin May,Randy Vásquez,SD,0.513275146484375,0.486724853515625,2026-05-09T23:15:00Z,,,,,False,0.0,0.0,35.0,-2.2784615384615394,-0.0650989010989011,SD,4.0,2.0,Final,1.0
2026-05-09,823468,COL,PHI,Kyle Freeland,Aaron Nola,PHI,0.5403552651405334,0.4596447348594665,2026-05-09T22:05:00Z,,,,,False,0.0,0.0,35.0,-2.2784615384615394,-0.0650989010989011,PHI,9.0,3.0,Final,1.0
2026-05-09,823792,NYY,MIL,Cam Schlittler,Kyle Harrison,NYY,0.4827468991279602,0.5172531008720398,2026-05-09T23:10:00Z,,,,,False,0.0,0.0,35.0,-2.2784615384615394,-0.0650989010989011,MIL,4.0,3.0,Final,0.0
2026-05-09,823869,WSH,MIA,Richard Lovelady,Janson Junk,MIA,0.5239284634590149,0.4760715365409851,2026-05-09T20:10:00Z,,,,,False,0.0,0.0,35.0,-2.2784615384615394,-0.0650989010989011,MIA,8.0,7.0,Final,1.0
2026-05-09,823955,ATL,LAD,Spencer Strider,Blake Snell,LAD,0.5224936008453369,0.4775063991546631,2026-05-10T01:10:00Z,,,,,False,0.0,0.0,35.0,-2.2784615384615394,-0.0650989010989011,ATL,2.0,7.0,Final,0.0
2026-05-09,824115,DET,KC,Burch Smith,Michael Wacha,KC,0.5280359387397766,0.4719640612602234,2026-05-09T23:10:00Z,,,,,False,0.0,0.0,35.0,-2.2784615384615394,-0.0650989010989011,KC,5.0,1.0,Final,1.0
2026-05-09,824444,MIN,CLE,Joe Ryan,Tanner Bibee,CLE,0.508821964263916,0.491178035736084,2026-05-09T22:10:00Z,,,,,False,0.0,0.0,35.0,-2.2784615384615394,-0.0650989010989011,MIN,1.0,2.0,Final,0.0
2026-05-09,824523,HOU,CIN,Spencer Arrighetti,Chase Burns,CIN,0.5033532977104187,0.4966467022895813,2026-05-09T20:10:00Z,,,,,False,0.0,0.0,35.0,-2.2784615384615394,-0.0650989010989011,CIN,3.0,1.0,Final,1.0
2026-05-09,824606,SEA,CWS,Luis Castillo,Anthony Kay,SEA,0.4850084483623504,0.5149915218353271,2026-05-09T23:10:00Z,,,,,False,0.0,0.0,35.0,-2.2784615384615394,-0.0650989010989011,CWS,6.0,1.0,Final,0.0
2026-05-09,824847,ATH,BAL,Aaron Civale,Shane Baz,ATH,0.4795504808425903,0.5204495191574097,2026-05-09T20:05:00Z,,,,,False,0.0,0.0,35.0,-2.2784615384615394,-0.0650989010989011,ATH,2.0,6.0,Final,1.0
2026-05-09,825089,NYM,AZ,Clay Holmes,Merrill Kelly,AZ,0.5096814036369324,0.4903185963630676,2026-05-09T23:15:00Z,,,,,False,0.0,0.0,35.0,-2.2784615384615394,-0.0650989010989011,AZ,2.0,1.0,Final,1.0
2026-05-10,822819,LAA,TOR,José Soriano,Spencer Miles,TOR,0.5222370028495789,0.4777629971504211,2026-05-10T17:37:00Z,,,,,False,0.0,0.0,35.0,-2.2784615384615394,-0.0650989010989011,LAA,1.0,6.0,Final,0.0
2026-05-10,822902,CHC,TEX,Jameson Taillon,Jacob deGrom,TEX,0.5141715407371521,0.4858284592628479,2026-05-10T18:35:00Z,,,,,False,0.0,0.0,35.0,-2.2784615384615394,-0.0650989010989011,TEX,3.0,0.0,Final,1.0
2026-05-10,823221,PIT,SF,Bubba Chandler,Tyler Mahle,SF,0.5310203433036804,0.4689796566963196,2026-05-10T20:05:00Z,,,,,False,0.0,0.0,35.0,-2.2784615384615394,-0.0650989010989011,SF,7.0,6.0,Final,1.0
2026-05-10,823305,STL,SD,Kyle Leahy,Walker Buehler,SD,0.513275146484375,0.486724853515625,2026-05-10T20:10:00Z,,,,,False,0.0,0.0,35.0,-2.2784615384615394,-0.0650989010989011,SD,3.0,2.0,Final,1.0
2026-05-10,823463,COL,PHI,Tomoyuki Sugano,Cristopher Sánchez,PHI,0.5403552651405334,0.4596447348594665,2026-05-10T17:35:00Z,,,,,False,0.0,0.0,35.0,-2.2784615384615394,-0.0650989010989011,PHI,6.0,0.0,Final,1.0
2026-05-10,823793,NYY,MIL,Carlos Rodón,Logan Henderson,NYY,0.4827468991279602,0.5172531008720398,2026-05-10T18:10:00Z,,,,,False,0.0,0.0,35.0,-2.2784615384615394,-0.0650989010989011,MIL,4.0,3.0,Final,0.0
2026-05-10,823868,WSH,MIA,Cade Cavalli,Sandy Alcantara,MIA,0.5239284634590149,0.4760715365409851,2026-05-10T16:15:00Z,,,,,False,0.0,0.0,35.0,-2.2784615384615394,-0.0650989010989011,MIA,5.0,2.0,Final,1.0
2026-05-10,823954,ATL,LAD,Bryce Elder,Justin Wrobleski,LAD,0.5224936008453369,0.4775063991546631,2026-05-10T20:10:00Z,,,,,False,0.0,0.0,35.0,-2.2784615384615394,-0.0650989010989011,ATL,2.0,7.0,Final,0.0
2026-05-10,824113,DET,KC,Brenan Hanifee,Noah Cameron,KC,0.5280359387397766,0.4719640612602234,2026-05-10T23:20:00Z,,,,,False,0.0,0.0,35.0,-2.2784615384615394,-0.0650989010989011,DET,3.0,6.0,Final,0.0
2026-05-10,824440,MIN,CLE,Andrew Morris,Gavin Williams,CLE,0.508821964263916,0.491178035736084,2026-05-10T17:40:00Z,,,,,False,0.0,0.0,35.0,-2.2784615384615394,-0.0650989010989011,MIN,4.0,5.0,Final,0.0
2026-05-10,824520,HOU,CIN,Kai-Wei Teng,Andrew Abbott,CIN,0.5033532977104187,0.4966467022895813,2026-05-10T17:40:00Z,,,,,False,0.0,0.0,35.0,-2.2784615384615394,-0.0650989010989011,CIN,5.0,0.0,Final,1.0
2026-05-10,824605,SEA,CWS,Logan Gilbert,Davis Martin,SEA,0.4850084483623504,0.5149915218353271,2026-05-10T18:10:00Z,,,,,False,0.0,0.0,35.0,-2.2784615384615394,-0.0650989010989011,CWS,2.0,1.0,Final,0.0
2026-05-10,824765,TB,BOS,Nick Martinez,Payton Tolle,BOS,0.5019946098327637,0.4980053901672363,2026-05-10T17:35:00Z,,,,,False,0.0,0.0,35.0,-2.2784615384615394,-0.0650989010989011,TB,1.0,4.0,Final,0.0
2026-05-10,824845,ATH,BAL,Luis Severino,Keegan Akin,ATH,0.4795504808425903,0.5204495191574097,2026-05-10T17:35:00Z,,,,,False,0.0,0.0,35.0,-2.2784615384615394,-0.0650989010989011,BAL,2.0,1.0,Final,0.0
2026-05-10,825085,NYM,AZ,Huascar Brazobán,Eduardo Rodriguez,AZ,0.5096814036369324,0.4903185963630676,2026-05-10T20:10:00Z,,,,,False,0.0,0.0,35.0,-2.2784615384615394,-0.0650989010989011,AZ,5.0,1.0,Final,1.0
2026-05-11,822818,TB,TOR,Drew Rasmussen,Kevin Gausman,TOR,0.5035598278045654,0.4964401721954345,2026-05-11T23:07:00Z,100.0,-110.0,0.0071196556091308,100.0,False,0.0,0.0,35.0,-2.2784615384615394,-0.0650989010989011,TB,5.0,8.0,Final,0.0
2026-05-11,822901,AZ,TEX,Michael Soroka,Jakob Junis,TEX,0.5079761147499084,0.4920238852500915,2026-05-12T00:05:00Z,-134.0,116.0,-0.1129372324516524,-134.0,False,0.0,0.0,35.0,-2.2784615384615394,-0.0650989010989011,AZ,0.0,1.0,Final,0.0
2026-05-11,823953,SF,LAD,Trevor McDonald,Roki Sasaki,LAD,0.5053222179412842,0.4946777820587158,2026-05-12T02:10:00Z,-104.0,235.0,-0.0087910340382502,-104.0,False,0.0,0.0,35.0,-2.2784615384615394,-0.0650989010989011,SF,3.0,9.0,Final,0.0
2026-05-11,824199,SEA,HOU,George Kirby,Peter Lambert,HOU,0.5046780705451965,0.4953219294548034,2026-05-12T00:10:00Z,129.0,-152.0,0.1557127815485001,129.0,True,1.0,-1.0,36.0,-3.2784615384615394,-0.091068376068376,SEA,1.0,3.0,Final,0.0
2026-05-11,824441,LAA,CLE,Brent Suter,Joey Cantillo,CLE,0.5238602757453918,0.4761397242546081,2026-05-11T22:10:00Z,-130.0,113.0,-0.0731702813735375,-130.0,False,0.0,0.0,36.0,-3.2784615384615394,-0.091068376068376,CLE,7.0,2.0,Final,1.0
2026-05-11,824844,NYY,BAL,Ryan Weathers,Brandon Young,NYY,0.4828041493892669,0.5171958208084106,2026-05-11T22:35:00Z,152.0,-180.0,-0.1954731676313612,-180.0,False,0.0,0.0,36.0,-3.2784615384615394,-0.091068376068376,BAL,3.0,2.0,Final,0.0
2026-05-12,822817,TB,TOR,Shane McClanahan,Patrick Corbin,TOR,0.5035598278045654,0.4964401721954345,2026-05-12T23:07:00Z,219.0,146.0,0.6063558506965636,219.0,True,1.0,-1.0,37.0,-4.278461538461539,-0.1156340956340956,TB,6.0,7.0,Final,0.0
2026-05-12,822903,AZ,TEX,Zac Gallen,MacKenzie Gore,TEX,0.5079761147499084,0.4920238852500915,2026-05-13T00:05:00Z,-126.0,1300.0,-0.0888682386231801,-126.0,False,0.0,0.0,37.0,-4.278461538461539,-0.1156340956340956,TEX,7.0,4.0,Final,1.0
2026-05-12,823385,COL,PIT,Michael Lorenzen,Paul Skenes,PIT,0.5178878307342529,0.482112169265747,2026-05-12T22:40:00Z,-178.0,159.0,-0.1911639497521218,-178.0,False,0.0,0.0,37.0,-4.278461538461539,-0.1156340956340956,PIT,3.0,1.0,Final,1.0
2026-05-12,823632,DET,NYM,Jack Flaherty,Freddy Peralta,NYM,0.5199007987976074,0.4800992012023926,2026-05-12T23:10:00Z,-106.0,-110.0,0.0103732504934634,-106.0,False,0.0,0.0,37.0,-4.278461538461539,-0.1156340956340956,NYM,10.0,2.0,Final,1.0
2026-05-12,823712,MIA,MIN,Eury Pérez,Bailey Ober,MIA,0.4954321682453155,0.5045678615570068,2026-05-12T23:40:00Z,104.0,900.0,4.045678615570068,900.0,True,1.0,-1.0,38.0,-5.278461538461539,-0.1389068825910931,MIN,3.0,0.0,Final,0.0
2026-05-12,823790,SD,MIL,Bradgley Rodriguez,Brandon Sproat,MIL,0.5307189226150513,0.4692810773849487,2026-05-12T23:40:00Z,-134.0,1100.0,-0.0732221799110299,-134.0,False,0.0,0.0,38.0,-5.278461538461539,-0.1389068825910931,MIL,6.0,4.0,Final,1.0
2026-05-12,823951,SF,LAD,Adrian Houser,Yoshinobu Yamamoto,LAD,0.5053222179412842,0.4946777820587158,2026-05-13T02:10:00Z,-246.0,268.0,-0.2892622463102263,-246.0,False,0.0,0.0,38.0,-5.278461538461539,-0.1389068825910931,SF,2.0,6.0,Final,0.0
2026-05-12,824197,SEA,HOU,Bryan Woo,Tatsuya Imai,HOU,0.5046780705451965,0.4953219294548034,2026-05-13T00:10:00Z,1100.0,-120.0,5.056136846542358,1100.0,True,1.0,-1.0,39.0,-6.278461538461539,-0.1609861932938856,SEA,2.0,10.0,Final,0.0
2026-05-12,824442,LAA,CLE,Walbert Ureña,Slade Cecconi,CLE,0.5238602757453918,0.4761397242546081,2026-05-12T22:10:00Z,-142.0,120.0,-0.107224037109966,-142.0,False,0.0,0.0,39.0,-6.278461538461539,-0.1609861932938856,CLE,3.0,2.0,Final,1.0
2026-05-12,824521,WSH,CIN,Miles Mikolas,Brady Singer,CIN,0.5390741229057312,0.4609258770942688,2026-05-12T22:40:00Z,-158.0,135.0,-0.1197397233564642,-158.0,False,0.0,0.0,39.0,-6.278461538461539,-0.1609861932938856,WSH,4.0,10.0,Final,0.0
2026-05-12,824604,KC,CWS,Stephen Kolek,Erick Fedde,KC,0.4833609759807586,0.516638994216919,2026-05-12T23:40:00Z,-102.0,126.0,0.1676041269302367,126.0,True,1.0,-1.0,40.0,-7.278461538461539,-0.1819615384615384,CWS,6.0,5.0,Final,0.0
2026-05-12,824764,PHI,BOS,Zack Wheeler,Jovani Morán,BOS,0.5039216876029968,0.4960783123970032,2026-05-12T22:45:00Z,-132.0,119.0,-0.1143194581523086,-132.0,False,0.0,0.0,40.0,-7.278461538461539,-0.1819615384615384,PHI,1.0,2.0,Final,0.0
2026-05-12,824843,NYY,BAL,Will Warren,Trevor Rogers,NYY,0.4828041493892669,0.5171958208084106,2026-05-12T22:35:00Z,,,,,False,0.0,0.0,40.0,-7.278461538461539,-0.1819615384615384,NYY,2.0,6.0,Final,1.0
2026-05-12,824927,CHC,ATL,Colin Rea,Grant Holmes,CHC,0.4930508136749267,0.5069491863250732,2026-05-12T23:15:00Z,122.0,3000.0,14.71542477607727,3000.0,True,1.0,-1.0,41.0,-8.278461538461539,-0.2019136960600375,ATL,5.0,2.0,Final,0.0
2026-05-12,825011,STL,ATH,Andre Pallante,Jeffrey Springs,ATH,0.5155759453773499,0.4844240546226501,2026-05-13T01:40:00Z,-149.0,132.0,-0.1383999302083214,-149.0,False,0.0,0.0,41.0,-8.278461538461539,-0.2019136960600375,STL,4.0,6.0,Final,0.0
2026-05-13,822815,TB,TOR,Griffin Jax,Dylan Cease,TOR,0.5035598278045654,0.4964401721954345,2026-05-13T23:07:00Z,-186.0,146.0,-0.2257090819779262,-186.0,False,0.0,0.0,41.0,-8.278461538461539,-0.2019136960600375,TOR,5.0,3.0,Final,1.0
2026-05-13,822900,AZ,TEX,Ryne Nelson,Kumar Rocker,TEX,0.5079761147499084,0.4920238852500915,2026-05-14T00:05:00Z,-104.0,-109.0,-0.0035853133751795,-104.0,False,0.0,0.0,41.0,-8.278461538461539,-0.2019136960600375,TEX,6.0,5.0,Final,1.0
2026-05-13,823386,COL,PIT,Jose Quintana,Mitch Keller,PIT,0.5178878307342529,0.482112169265747,2026-05-13T22:40:00Z,-166.0,186.0,-0.1701315483414983,-166.0,False,0.0,0.0,41.0,-8.278461538461539,-0.2019136960600375,COL,4.0,10.0,Final,0.0
2026-05-13,823631,DET,NYM,Framber Valdez,Christian Scott,NYM,0.5199007987976074,0.4800992012023926,2026-05-13T23:10:00Z,115.0,152.0,0.1177867174148559,115.0,True,1.0,1.15,42.0,-7.128461538461538,-0.1697252747252747,NYM,3.0,2.0,Final,1.0
2026-05-13,823710,MIA,MIN,Max Meyer,Simeon Woods Richardson,MIA,0.4954321682453155,0.5045678615570068,2026-05-13T23:40:00Z,110.0,114.0,0.0797752237319944,114.0,True,1.0,1.14,43.0,-5.9884615384615385,-0.1392665474060823,MIA,5.0,9.0,Final,1.0
2026-05-13,823791,SD,MIL,Michael King,Jacob Misiorowski,MIL,0.5307189226150513,0.4692810773849487,2026-05-13T23:40:00Z,-136.0,139.0,-0.0790465754621169,-136.0,False,0.0,0.0,43.0,-5.9884615384615385,-0.1392665474060823,SD,1.0,3.0,Final,0.0
2026-05-13,823952,SF,LAD,Robbie Ray,Shohei Ohtani,LAD,0.5053222179412842,0.4946777820587158,2026-05-14T02:10:00Z,-168.0,205.0,-0.1938907475698561,-168.0,False,0.0,0.0,43.0,-5.9884615384615385,-0.1392665474060823,LAD,4.0,0.0,Final,1.0
2026-05-13,824195,SEA,HOU,Bryce Miller,Lance McCullers Jr.,HOU,0.5046780705451965,0.4953219294548034,2026-05-14T00:10:00Z,116.0,-118.0,0.0901046323776245,116.0,True,1.0,1.16,44.0,-4.828461538461538,-0.1097377622377622,HOU,4.0,3.0,Final,1.0
2026-05-13,824438,LAA,CLE,Reid Detmers,Parker Messick,CLE,0.5238602757453918,0.4761397242546081,2026-05-13T17:10:00Z,,,,,False,0.0,0.0,44.0,-4.828461538461538,-0.1097377622377622,CLE,4.0,2.0,Final,1.0
2026-05-13,824519,WSH,CIN,Jake Irvin,Nick Lodolo,CIN,0.5390741229057312,0.4609258770942688,2026-05-13T22:40:00Z,-162.0,700.0,-0.1281640728314717,-162.0,False,0.0,0.0,44.0,-4.828461538461538,-0.1097377622377622,WSH,7.0,8.0,Final,0.0
2026-05-13,824603,KC,CWS,Seth Lugo,Noah Schultz,KC,0.4833609759807586,0.516638994216919,2026-05-13T23:40:00Z,120.0,-112.0,-0.0220761895179749,-112.0,False,0.0,0.0,44.0,-4.828461538461538,-0.1097377622377622,CWS,6.0,5.0,Final,0.0
2026-05-13,824763,PHI,BOS,Andrew Painter,Sonny Gray,BOS,0.5039216876029968,0.4960783123970032,2026-05-13T22:45:00Z,100.0,200.0,0.0078433752059936,100.0,False,0.0,0.0,44.0,-4.828461538461538,-0.1097377622377622,BOS,3.0,1.0,Final,1.0
2026-05-13,824841,NYY,BAL,Max Fried,Kyle Bradish,NYY,0.4828041493892669,0.5171958208084106,2026-05-13T17:05:00Z,,,,,False,0.0,0.0,44.0,-4.828461538461538,-0.1097377622377622,BAL,7.0,0.0,Final,0.0
2026-05-13,824928,CHC,ATL,Shota Imanaga,JR Ritchie,CHC,0.4930508136749267,0.5069491863250732,2026-05-13T23:15:00Z,114.0,138.0,0.2065390634536742,138.0,True,1.0,-1.0,45.0,-5.828461538461538,-0.1295213675213675,ATL,4.0,1.0,Final,0.0
2026-05-13,825010,STL,ATH,Matthew Liberatore,J.T. Ginn,ATH,0.5155759453773499,0.4844240546226501,2026-05-14T01:40:00Z,-118.0,119.0,-0.0474952873537096,-118.0,False,0.0,0.0,45.0,-5.828461538461538,-0.1295213675213675,ATH,6.0,2.0,Final,1.0
2026-05-14,823383,COL,PIT,Chase Dollander,Mason Montgomery,PIT,0.5178878307342529,0.482112169265747,2026-05-14T16:35:00Z,,,,,False,0.0,0.0,45.0,-5.828461538461538,-0.1295213675213675,PIT,7.0,2.0,Final,1.0
2026-05-14,823630,DET,NYM,Keider Montero,Nolan McLean,NYM,0.5199007987976074,0.4800992012023926,2026-05-14T17:10:00Z,,,,,False,0.0,0.0,45.0,-5.828461538461538,-0.1295213675213675,NYM,9.0,4.0,Final,1.0
2026-05-14,823709,MIA,MIN,Braxton Garrett,Zebby Matthews,MIA,0.4954321682453155,0.5045678615570068,2026-05-14T17:40:00Z,,,,,False,0.0,0.0,45.0,-5.828461538461538,-0.1295213675213675,MIN,9.0,1.0,Final,0.0
2026-05-14,823789,SD,MIL,Griffin Canning,Kyle Harrison,MIL,0.5307189226150513,0.4692810773849487,2026-05-14T17:40:00Z,,,,,False,0.0,0.0,45.0,-5.828461538461538,-0.1295213675213675,MIL,7.0,1.0,Final,1.0
2026-05-14,823950,SF,LAD,Landen Roupp,Emmet Sheehan,LAD,0.5053222179412842,0.4946777820587158,2026-05-15T02:10:00Z,-172.0,153.0,-0.2008857948835505,-172.0,False,0.0,0.0,45.0,-5.828461538461538,-0.1295213675213675,LAD,5.0,2.0,Final,1.0
2026-05-14,824196,SEA,HOU,Luis Castillo,Mike Burrows,HOU,0.5046780705451965,0.4953219294548034,2026-05-14T18:10:00Z,,,,,False,0.0,0.0,45.0,-5.828461538461538,-0.1295213675213675,SEA,3.0,8.0,Final,0.0
2026-05-14,824517,WSH,CIN,Foster Griffin,Chase Burns,CIN,0.5390741229057312,0.4609258770942688,2026-05-14T16:40:00Z,,,,,False,0.0,0.0,45.0,-5.828461538461538,-0.1295213675213675,CIN,15.0,1.0,Final,1.0
2026-05-14,824602,KC,CWS,Kris Bubic,Anthony Kay,KC,0.4833609759807586,0.516638994216919,2026-05-14T23:40:00Z,118.0,-136.0,-0.1034793923882876,-136.0,False,0.0,0.0,45.0,-5.828461538461538,-0.1295213675213675,CWS,6.0,2.0,Final,0.0
2026-05-14,824762,PHI,BOS,Jesús Luzardo,Ranger Suarez,BOS,0.5039216876029968,0.4960783123970032,2026-05-14T22:45:00Z,-118.0,100.0,-0.0690260347673448,-118.0,False,0.0,0.0,45.0,-5.828461538461538,-0.1295213675213675,PHI,1.0,3.0,Final,0.0
2026-05-14,824926,CHC,ATL,Ben Brown,Chris Sale,CHC,0.4930508136749267,0.5069491863250732,2026-05-14T23:15:00Z,-186.0,166.0,0.3484848356246949,166.0,True,1.0,1.66,46.0,-4.168461538461538,-0.0906187290969899,CHC,0.0,2.0,Final,1.0
2026-05-14,825008,STL,ATH,Michael McGreevy,Jacob Lopez,ATH,0.5155759453773499,0.4844240546226501,2026-05-14T19:05:00Z,,,,,False,0.0,0.0,46.0,-4.168461538461538,-0.0906187290969899,STL,4.0,5.0,Final,0.0
2026-05-15,822739,BAL,WSH,Shane Baz,Zack Littell,WSH,0.5192167162895203,0.4807832837104797,2026-05-15T22:45:00Z,102.0,-110.0,0.0488177669048309,102.0,True,1.0,1.02,47.0,-3.148461538461538,-0.066988543371522,WSH,3.0,2.0,Final,1.0
2026-05-15,822983,MIA,TB,Janson Junk,Ian Seymour,TB,0.5246776342391968,0.4753223657608032,2026-05-15T23:10:00Z,-120.0,119.0,-0.0380910038948058,-120.0,False,0.0,0.0,47.0,-3.148461538461538,-0.066988543371522,TB,7.0,2.0,Final,1.0
2026-05-15,823061,KC,STL,Michael Wacha,Dustin May,KC,0.4821842312812805,0.5178157687187195,2026-05-16T00:15:00Z,-108.0,-102.0,0.0254782870704053,-102.0,True,1.0,-1.0,48.0,-4.148461538461538,-0.086426282051282,STL,5.0,4.0,Final,0.0
2026-05-15,823140,SD,SEA,Randy Vásquez,Emerson Hancock,SEA,0.5336052775382996,0.4663947224617004,2026-05-16T01:40:00Z,-131.0,114.0,-0.0590624495317008,-131.0,False,0.0,0.0,48.0,-4.148461538461538,-0.086426282051282,SD,0.0,2.0,Final,0.0
2026-05-15,823384,PHI,PIT,Aaron Nola,Braxton Ashcraft,PHI,0.4908354878425598,0.5091645121574402,2026-05-15T22:40:00Z,158.0,124.0,0.140528507232666,124.0,True,1.0,1.24,49.0,-2.908461538461537,-0.0593563579277864,PHI,9.0,11.0,Final,1.0
2026-05-15,823629,NYY,NYM,Cam Schlittler,Clay Holmes,NYY,0.4929422438144684,0.507057785987854,2026-05-15T23:15:00Z,124.0,-130.0,-0.1028977632522583,-130.0,False,0.0,0.0,49.0,-2.908461538461537,-0.0593563579277864,NYY,2.0,5.0,Final,1.0
2026-05-15,823707,MIL,MIN,Coleman Crow,Joe Ryan,MIN,0.5079521536827087,0.4920478463172912,2026-05-15T23:10:00Z,104.0,-108.0,0.0362223935127258,104.0,True,1.0,-1.0,50.0,-3.9084615384615375,-0.0781692307692307,MIL,2.0,3.0,Final,0.0
2026-05-15,824037,LAD,LAA,Will Klein,Jack Kochanowicz,LAD,0.4894443452358246,0.510555624961853,2026-05-16T01:38:00Z,162.0,-132.0,-0.1026598106731068,-132.0,False,0.0,0.0,50.0,-3.9084615384615375,-0.0781692307692307,LAD,0.0,6.0,Final,1.0
2026-05-15,824194,TEX,HOU,Jack Leiter,Spencer Arrighetti,HOU,0.5026702284812927,0.4973297715187073,2026-05-16T00:10:00Z,128.0,-112.0,0.1460881209373475,128.0,True,1.0,1.28,51.0,-2.6284615384615373,-0.0515384615384615,HOU,2.0,0.0,Final,1.0
2026-05-15,824280,TOR,DET,Trey Yesavage,Brenan Hanifee,DET,0.5135524868965149,0.4864475131034851,2026-05-15T22:45:00Z,126.0,-122.0,0.1606286203861235,126.0,True,1.0,1.26,52.0,-1.3684615384615373,-0.0263165680473372,DET,3.0,2.0,Final,1.0
2026-05-15,824360,AZ,COL,Merrill Kelly,Kyle Freeland,AZ,0.4879058301448822,0.5120941400527954,2026-05-16T00:40:00Z,124.0,-119.0,-0.057574649818805,-119.0,False,0.0,0.0,52.0,-1.3684615384615373,-0.0263165680473372,AZ,1.0,9.0,Final,1.0
2026-05-15,824439,CIN,CLE,Andrew Abbott,Tanner Bibee,CIN,0.4893774092197418,0.5106226205825806,2026-05-15T23:10:00Z,-130.0,144.0,0.2459191942214965,144.0,True,1.0,1.44,53.0,0.0715384615384626,0.0013497822931785,CIN,6.0,7.0,Final,1.0
2026-05-15,824601,CHC,CWS,Edward Cabrera,Sean Burke,CHC,0.487773984670639,0.5122259855270386,2026-05-15T23:40:00Z,112.0,-110.0,-0.022114027630199,-110.0,False,0.0,0.0,53.0,0.0715384615384626,0.0013497822931785,CHC,5.0,10.0,Final,1.0
2026-05-15,824925,BOS,ATL,Connelly Early,Spencer Strider,ATL,0.5068139433860779,0.4931860566139221,2026-05-15T23:15:00Z,-138.0,130.0,-0.1259295758993728,-138.0,False,0.0,0.0,53.0,0.0715384615384626,0.0013497822931785,ATL,3.0,2.0,Final,1.0
2026-05-15,825009,SF,ATH,Tyler Mahle,Aaron Civale,ATH,0.5072334408760071,0.4927665591239929,2026-05-16T01:40:00Z,-130.0,110.0,-0.1025869892193721,-130.0,False,0.0,0.0,53.0,0.0715384615384626,0.0013497822931785,ATH,5.0,2.0,Final,1.0
2026-05-16,822737,BAL,WSH,Chris Bassitt,Cade Cavalli,WSH,0.5192167162895203,0.4807832837104797,2026-05-16T20:05:00Z,114.0,-134.0,0.1111237728595732,114.0,True,1.0,1.14,54.0,1.2115384615384626,0.0224358974358974,WSH,13.0,3.0,Final,1.0
2026-05-16,822981,MIA,TB,Sandy Alcantara,Nick Martinez,TB,0.5246776342391968,0.4753223657608032,2026-05-16T20:10:00Z,2500.0,130.0,12.641618490219116,2500.0,True,1.0,-1.0,55.0,0.2115384615384625,0.0038461538461538,MIA,5.0,10.0,Final,0.0
2026-05-16,823060,KC,STL,Noah Cameron,Kyle Leahy,KC,0.4821842312812805,0.5178157687187195,2026-05-16T18:15:00Z,-115.0,-102.0,0.0254782870704053,-102.0,True,1.0,-1.0,56.0,-0.7884615384615374,-0.0140796703296703,STL,4.0,2.0,Final,0.0
2026-05-16,823139,SD,SEA,Walker Buehler,Logan Gilbert,SEA,0.5336052775382996,0.4663947224617004,2026-05-16T23:15:00Z,-158.0,144.0,-0.128669863260245,-158.0,False,0.0,0.0,56.0,-0.7884615384615374,-0.0140796703296703,SD,4.0,7.0,Final,0.0
2026-05-16,823382,PHI,PIT,Cristopher Sánchez,Bubba Chandler,PHI,0.4908354878425598,0.5091645121574402,2026-05-16T20:05:00Z,-130.0,119.0,0.1150702816247939,119.0,True,1.0,1.19,57.0,0.4015384615384625,0.0070445344129554,PHI,0.0,6.0,Final,1.0
2026-05-16,823627,NYY,NYM,Carlos Rodón,Huascar Brazobán,NYY,0.4929422438144684,0.507057785987854,2026-05-16T23:15:00Z,105.0,-102.0,0.0041732624465344,-102.0,False,0.0,0.0,57.0,0.4015384615384625,0.0070445344129554,NYM,6.0,3.0,Final,0.0
2026-05-16,823706,MIL,MIN,Logan Henderson,Connor Prielipp,MIN,0.5079521536827087,0.4920478463172912,2026-05-16T23:10:00Z,110.0,-130.0,0.0666995227336884,110.0,True,1.0,-1.0,58.0,-0.5984615384615375,-0.0103183023872678,MIL,1.0,2.0,Final,0.0
2026-05-16,824038,LAD,LAA,Justin Wrobleski,José Soriano,LAD,0.4894443452358246,0.510555624961853,2026-05-17T01:38:00Z,123.0,-136.0,-0.1140358272720785,-136.0,False,0.0,0.0,58.0,-0.5984615384615375,-0.0103183023872678,LAD,2.0,15.0,Final,1.0
2026-05-16,824193,TEX,HOU,Jacob deGrom,Kai-Wei Teng,HOU,0.5026702284812927,0.4973297715187073,2026-05-16T23:10:00Z,123.0,-118.0,0.1209546095132827,123.0,True,1.0,1.23,59.0,0.6315384615384625,0.0107040417209908,HOU,4.0,1.0,Final,1.0
2026-05-16,824278,TOR,DET,Mason Fluharty,Casey Mize,DET,0.5135524868965149,0.4864475131034851,2026-05-16T17:10:00Z,113.0,-130.0,0.0938667970895766,113.0,True,1.0,-1.0,60.0,-0.3684615384615375,-0.0061410256410256,TOR,1.0,2.0,Final,0.0
2026-05-16,824359,AZ,COL,Eduardo Rodriguez,Tomoyuki Sugano,AZ,0.4879058301448822,0.5120941400527954,2026-05-16T19:10:00Z,132.0,-156.0,-0.159640385554387,-156.0,False,0.0,0.0,60.0,-0.3684615384615375,-0.0061410256410256,COL,4.0,2.0,Final,0.0
2026-05-16,824435,CIN,CLE,Chris Paddack,Joey Cantillo,CIN,0.4893774092197418,0.5106226205825806,2026-05-16T22:10:00Z,-164.0,210.0,0.5829301238059998,210.0,True,1.0,-1.0,61.0,-1.3684615384615375,-0.0224337957124842,CLE,7.0,4.0,Final,0.0
2026-05-16,824600,CHC,CWS,Jameson Taillon,Davis Martin,CHC,0.487773984670639,0.5122259855270386,2026-05-16T23:10:00Z,120.0,-108.0,-0.0134906945405182,-108.0,False,0.0,0.0,61.0,-1.3684615384615375,-0.0224337957124842,CWS,8.0,3.0,Final,0.0
2026-05-16,824924,BOS,ATL,Payton Tolle,Bryce Elder,ATL,0.5068139433860779,0.4931860566139221,2026-05-16T23:15:00Z,-120.0,107.0,-0.0708411037921905,-120.0,False,0.0,0.0,61.0,-1.3684615384615375,-0.0224337957124842,BOS,2.0,3.0,Final,0.0
2026-05-16,825007,SF,ATH,Trevor McDonald,Luis Severino,ATH,0.5072334408760071,0.4927665591239929,2026-05-17T01:40:00Z,-134.0,126.0,-0.1142341405598085,-134.0,False,0.0,0.0,61.0,-1.3684615384615375,-0.0224337957124842,SF,4.0,6.0,Final,0.0
2026-05-17,822738,BAL,WSH,Brandon Young,Richard Lovelady,WSH,0.5192167162895203,0.4807832837104797,2026-05-17T17:35:00Z,,,,,False,0.0,0.0,61.0,-1.3684615384615375,-0.0224337957124842,BAL,3.0,7.0,Final,0.0
2026-05-17,822982,MIA,TB,Eury Pérez,Drew Rasmussen,TB,0.5246776342391968,0.4753223657608032,2026-05-17T16:15:00Z,,,,,False,0.0,0.0,61.0,-1.3684615384615375,-0.0224337957124842,TB,6.0,3.0,Final,1.0
2026-05-17,823058,KC,STL,Stephen Kolek,Andre Pallante,KC,0.4821842312812805,0.5178157687187195,2026-05-17T18:15:00Z,,,,,False,0.0,0.0,61.0,-1.3684615384615375,-0.0224337957124842,KC,0.0,2.0,Final,1.0
2026-05-17,823138,SD,SEA,Lucas Giolito,George Kirby,SEA,0.5336052775382996,0.4663947224617004,2026-05-17T23:20:00Z,-148.0,129.0,-0.1058506160169034,-148.0,False,0.0,0.0,61.0,-1.3684615384615375,-0.0224337957124842,SD,3.0,8.0,Final,0.0
2026-05-17,823381,PHI,PIT,Zack Wheeler,Paul Skenes,PHI,0.4908354878425598,0.5091645121574402,2026-05-17T17:35:00Z,,,,,False,0.0,0.0,61.0,-1.3684615384615375,-0.0224337957124842,PHI,0.0,6.0,Final,1.0
2026-05-17,823628,NYY,NYM,Elmer Rodríguez,Freddy Peralta,NYY,0.4929422438144684,0.507057785987854,2026-05-17T17:40:00Z,,,,,False,0.0,0.0,61.0,-1.3684615384615375,-0.0224337957124842,NYM,7.0,6.0,Final,0.0
2026-05-17,823708,MIL,MIN,Robert Gasser,Bailey Ober,MIN,0.5079521536827087,0.4920478463172912,2026-05-17T18:10:00Z,,,,,False,0.0,0.0,61.0,-1.3684615384615375,-0.0224337957124842,MIN,5.0,4.0,Final,1.0
2026-05-17,824034,LAD,LAA,Roki Sasaki,Grayson Rodriguez,LAD,0.4894443452358246,0.510555624961853,2026-05-17T20:07:00Z,,,,,False,0.0,0.0,61.0,-1.3684615384615375,-0.0224337957124842,LAD,1.0,10.0,Final,1.0
2026-05-17,824192,TEX,HOU,Nathan Eovaldi,Peter Lambert,HOU,0.5026702284812927,0.4973297715187073,2026-05-17T18:10:00Z,,,,,False,0.0,0.0,61.0,-1.3684615384615375,-0.0224337957124842,TEX,0.0,8.0,Final,0.0
2026-05-17,824279,TOR,DET,Kevin Gausman,Jack Flaherty,DET,0.5135524868965149,0.4864475131034851,2026-05-17T17:40:00Z,,,,,False,0.0,0.0,61.0,-1.3684615384615375,-0.0224337957124842,TOR,1.0,4.0,Final,0.0
2026-05-17,824358,AZ,COL,Michael Soroka,Michael Lorenzen,AZ,0.4879058301448822,0.5120941400527954,2026-05-17T19:10:00Z,3000.0,-50000.0,-0.486881671667099,-50000.0,False,0.0,0.0,61.0,-1.3684615384615375,-0.0224337957124842,AZ,6.0,8.0,Final,1.0
2026-05-17,824436,CIN,CLE,Brady Singer,Gavin Williams,CIN,0.4893774092197418,0.5106226205825806,2026-05-17T17:40:00Z,,,,,False,0.0,0.0,61.0,-1.3684615384615375,-0.0224337957124842,CLE,10.0,3.0,Final,0.0
2026-05-17,824599,CHC,CWS,Colin Rea,Erick Fedde,CHC,0.487773984670639,0.5122259855270386,2026-05-17T18:10:00Z,,,,,False,0.0,0.0,61.0,-1.3684615384615375,-0.0224337957124842,CWS,9.0,8.0,Final,0.0
2026-05-17,824923,BOS,ATL,Brayan Bello,Grant Holmes,ATL,0.5068139433860779,0.4931860566139221,2026-05-17T17:35:00Z,,,,,False,0.0,0.0,61.0,-1.3684615384615375,-0.0224337957124842,ATL,8.0,1.0,Final,1.0
2026-05-17,825006,SF,ATH,Adrian Houser,Jeffrey Springs,ATH,0.5072334408760071,0.4927665591239929,2026-05-17T20:05:00Z,,,,,False,0.0,0.0,61.0,-1.3684615384615375,-0.0224337957124842,SF,1.0,10.0,Final,0.0
2026-05-18,822734,NYM,WSH,Christian Scott,Jake Irvin,NYM,0.4817287623882293,0.5182712078094482,2026-05-18T22:45:00Z,,,,,False,0.0,0.0,61.0,-1.3684615384615375,-0.0224337957124842,NYM,7.0,16.0,Final,1.0
2026-05-18,822980,BAL,TB,Trevor Rogers,Shane McClanahan,TB,0.5255050659179688,0.4744949340820312,2026-05-18T22:40:00Z,,,,,False,0.0,0.0,61.0,-1.3684615384615375,-0.0224337957124842,TB,16.0,6.0,Final,1.0
2026-05-18,823137,CWS,SEA,Noah Schultz,Bryan Woo,SEA,0.5278664827346802,0.4721335172653198,2026-05-19T01:40:00Z,,,,,False,0.0,0.0,61.0,-1.3684615384615375,-0.0224337957124842,SEA,6.0,1.0,Final,1.0
2026-05-18,823301,LAD,SD,Yoshinobu Yamamoto,Michael King,LAD,0.499901682138443,0.5000983476638794,2026-05-19T01:40:00Z,,,,,False,0.0,0.0,61.0,-1.3684615384615375,-0.0224337957124842,SD,1.0,0.0,Final,0.0
2026-05-18,823465,CIN,PHI,Nick Lodolo,Andrew Painter,PHI,0.5201612114906311,0.4798387885093689,2026-05-18T22:40:00Z,,,,,False,0.0,0.0,61.0,-1.3684615384615375,-0.0224337957124842,PHI,5.0,4.0,Final,1.0
2026-05-18,823549,TOR,NYY,Patrick Corbin,Ryan Weathers,NYY,0.5338860154151917,0.4661139845848083,2026-05-18T23:05:00Z,,,,,False,0.0,0.0,61.0,-1.3684615384615375,-0.0224337957124842,NYY,7.0,6.0,Final,1.0
2026-05-18,823705,HOU,MIN,Tatsuya Imai,Kendry Rojas,HOU,0.4930016100406647,0.5069984197616577,2026-05-18T23:40:00Z,,,,,False,0.0,0.0,61.0,-1.3684615384615375,-0.0224337957124842,MIN,6.0,3.0,Final,0.0
2026-05-18,823867,ATL,MIA,JR Ritchie,Max Meyer,ATL,0.4982450902462005,0.501754879951477,2026-05-18T22:40:00Z,,,,,False,0.0,0.0,61.0,-1.3684615384615375,-0.0224337957124842,MIA,12.0,0.0,Final,0.0
2026-05-18,824035,ATH,LAA,J.T. Ginn,Walbert Ureña,ATH,0.4870769083499908,0.5129231214523315,2026-05-19T01:38:00Z,,,,,False,0.0,0.0,61.0,-1.3684615384615375,-0.0224337957124842,LAA,2.0,1.0,Final,0.0
2026-05-18,824114,BOS,KC,Sonny Gray,Seth Lugo,KC,0.5263254046440125,0.4736745953559875,2026-05-18T23:10:00Z,,,,,False,0.0,0.0,61.0,-1.3684615384615375,-0.0224337957124842,BOS,1.0,3.0,Final,0.0
2026-05-18,824277,CLE,DET,Slade Cecconi,Framber Valdez,DET,0.5223015546798706,0.4776984453201294,2026-05-18T22:40:00Z,,,,,False,0.0,0.0,61.0,-1.3684615384615375,-0.0224337957124842,CLE,2.0,8.0,Final,0.0
2026-05-18,824357,TEX,COL,MacKenzie Gore,Jose Quintana,COL,0.5069497227668762,0.4930502772331238,2026-05-19T00:40:00Z,,,,,False,0.0,0.0,61.0,-1.3684615384615375,-0.0224337957124842,COL,7.0,6.0,Final,1.0
2026-05-18,824680,MIL,CHC,Brandon Sproat,Shota Imanaga,CHC,0.5052206516265869,0.4947793483734131,2026-05-18T23:40:00Z,,,,,False,0.0,0.0,61.0,-1.3684615384615375,-0.0224337957124842,MIL,3.0,9.0,Final,0.0
2026-05-18,825087,SF,AZ,Robbie Ray,Zac Gallen,AZ,0.5053465962409973,0.4946534037590027,2026-05-19T01:40:00Z,,,,,False,0.0,0.0,61.0,-1.3684615384615375,-0.0224337957124842,AZ,12.0,2.0,Final,1.0
2026-05-19,822736,NYM,WSH,Nolan McLean,Foster Griffin,NYM,0.4817287623882293,0.5182712078094482,2026-05-19T22:45:00Z,,,,,False,0.0,0.0,61.0,-1.3684615384615375,-0.0224337957124842,WSH,9.0,6.0,Final,0.0
2026-05-19,822979,BAL,TB,Kyle Bradish,Griffin Jax,TB,0.5255050659179688,0.4744949340820312,2026-05-19T22:40:00Z,,,,,False,0.0,0.0,61.0,-1.3684615384615375,-0.0224337957124842,TB,4.0,1.0,Final,1.0
2026-05-19,823059,PIT,STL,Mitch Keller,Matthew Liberatore,PIT,0.499753475189209,0.500246524810791,2026-05-19T23:45:00Z,,,,,False,0.0,0.0,61.0,-1.3684615384615375,-0.0224337957124842,STL,9.0,6.0,Final,0.0
2026-05-19,823136,CWS,SEA,Anthony Kay,Bryce Miller,SEA,0.5278664827346802,0.4721335172653198,2026-05-20T01:40:00Z,,,,,False,0.0,0.0,61.0,-1.3684615384615375,-0.0224337957124842,CWS,1.0,2.0,Final,0.0
2026-05-19,823302,LAD,SD,Emmet Sheehan,Griffin Canning,LAD,0.499901682138443,0.5000983476638794,2026-05-20T01:40:00Z,,,,,False,0.0,0.0,61.0,-1.3684615384615375,-0.0224337957124842,LAD,4.0,5.0,Final,1.0
2026-05-19,823464,CIN,PHI,Chase Burns,Jesús Luzardo,PHI,0.5201612114906311,0.4798387885093689,2026-05-19T22:40:00Z,,,,,False,0.0,0.0,61.0,-1.3684615384615375,-0.0224337957124842,CIN,1.0,4.0,Final,0.0
2026-05-19,823548,TOR,NYY,Dylan Cease,Will Warren,NYY,0.5338860154151917,0.4661139845848083,2026-05-19T23:05:00Z,,,,,False,0.0,0.0,61.0,-1.3684615384615375,-0.0224337957124842,NYY,5.0,4.0,Final,1.0
2026-05-19,823704,HOU,MIN,Jason Alexander,Zebby Matthews,HOU,0.4930016100406647,0.5069984197616577,2026-05-19T23:40:00Z,,,,,False,0.0,0.0,61.0,-1.3684615384615375,-0.0224337957124842,HOU,1.0,2.0,Final,1.0
2026-05-19,823865,ATL,MIA,Martín Pérez,Braxton Garrett,ATL,0.4982450902462005,0.501754879951477,2026-05-19T20:10:00Z,,,,,False,0.0,0.0,61.0,-1.3684615384615375,-0.0224337957124842,ATL,4.0,8.0,Final,1.0
2026-05-19,824033,ATH,LAA,Jacob Lopez,Reid Detmers,ATH,0.4870769083499908,0.5129231214523315,2026-05-20T01:38:00Z,,,,,False,0.0,0.0,61.0,-1.3684615384615375,-0.0224337957124842,ATH,6.0,14.0,Final,1.0
2026-05-19,824112,BOS,KC,Ranger Suarez,Bailey Falter,KC,0.5263254046440125,0.4736745953559875,2026-05-19T23:40:00Z,,,,,False,0.0,0.0,61.0,-1.3684615384615375,-0.0224337957124842,BOS,1.0,7.0,Final,0.0
2026-05-19,824276,CLE,DET,Parker Messick,Keider Montero,DET,0.5223015546798706,0.4776984453201294,2026-05-19T22:40:00Z,,,,,False,0.0,0.0,61.0,-1.3684615384615375,-0.0224337957124842,CLE,3.0,4.0,Final,0.0
2026-05-19,824356,TEX,COL,Tyler Alexander,Sammy Peralta,COL,0.5069497227668762,0.4930502772331238,2026-05-20T00:40:00Z,,,,,False,0.0,0.0,61.0,-1.3684615384615375,-0.0224337957124842,TEX,0.0,10.0,Final,0.0
2026-05-19,824677,MIL,CHC,Jacob Misiorowski,Ben Brown,CHC,0.5052206516265869,0.4947793483734131,2026-05-19T23:40:00Z,,,,,False,0.0,0.0,61.0,-1.3684615384615375,-0.0224337957124842,MIL,2.0,5.0,Final,0.0
2026-05-19,825086,SF,AZ,Landen Roupp,Ryne Nelson,AZ,0.5053465962409973,0.4946534037590027,2026-05-20T01:40:00Z,,,,,False,0.0,0.0,61.0,-1.3684615384615375,-0.0224337957124842,AZ,5.0,3.0,Final,1.0
2026-05-20,822735,NYM,WSH,Zach Thornton,Zack Littell,NYM,0.4817287623882293,0.5182712078094482,2026-05-20T22:45:00Z,,,,,False,0.0,0.0,61.0,-1.3684615384615375,-0.0224337957124842,WSH,8.0,4.0,Final,0.0
2026-05-20,822977,BAL,TB,Shane Baz,Steven Matz,TB,0.5255050659179688,0.4744949340820312,2026-05-20T17:10:00Z,,,,,False,0.0,0.0,61.0,-1.3684615384615375,-0.0224337957124842,TB,5.0,3.0,Final,1.0
2026-05-20,823057,PIT,STL,Carmen Mlodzinski,Michael McGreevy,PIT,0.499753475189209,0.500246524810791,2026-05-20T23:45:00Z,,,,,False,0.0,0.0,61.0,-1.3684615384615375,-0.0224337957124842,PIT,0.0,7.0,Final,1.0
2026-05-20,823134,CWS,SEA,Sean Burke,Emerson Hancock,SEA,0.5278664827346802,0.4721335172653198,2026-05-20T20:10:00Z,,,,,False,0.0,0.0,61.0,-1.3684615384615375,-0.0224337957124842,SEA,5.0,4.0,Final,1.0
2026-05-20,823299,LAD,SD,Shohei Ohtani,Randy Vásquez,LAD,0.499901682138443,0.5000983476638794,2026-05-21T00:40:00Z,,,,,False,0.0,0.0,61.0,-1.3684615384615375,-0.0224337957124842,LAD,0.0,4.0,Final,1.0
2026-05-20,823462,CIN,PHI,Andrew Abbott,Aaron Nola,PHI,0.5201612114906311,0.4798387885093689,2026-05-20T17:05:00Z,,,,,False,0.0,0.0,61.0,-1.3684615384615375,-0.0224337957124842,CIN,4.0,9.0,Final,0.0
2026-05-20,823547,TOR,NYY,Trey Yesavage,Cam Schlittler,NYY,0.5338860154151917,0.4661139845848083,2026-05-20T23:05:00Z,,,,,False,0.0,0.0,61.0,-1.3684615384615375,-0.0224337957124842,TOR,1.0,2.0,Final,0.0
2026-05-20,823703,HOU,MIN,Mike Burrows,Joe Ryan,HOU,0.4930016100406647,0.5069984197616577,2026-05-20T17:40:00Z,,,,,False,0.0,0.0,61.0,-1.3684615384615375,-0.0224337957124842,MIN,4.0,1.0,Final,0.0
2026-05-20,823866,ATL,MIA,Chris Sale,Janson Junk,ATL,0.4982450902462005,0.501754879951477,2026-05-20T22:40:00Z,,,,,False,0.0,0.0,61.0,-1.3684615384615375,-0.0224337957124842,ATL,1.0,9.0,Final,1.0
2026-05-20,824032,ATH,LAA,Aaron Civale,Jack Kochanowicz,ATH,0.4870769083499908,0.5129231214523315,2026-05-21T01:38:00Z,,,,,False,0.0,0.0,61.0,-1.3684615384615375,-0.0224337957124842,ATH,5.0,6.0,Final,1.0
2026-05-20,824111,BOS,KC,Connelly Early,Michael Wacha,KC,0.5263254046440125,0.4736745953559875,2026-05-20T23:40:00Z,,,,,False,0.0,0.0,61.0,-1.3684615384615375,-0.0224337957124842,BOS,3.0,4.0,Final,0.0
2026-05-20,824273,CLE,DET,Tanner Bibee,,DET,0.5223015546798706,0.4776984453201294,2026-05-20T22:40:00Z,,,,,False,0.0,0.0,61.0,-1.3684615384615375,-0.0224337957124842,CLE,2.0,3.0,Final,0.0
2026-05-20,824355,TEX,COL,Jack Leiter,Kyle Freeland,COL,0.5069497227668762,0.4930502772331238,2026-05-20T19:10:00Z,,,,,False,0.0,0.0,61.0,-1.3684615384615375,-0.0224337957124842,TEX,4.0,5.0,Final,0.0
2026-05-20,824678,MIL,CHC,Kyle Harrison,Edward Cabrera,CHC,0.5052206516265869,0.4947793483734131,2026-05-20T23:40:00Z,,,,,False,0.0,0.0,61.0,-1.3684615384615375,-0.0224337957124842,MIL,0.0,5.0,Final,0.0
2026-05-20,825084,SF,AZ,Tyler Mahle,Merrill Kelly,AZ,0.5053465962409973,0.4946534037590027,2026-05-20T19:40:00Z,,,,,False,0.0,0.0,61.0,-1.3684615384615375,-0.0224337957124842,AZ,6.0,3.0,Final,1.0
2026-05-21,822733,NYM,WSH,David Peterson,Cade Cavalli,NYM,0.4817287623882293,0.5182712078094482,2026-05-21T20:05:00Z,,,,,False,0.0,0.0,61.0,-1.3684615384615375,-0.0224337957124842,NYM,1.0,2.0,Final,1.0
2026-05-21,823056,PIT,STL,Braxton Ashcraft,Dustin May,PIT,0.499753475189209,0.500246524810791,2026-05-21T17:15:00Z,,,,,False,0.0,0.0,61.0,-1.3684615384615375,-0.0224337957124842,PIT,2.0,6.0,Final,1.0
2026-05-21,823545,TOR,NYY,Braydon Fisher,Carlos Rodón,NYY,0.5338860154151917,0.4661139845848083,2026-05-21T23:05:00Z,1300.0,-5000.0,6.474404215812683,1300.0,True,1.0,-1.0,62.0,-2.368461538461537,-0.0382009925558312,TOR,0.0,2.0,Final,0.0
2026-05-21,823864,ATL,MIA,Spencer Strider,Sandy Alcantara,ATL,0.4982450902462005,0.501754879951477,2026-05-21T22:40:00Z,,,,,False,0.0,0.0,62.0,-2.368461538461537,-0.0382009925558312,ATL,3.0,9.0,Final,1.0
2026-05-21,824031,ATH,LAA,Luis Severino,José Soriano,ATH,0.4870769083499908,0.5129231214523315,2026-05-22T01:38:00Z,-124.0,110.0,0.0771385550498963,110.0,True,1.0,1.1,63.0,-1.2684615384615374,-0.0201343101343101,ATH,2.0,3.0,Final,1.0
2026-05-21,824274,CLE,DET,Joey Cantillo,Casey Mize,DET,0.5223015546798706,0.4776984453201294,2026-05-21T17:10:00Z,,,,,False,0.0,0.0,63.0,-1.2684615384615374,-0.0201343101343101,CLE,1.0,3.0,Final,0.0
2026-05-21,825083,COL,AZ,Zach Agnos,Eduardo Rodriguez,AZ,0.5444654226303101,0.4555345773696899,2026-05-22T01:40:00Z,-184.0,200.0,-0.1596294563749562,-184.0,False,0.0,0.0,63.0,-1.2684615384615374,-0.0201343101343101,AZ,2.0,1.0,Final,1.0
2026-05-22,822816,PIT,TOR,Bubba Chandler,Kevin Gausman,TOR,0.5051000714302063,0.4948999285697937,2026-05-22T23:07:00Z,130.0,430.0,0.1617301642894744,130.0,True,1.0,1.3,64.0,0.0315384615384626,0.0004927884615384,TOR,6.0,2.0,Final,1.0
2026-05-22,823223,CWS,SF,Davis Martin,Trevor McDonald,SF,0.5327973961830139,0.4672026038169861,2026-05-23T02:15:00Z,-104.0,106.0,0.0451025848205274,-104.0,True,1.0,-1.0,65.0,-0.9684615384615374,-0.0148994082840236,CWS,4.0,9.0,Final,0.0
2026-05-22,823298,ATH,SD,Jeffrey Springs,Walker Buehler,ATH,0.4766341745853424,0.52336585521698,2026-05-23T01:40:00Z,-108.0,106.0,0.0781336617469787,106.0,True,1.0,-1.0,66.0,-1.9684615384615367,-0.0298251748251748,SD,7.0,3.0,Final,0.0
2026-05-22,823461,CLE,PHI,Gavin Williams,Cristopher Sánchez,PHI,0.5279053449630737,0.4720946550369262,2026-05-22T22:40:00Z,-199.0,172.0,-0.2068155872162862,-199.0,False,0.0,0.0,66.0,-1.9684615384615367,-0.0298251748251748,CLE,0.0,1.0,Final,0.0
2026-05-22,823546,TB,NYY,Nick Martinez,Gerrit Cole,NYY,0.5338743925094604,0.4661256074905395,2026-05-22T23:05:00Z,-142.0,390.0,-0.0901577254416237,-142.0,False,0.0,0.0,66.0,-1.9684615384615367,-0.0298251748251748,TB,2.0,4.0,Final,0.0
2026-05-22,823788,LAD,MIL,Justin Wrobleski,Logan Henderson,MIL,0.5148585438728333,0.4851414561271667,2026-05-22T23:40:00Z,108.0,1060.0,0.0709057712554932,108.0,True,1.0,1.08,67.0,-0.8884615384615373,-0.0132606199770378,MIL,5.0,1.0,Final,1.0
2026-05-22,823863,NYM,MIA,Tobias Myers,Eury Pérez,MIA,0.5053108930587769,0.4946891069412231,2026-05-22T23:10:00Z,-108.0,430.0,-0.0268086504053186,-108.0,False,0.0,0.0,67.0,-0.8884615384615373,-0.0132606199770378,MIA,2.0,1.0,Final,1.0
2026-05-22,824029,TEX,LAA,Jacob deGrom,Grayson Rodriguez,LAA,0.5008454322814941,0.4991545677185058,2026-05-23T01:38:00Z,136.0,-132.0,0.1819952201843263,136.0,True,1.0,1.36,68.0,0.4715384615384628,0.0069343891402715,LAA,9.0,6.0,Final,1.0
2026-05-22,824110,SEA,KC,Logan Gilbert,Noah Cameron,KC,0.5241685509681702,0.4758314490318298,2026-05-22T23:40:00Z,120.0,124.0,0.1531708121299744,120.0,True,1.0,-1.0,69.0,-0.5284615384615372,-0.0076588628762541,SEA,0.0,2.0,Final,0.0
2026-05-22,824679,HOU,CHC,Spencer Arrighetti,Jameson Taillon,CHC,0.5194772481918335,0.4805227518081665,2026-05-22T18:20:00Z,-142.0,123.0,-0.1146937037857485,-142.0,False,0.0,0.0,69.0,-0.5284615384615372,-0.0076588628762541,HOU,2.0,4.0,Final,0.0
2026-05-22,824761,MIN,BOS,Connor Prielipp,Payton Tolle,BOS,0.5260254740715027,0.4739745259284973,2026-05-22T23:10:00Z,152.0,-196.0,0.3255841946601867,152.0,True,1.0,-1.0,70.0,-1.5284615384615372,-0.0218351648351648,MIN,6.0,8.0,Final,0.0
2026-05-22,824842,DET,BAL,Jack Flaherty,Keegan Akin,DET,0.4972815215587616,0.502718448638916,2026-05-22T23:15:00Z,-112.0,440.0,1.7146796226501468,440.0,True,1.0,-1.0,71.0,-2.528461538461537,-0.0356121343445286,BAL,7.0,4.0,Final,0.0
2026-05-22,824922,WSH,ATL,Richard Lovelady,Bryce Elder,ATL,0.5369292497634888,0.4630707502365112,2026-05-22T23:15:00Z,-178.0,494.0,-0.1614251043019669,-178.0,False,0.0,0.0,71.0,-2.528461538461537,-0.0356121343445286,ATL,5.0,4.0,Final,1.0
2026-05-22,825082,COL,AZ,Tomoyuki Sugano,Michael Soroka,AZ,0.5444654226303101,0.4555345773696899,2026-05-23T01:40:00Z,-162.0,187.0,-0.1194448103139429,-162.0,False,0.0,0.0,71.0,-2.528461538461537,-0.0356121343445286,COL,2.0,3.0,Final,0.0
2026-05-23,822814,PIT,TOR,Paul Skenes,Patrick Corbin,TOR,0.5051000714302063,0.4948999285697937,2026-05-23T19:07:00Z,,,,,False,0.0,0.0,71.0,-2.528461538461537,-0.0356121343445286,TOR,5.0,2.0,Final,1.0
2026-05-23,823222,CWS,SF,Bryan Hudson,Adrian Houser,SF,0.5327973961830139,0.4672026038169861,2026-05-23T20:05:00Z,,,,,False,0.0,0.0,71.0,-2.528461538461537,-0.0356121343445286,SF,10.0,3.0,Final,1.0
2026-05-23,823300,ATH,SD,J.T. Ginn,Lucas Giolito,ATH,0.4766341745853424,0.52336585521698,2026-05-24T01:40:00Z,,,,,False,0.0,0.0,71.0,-2.528461538461537,-0.0356121343445286,SD,2.0,0.0,Final,0.0
2026-05-23,823458,CLE,PHI,Slade Cecconi,Zack Wheeler,PHI,0.5279053449630737,0.4720946550369262,2026-05-23T20:05:00Z,,,,,False,0.0,0.0,71.0,-2.528461538461537,-0.0356121343445286,PHI,3.0,0.0,Final,1.0
2026-05-23,823787,LAD,MIL,Roki Sasaki,Robert Gasser,MIL,0.5148585438728333,0.4851414561271667,2026-05-23T23:15:00Z,,,,,False,0.0,0.0,71.0,-2.528461538461537,-0.0356121343445286,LAD,3.0,11.0,Final,0.0
2026-05-23,823862,NYM,MIA,Freddy Peralta,Max Meyer,MIA,0.5053108930587769,0.4946891069412231,2026-05-23T20:10:00Z,,,,,False,0.0,0.0,71.0,-2.528461538461537,-0.0356121343445286,MIA,4.0,1.0,Final,1.0
2026-05-23,824030,TEX,LAA,Nathan Eovaldi,Walbert Ureña,LAA,0.5008454322814941,0.4991545677185058,2026-05-24T02:05:00Z,,,,,False,0.0,0.0,71.0,-2.528461538461537,-0.0356121343445286,LAA,5.0,2.0,Final,1.0
2026-05-23,824109,SEA,KC,George Kirby,Stephen Kolek,KC,0.5241685509681702,0.4758314490318298,2026-05-23T20:10:00Z,,,,,False,0.0,0.0,71.0,-2.528461538461537,-0.0356121343445286,KC,5.0,0.0,Final,1.0
2026-05-23,824516,STL,CIN,Kyle Leahy,Chase Petty,CIN,0.5326178669929504,0.4673821330070495,2026-05-23T23:15:00Z,,,,,False,0.0,0.0,71.0,-2.528461538461537,-0.0356121343445286,CIN,7.0,6.0,Final,1.0
2026-05-23,824518,STL,CIN,Andre Pallante,Chris Paddack,CIN,0.5326178669929504,0.4673821330070495,2026-05-23T17:10:00Z,,,,,False,0.0,0.0,71.0,-2.528461538461537,-0.0356121343445286,,,,Postponed,
2026-05-23,824518,STL,CIN,Andre Pallante,Chris Paddack,CIN,0.5326178669929504,0.4673821330070495,2026-05-23T17:10:00Z,,,,,False,0.0,0.0,71.0,-2.528461538461537,-0.0356121343445286,STL,1.0,8.0,Final,0.0
2026-05-23,824674,HOU,CHC,Kai-Wei Teng,Colin Rea,CHC,0.5194772481918335,0.4805227518081665,2026-05-23T18:20:00Z,,,,,False,0.0,0.0,71.0,-2.528461538461537,-0.0356121343445286,HOU,0.0,3.0,Final,0.0
2026-05-23,824760,MIN,BOS,Taj Bradley,Jovani Morán,BOS,0.5260254740715027,0.4739745259284973,2026-05-23T20:10:00Z,,,,,False,0.0,0.0,71.0,-2.528461538461537,-0.0356121343445286,MIN,2.0,4.0,Final,0.0
2026-05-23,824920,WSH,ATL,Jake Irvin,Grant Holmes,ATL,0.5369292497634888,0.4630707502365112,2026-05-23T20:10:00Z,,,,,False,0.0,0.0,71.0,-2.528461538461537,-0.0356121343445286,WSH,0.0,2.0,Final,0.0
2026-05-23,825080,COL,AZ,Michael Lorenzen,Zac Gallen,AZ,0.5444654226303101,0.4555345773696899,2026-05-24T02:10:00Z,,,,,False,0.0,0.0,71.0,-2.528461538461537,-0.0356121343445286,AZ,5.0,4.0,Final,1.0
2026-05-24,822813,PIT,TOR,Mitch Keller,Dylan Cease,TOR,0.5051000714302063,0.4948999285697937,2026-05-24T16:15:00Z,-162.0,138.0,-0.1831097610202836,-162.0,False,0.0,0.0,71.0,-2.528461538461537,-0.0356121343445286,PIT,1.0,4.0,Final,0.0
2026-05-24,823220,CWS,SF,Noah Schultz,Robbie Ray,SF,0.5327973961830139,0.4672026038169861,2026-05-24T20:05:00Z,-110.0,-104.0,0.0171586654402993,-110.0,False,0.0,0.0,71.0,-2.528461538461537,-0.0356121343445286,SF,8.0,5.0,Final,1.0
2026-05-24,823297,ATH,SD,Luis Medina,Michael King,ATH,0.4766341745853424,0.52336585521698,2026-05-24T20:10:00Z,-162.0,141.0,0.2613117110729218,141.0,True,1.0,1.41,72.0,-1.1184615384615373,-0.015534188034188,ATH,2.0,5.0,Final,1.0
2026-05-24,823459,CLE,PHI,Parker Messick,Andrew Painter,PHI,0.5279053449630737,0.4720946550369262,2026-05-24T17:35:00Z,112.0,-124.0,0.1191593313217164,112.0,True,1.0,-1.0,73.0,-2.118461538461537,-0.0290200210748155,CLE,1.0,3.0,Final,0.0
2026-05-24,823544,TB,NYY,Drew Rasmussen,Ryan Weathers,NYY,0.5338743925094604,0.4661256074905395,2026-05-24T17:35:00Z,-136.0,124.0,-0.0735709071159362,-136.0,False,0.0,0.0,73.0,-2.118461538461537,-0.0290200210748155,NYY,2.0,0.0,Final,1.0
2026-05-24,823786,LAD,MIL,Yoshinobu Yamamoto,Brandon Sproat,MIL,0.5148585438728333,0.4851414561271667,2026-05-24T18:10:00Z,150.0,-178.0,0.2871463596820831,150.0,True,1.0,-1.0,74.0,-3.118461538461537,-0.0421413721413721,LAD,1.0,5.0,Final,0.0
2026-05-24,823861,NYM,MIA,Christian Scott,Tyler Phillips,MIA,0.5053108930587769,0.4946891069412231,2026-05-24T17:40:00Z,106.0,-118.0,0.0409404397010803,106.0,True,1.0,1.06,75.0,-2.058461538461537,-0.0274461538461538,MIA,4.0,0.0,Final,1.0
2026-05-24,824028,TEX,LAA,,Reid Detmers,LAA,0.5008454322814941,0.4991545677185058,2026-05-24T23:20:00Z,,,,,False,0.0,0.0,75.0,-2.058461538461537,-0.0274461538461538,LAA,2.0,1.0,Final,1.0
2026-05-24,824108,SEA,KC,Bryan Woo,Seth Lugo,KC,0.5241685509681702,0.4758314490318298,2026-05-24T18:10:00Z,118.0,-137.0,0.1426874411106108,118.0,True,1.0,1.18,76.0,-0.8784615384615375,-0.0115587044534412,KC,8.0,6.0,Final,1.0
2026-05-24,824676,HOU,CHC,Peter Lambert,Shota Imanaga,CHC,0.5194772481918335,0.4805227518081665,2026-05-24T18:20:00Z,-174.0,146.0,-0.1819726091691817,-174.0,False,0.0,0.0,76.0,-0.8784615384615375,-0.0115587044534412,HOU,5.0,8.0,Final,0.0
2026-05-24,824759,MIN,BOS,Bailey Ober,Sonny Gray,BOS,0.5260254740715027,0.4739745259284973,2026-05-24T17:35:00Z,-162.0,136.0,-0.1492674431683104,-162.0,False,0.0,0.0,76.0,-0.8784615384615375,-0.0115587044534412,MIN,5.0,6.0,Final,0.0
2026-05-24,824839,DET,BAL,Framber Valdez,Brandon Young,DET,0.4972815215587616,0.502718448638916,2026-05-24T16:35:00Z,-118.0,106.0,0.035600004196167,106.0,True,1.0,-1.0,77.0,-1.8784615384615373,-0.0243956043956043,BAL,5.0,3.0,Final,0.0
2026-05-24,824840,DET,BAL,,Trevor Rogers,DET,0.4972815215587616,0.502718448638916,2026-05-24T22:05:00Z,-118.0,106.0,0.035600004196167,106.0,True,1.0,1.06,79.0,-0.8184615384615375,-0.0103602726387536,,,,Postponed,
2026-05-24,824840,DET,BAL,,Trevor Rogers,DET,0.4972815215587616,0.502718448638916,2026-05-24T22:05:00Z,-118.0,106.0,0.035600004196167,106.0,True,1.0,1.06,79.0,-0.8184615384615375,-0.0103602726387536,DET,1.0,4.0,Final,1.0
2026-05-24,824921,WSH,ATL,Foster Griffin,Martín Pérez,ATL,0.5369292497634888,0.4630707502365112,2026-05-24T20:10:00Z,-156.0,138.0,-0.1188853337214543,-156.0,False,0.0,0.0,79.0,-0.8184615384615375,-0.0103602726387536,WSH,1.0,2.0,Final,0.0
2026-05-24,825081,COL,AZ,Jose Quintana,Ryne Nelson,AZ,0.5444654226303101,0.4555345773696899,2026-05-24T20:10:00Z,-190.0,162.0,-0.1689738286168952,-190.0,False,0.0,0.0,79.0,-0.8184615384615375,-0.0103602726387536,AZ,9.0,1.0,Final,1.0
2026-05-25,822812,MIA,TOR,Janson Junk,Trey Yesavage,TOR,0.5300384759902954,0.4699615240097046,2026-05-25T23:07:00Z,-102.0,-118.0,0.0496840406866635,-102.0,True,1.0,-1.0,80.0,-1.8184615384615368,-0.0227307692307692,MIA,2.0,8.0,Final,0.0
2026-05-25,822899,HOU,TEX,Tatsuya Imai,Kumar Rocker,TEX,0.509182870388031,0.490817129611969,2026-05-25T23:05:00Z,107.0,119.0,0.0540085417032243,107.0,True,1.0,-1.0,81.0,-2.8184615384615377,-0.0347958214624881,HOU,0.0,9.0,Final,0.0
2026-05-25,823219,AZ,SF,Merrill Kelly,Landen Roupp,SF,0.5046034455299377,0.4953965544700622,2026-05-25T21:05:00Z,1800.0,-106.0,8.587465465068817,1800.0,True,1.0,-1.0,82.0,-3.8184615384615377,-0.0465666041275797,AZ,2.0,6.0,Final,0.0
2026-05-25,823296,PHI,SD,Jesús Luzardo,Griffin Canning,PHI,0.4845649302005768,0.5154350996017456,2026-05-25T22:40:00Z,108.0,102.0,0.0411789011955261,102.0,True,1.0,1.02,83.0,-2.7984615384615377,-0.0337164040778498,PHI,0.0,3.0,Final,1.0
2026-05-25,823380,CHC,PIT,Ben Brown,Carmen Mlodzinski,CHC,0.4981332719326019,0.5018666982650757,2026-05-25T17:35:00Z,-126.0,109.0,0.048901399374008,109.0,True,1.0,-1.0,84.0,-3.7984615384615377,-0.0452197802197802,PIT,2.0,1.0,Final,0.0
2026-05-25,823625,CIN,NYM,Nick Lodolo,Nolan McLean,NYM,0.51705402135849,0.48294597864151,2026-05-25T20:10:00Z,,,,,False,0.0,0.0,84.0,-3.7984615384615377,-0.0452197802197802,CIN,2.0,7.0,Final,0.0
2026-05-25,823784,STL,MIL,Matthew Liberatore,Jacob Misiorowski,MIL,0.5264542102813721,0.4735457897186279,2026-05-25T18:10:00Z,-163.0,146.0,-0.1505677466012217,-163.0,False,0.0,0.0,84.0,-3.7984615384615377,-0.0452197802197802,MIL,5.0,1.0,Final,1.0
2026-05-25,823948,COL,LAD,Tanner Gordon,Emmet Sheehan,LAD,0.5389992594718933,0.4610007405281067,2026-05-26T01:10:00Z,-235.0,265.0,-0.2316393535187904,-235.0,False,0.0,0.0,84.0,-3.7984615384615377,-0.0452197802197802,LAD,5.0,3.0,Final,1.0
2026-05-25,824107,NYY,KC,Will Warren,Michael Wacha,KC,0.5021506547927856,0.4978493452072143,2026-05-25T19:40:00Z,172.0,-205.0,0.3658497810363768,172.0,True,1.0,-1.0,85.0,-4.798461538461538,-0.0564524886877828,NYY,3.0,4.0,Final,0.0
2026-05-25,824437,WSH,CLE,PJ Poulin,Tanner Bibee,CLE,0.5069975256919861,0.4930024743080139,2026-05-25T22:10:00Z,1060.0,118.0,4.881171298027039,1060.0,True,1.0,-1.0,86.0,-5.798461538461538,-0.0674239713774597,WSH,2.0,10.0,Final,0.0
2026-05-25,824598,MIN,CWS,Zebby Matthews,Anthony Kay,CWS,0.5216010212898254,0.4783989787101745,2026-05-25T18:10:00Z,-102.0,-116.0,0.0329745715739681,-102.0,True,1.0,0.9803921568627452,87.0,-4.818069381598793,-0.0553801078344688,CWS,3.0,1.0,Final,1.0
2026-05-25,824838,TB,BAL,Shane McClanahan,Kyle Bradish,TB,0.4842033386230469,0.5157966613769531,2026-05-25T17:35:00Z,-108.0,-108.0,-0.0066138373480902,-108.0,False,0.0,0.0,87.0,-4.818069381598793,-0.0553801078344688,BAL,9.0,7.0,Final,0.0
2026-05-25,825005,SEA,ATH,Luis Castillo,Aaron Civale,ATH,0.502604067325592,0.4973959326744079,2026-05-26T01:40:00Z,100.0,-112.0,0.005208134651184,100.0,False,0.0,0.0,87.0,-4.818069381598793,-0.0553801078344688,SEA,2.0,9.0,Final,0.0
2026-05-26,822811,MIA,TOR,Sandy Alcantara,Braydon Fisher,TOR,0.5300384759902954,0.4699615240097046,2026-05-26T23:07:00Z,-156.0,136.0,-0.1301932701697716,-156.0,False,0.0,0.0,87.0,-4.818069381598793,-0.0553801078344688,TOR,8.0,1.0,Final,1.0
2026-05-26,822898,HOU,TEX,Jason Alexander,Jack Leiter,TEX,0.509182870388031,0.490817129611969,2026-05-27T00:05:00Z,-132.0,139.0,-0.1050725308331576,-132.0,False,0.0,0.0,87.0,-4.818069381598793,-0.0553801078344688,TEX,10.0,7.0,Final,1.0
2026-05-26,823216,AZ,SF,Eduardo Rodriguez,Tyler Mahle,SF,0.5046034455299377,0.4953965544700622,2026-05-27T01:45:00Z,108.0,-105.0,0.0495751667022705,108.0,True,1.0,-1.0,88.0,-5.818069381598793,-0.0661144247908953,AZ,5.0,7.0,Final,0.0
2026-05-26,823294,PHI,SD,Aaron Nola,Randy Vásquez,PHI,0.4845649302005768,0.5154350996017456,2026-05-27T01:40:00Z,130.0,-104.0,0.0110457722957318,-104.0,False,0.0,0.0,88.0,-5.818069381598793,-0.0661144247908953,PHI,3.0,4.0,Final,1.0
2026-05-26,823379,CHC,PIT,Jordan Wicks,Braxton Ashcraft,CHC,0.4981332719326019,0.5018666982650757,2026-05-26T22:40:00Z,-112.0,680.0,2.91456024646759,680.0,True,1.0,-1.0,89.0,-6.818069381598793,-0.0766075211415594,PIT,12.0,1.0,Final,0.0
2026-05-26,823624,CIN,NYM,Chase Burns,David Peterson,NYM,0.51705402135849,0.48294597864151,2026-05-26T23:10:00Z,108.0,102.0,0.0754723644256591,108.0,True,1.0,-1.0,90.0,-7.818069381598793,-0.0868674375733199,CIN,2.0,7.0,Final,0.0
2026-05-26,823785,STL,MIL,Michael McGreevy,Kyle Harrison,MIL,0.5264542102813721,0.4735457897186279,2026-05-26T23:40:00Z,-146.0,178.0,-0.1129607141834415,-146.0,False,0.0,0.0,90.0,-7.818069381598793,-0.0868674375733199,MIL,6.0,0.0,Final,1.0
2026-05-26,823949,COL,LAD,Kyle Freeland,Eric Lauer,LAD,0.5389992594718933,0.4610007405281067,2026-05-27T02:10:00Z,-235.0,330.0,-0.2316393535187904,-235.0,False,0.0,0.0,90.0,-7.818069381598793,-0.0868674375733199,LAD,15.0,6.0,Final,1.0
2026-05-26,824106,NYY,KC,Cam Schlittler,Bailey Falter,KC,0.5021506547927856,0.4978493452072143,2026-05-26T23:40:00Z,168.0,-149.0,0.3457637548446653,168.0,True,1.0,-1.0,91.0,-8.818069381598793,-0.0969018613362504,NYY,1.0,15.0,Final,0.0
2026-05-26,824275,LAA,DET,Jack Kochanowicz,Keider Montero,DET,0.53155118227005,0.4684488177299499,2026-05-26T22:40:00Z,-120.0,104.0,-0.0254894991715748,-120.0,False,0.0,0.0,91.0,-8.818069381598793,-0.0969018613362504,LAA,6.0,10.0,Final,0.0
2026-05-26,824434,WSH,CLE,Cade Cavalli,Joey Cantillo,CLE,0.5069975256919861,0.4930024743080139,2026-05-26T22:10:00Z,323.0,163.0,1.144599533677101,323.0,True,1.0,-1.0,92.0,-9.818069381598791,-0.1067181454521608,WSH,3.0,6.0,Final,0.0
2026-05-26,824597,MIN,CWS,Joe Ryan,Sean Burke,CWS,0.5216010212898254,0.4783989787101745,2026-05-26T23:40:00Z,-102.0,102.0,0.0329745715739681,-102.0,True,1.0,-1.0,93.0,-10.818069381598791,-0.1163233266838579,MIN,3.0,5.0,Final,0.0
2026-05-26,824758,ATL,BOS,Spencer Strider,Ranger Suarez,BOS,0.512376606464386,0.487623393535614,2026-05-26T22:45:00Z,109.0,285.0,0.0708671075105666,109.0,True,1.0,-1.0,94.0,-11.818069381598791,-0.1257241423574339,ATL,6.0,7.0,Final,0.0
2026-05-26,824837,TB,BAL,Griffin Jax,Shane Baz,TB,0.4842033386230469,0.5157966613769531,2026-05-26T22:35:00Z,-310.0,241.0,0.7588666152954102,241.0,True,1.0,-1.0,95.0,-12.818069381598791,-0.1349270461220925,BAL,6.0,1.0,Final,0.0
2026-05-26,825004,SEA,ATH,Emerson Hancock,Gage Jump,ATH,0.502604067325592,0.4973959326744079,2026-05-27T01:40:00Z,104.0,-104.0,0.0253122973442078,104.0,True,1.0,-1.0,96.0,-13.818069381598791,-0.1439382227249874,SEA,1.0,4.0,Final,0.0
2026-05-27,822809,MIA,TOR,Eury Pérez,Kevin Gausman,TOR,0.5300384759902954,0.4699615240097046,2026-05-27T17:07:00Z,,,,,False,0.0,0.0,96.0,-13.818069381598791,-0.1439382227249874,TOR,2.0,1.0,Final,1.0
2026-05-27,822897,HOU,TEX,Mike Burrows,Jacob deGrom,TEX,0.509182870388031,0.490817129611969,2026-05-28T00:05:00Z,,,,,False,0.0,0.0,96.0,-13.818069381598791,-0.1439382227249874,HOU,3.0,4.0,Final,0.0
2026-05-27,823217,AZ,SF,Michael Soroka,Trevor McDonald,SF,0.5046034455299377,0.4953965544700622,2026-05-27T19:45:00Z,,,,,False,0.0,0.0,96.0,-13.818069381598791,-0.1439382227249874,AZ,2.0,3.0,Final,0.0
2026-05-27,823295,PHI,SD,Cristopher Sánchez,Walker Buehler,PHI,0.4845649302005768,0.5154350996017456,2026-05-27T20:10:00Z,,,,,False,0.0,0.0,96.0,-13.818069381598791,-0.1439382227249874,PHI,0.0,3.0,Final,1.0
2026-05-27,823376,CHC,PIT,Jameson Taillon,Braxton Ashcraft,CHC,0.4981332719326019,0.5018666982650757,2026-05-27T22:40:00Z,,,,,False,0.0,0.0,96.0,-13.818069381598791,-0.1439382227249874,CHC,4.0,10.0,Final,1.0
2026-05-27,823626,CIN,NYM,Andrew Abbott,Huascar Brazobán,NYM,0.51705402135849,0.48294597864151,2026-05-27T23:10:00Z,,,,,False,0.0,0.0,96.0,-13.818069381598791,-0.1439382227249874,NYM,4.0,2.0,Final,1.0
2026-05-27,823783,STL,MIL,Dustin May,Chad Patrick,MIL,0.5264542102813721,0.4735457897186279,2026-05-27T17:40:00Z,,,,,False,0.0,0.0,96.0,-13.818069381598791,-0.1439382227249874,MIL,2.0,1.0,Final,1.0
2026-05-27,823947,COL,LAD,Tomoyuki Sugano,Shohei Ohtani,LAD,0.5389992594718933,0.4610007405281067,2026-05-28T02:10:00Z,,,,,False,0.0,0.0,96.0,-13.818069381598791,-0.1439382227249874,LAD,4.0,1.0,Final,1.0
2026-05-27,824104,NYY,KC,Gerrit Cole,Noah Cameron,KC,0.5021506547927856,0.4978493452072143,2026-05-27T23:40:00Z,,,,,False,0.0,0.0,96.0,-13.818069381598791,-0.1439382227249874,NYY,0.0,7.0,Final,0.0
2026-05-27,824270,LAA,DET,José Soriano,Casey Mize,DET,0.53155118227005,0.4684488177299499,2026-05-27T22:40:00Z,,,,,False,0.0,0.0,96.0,-13.818069381598791,-0.1439382227249874,DET,4.0,0.0,Final,1.0
2026-05-27,824432,WSH,CLE,PJ Poulin,Gavin Williams,CLE,0.5069975256919861,0.4930024743080139,2026-05-27T17:10:00Z,,,,,False,0.0,0.0,96.0,-13.818069381598791,-0.1439382227249874,CLE,3.0,2.0,Final,1.0
2026-05-27,824596,MIN,CWS,Connor Prielipp,David Sandlin,CWS,0.5216010212898254,0.4783989787101745,2026-05-27T23:40:00Z,,,,,False,0.0,0.0,96.0,-13.818069381598791,-0.1439382227249874,CWS,15.0,2.0,Final,1.0
2026-05-27,824756,ATL,BOS,Bryce Elder,Connelly Early,BOS,0.512376606464386,0.487623393535614,2026-05-27T22:45:00Z,,,,,False,0.0,0.0,96.0,-13.818069381598791,-0.1439382227249874,BOS,8.0,0.0,Final,1.0
2026-05-27,824836,TB,BAL,Steven Matz,Trey Gibson,TB,0.4842033386230469,0.5157966613769531,2026-05-27T22:35:00Z,,,,,False,0.0,0.0,96.0,-13.818069381598791,-0.1439382227249874,BAL,11.0,2.0,Final,0.0
2026-05-27,825003,SEA,ATH,Logan Gilbert,Jeffrey Springs,ATH,0.502604067325592,0.4973959326744079,2026-05-27T19:05:00Z,,,,,False,0.0,0.0,96.0,-13.818069381598791,-0.1439382227249874,SEA,1.0,9.0,Final,0.0
2026-05-28,822896,HOU,TEX,Spencer Arrighetti,Nathan Eovaldi,TEX,0.509182870388031,0.490817129611969,2026-05-29T00:05:00Z,,,,,False,0.0,0.0,96.0,-13.818069381598791,-0.1439382227249874,HOU,1.0,5.0,Final,0.0
2026-05-28,823378,CHC,PIT,Colin Rea,Paul Skenes,CHC,0.4981332719326019,0.5018666982650757,2026-05-28T22:40:00Z,,,,,False,0.0,0.0,96.0,-13.818069381598791,-0.1439382227249874,CHC,2.0,7.0,Final,1.0
2026-05-28,824272,LAA,DET,Grayson Rodriguez,Jack Flaherty,DET,0.53155118227005,0.4684488177299499,2026-05-28T17:10:00Z,,,,,False,0.0,0.0,96.0,-13.818069381598791,-0.1439382227249874,LAA,1.0,7.0,Final,0.0
2026-05-28,824595,MIN,CWS,Simeon Woods Richardson,Davis Martin,CWS,0.5216010212898254,0.4783989787101745,2026-05-28T18:10:00Z,,,,,False,0.0,0.0,96.0,-13.818069381598791,-0.1439382227249874,CWS,6.0,2.0,Final,1.0
2026-05-28,824757,ATL,BOS,Chris Sale,Payton Tolle,BOS,0.512376606464386,0.487623393535614,2026-05-28T20:10:00Z,,,,,False,0.0,0.0,96.0,-13.818069381598791,-0.1439382227249874,ATL,2.0,10.0,Final,0.0
2026-05-28,824834,TOR,BAL,Patrick Corbin,Chris Bassitt,TOR,0.487785667181015,0.5122143030166626,2026-05-28T22:35:00Z,,,,,False,0.0,0.0,96.0,-13.818069381598791,-0.1439382227249874,TOR,1.0,2.0,Final,1.0
2026-05-29,822732,SD,WSH,Lucas Giolito,Paxton Schultz,SD,0.4978907704353332,0.5021092295646667,2026-05-29T22:45:00Z,,,,,False,0.0,0.0,96.0,-13.818069381598791,-0.1439382227249874,SD,5.0,7.0,Final,1.0
2026-05-29,822894,KC,TEX,Stephen Kolek,MacKenzie Gore,KC,0.4924660623073578,0.5075339078903198,2026-05-30T00:05:00Z,,,,,False,0.0,0.0,96.0,-13.818069381598791,-0.1439382227249874,TEX,9.0,1.0,Final,0.0
2026-05-29,822978,LAA,TB,Walbert Ureña,Nick Martinez,TB,0.5284350514411926,0.4715649485588074,2026-05-29T23:10:00Z,,,,,False,0.0,0.0,96.0,-13.818069381598791,-0.1439382227249874,TB,8.0,5.0,Final,1.0
2026-05-29,823055,CHC,STL,Shota Imanaga,Andre Pallante,CHC,0.4898040890693664,0.5101959109306335,2026-05-29T23:15:00Z,,,,,False,0.0,0.0,96.0,-13.818069381598791,-0.1439382227249874,STL,6.0,5.0,Final,0.0
2026-05-29,823135,AZ,SEA,Zac Gallen,George Kirby,SEA,0.5238635540008545,0.4761364459991455,2026-05-30T02:10:00Z,,,,,False,0.0,0.0,96.0,-13.818069381598791,-0.1439382227249874,SEA,7.0,6.0,Final,1.0
2026-05-29,823377,MIN,PIT,Taj Bradley,Jared Jones,PIT,0.5103152990341187,0.4896847009658813,2026-05-29T22:45:00Z,,,,,False,0.0,0.0,96.0,-13.818069381598791,-0.1439382227249874,PIT,6.0,5.0,Final,1.0
2026-05-29,823623,MIA,NYM,Max Meyer,Freddy Peralta,NYM,0.5281730890274048,0.4718269109725952,2026-05-29T23:10:00Z,,,,,False,0.0,0.0,96.0,-13.818069381598791,-0.1439382227249874,NYM,9.0,7.0,Final,1.0
2026-05-29,823946,PHI,LAD,Zack Wheeler,Justin Wrobleski,LAD,0.5013980269432068,0.4986019730567932,2026-05-30T02:15:00Z,,,,,False,0.0,0.0,96.0,-13.818069381598791,-0.1439382227249874,LAD,4.0,2.0,Final,1.0
2026-05-29,824191,MIL,HOU,Coleman Crow,Kai-Wei Teng,HOU,0.5092639327049255,0.4907360672950744,2026-05-30T00:10:00Z,,,,,False,0.0,0.0,96.0,-13.818069381598791,-0.1439382227249874,MIL,4.0,5.0,Final,0.0
2026-05-29,824353,SF,COL,Logan Webb,Michael Lorenzen,COL,0.5046666860580444,0.4953333139419555,2026-05-30T00:40:00Z,,,,,False,0.0,0.0,96.0,-13.818069381598791,-0.1439382227249874,COL,8.0,6.0,Final,1.0
2026-05-29,824433,BOS,CLE,Tyler Samaniego,Slade Cecconi,BOS,0.4923598170280456,0.5076401829719543,2026-05-29T23:10:00Z,,,,,False,0.0,0.0,96.0,-13.818069381598791,-0.1439382227249874,CLE,4.0,3.0,Final,0.0
2026-05-29,824515,ATL,CIN,Grant Holmes,Chris Paddack,CIN,0.5281166434288025,0.4718833565711975,2026-05-29T22:40:00Z,,,,,False,0.0,0.0,96.0,-13.818069381598791,-0.1439382227249874,ATL,3.0,8.0,Final,0.0
2026-05-29,824594,DET,CWS,Troy Melton,Erick Fedde,DET,0.4989010393619537,0.5010989904403687,2026-05-29T23:40:00Z,,,,,False,0.0,0.0,96.0,-13.818069381598791,-0.1439382227249874,CWS,4.0,3.0,Final,0.0
2026-05-29,824835,TOR,BAL,Adam Macko,Trevor Rogers,TOR,0.487785667181015,0.5122143030166626,2026-05-29T23:05:00Z,,,,,False,0.0,0.0,96.0,-13.818069381598791,-0.1439382227249874,TOR,5.0,6.0,Final,1.0
2026-05-29,825002,NYY,ATH,Carlos Rodón,Luis Severino,ATH,0.5022443532943726,0.4977556467056274,2026-05-30T01:40:00Z,,,,,False,0.0,0.0,96.0,-13.818069381598791,-0.1439382227249874,NYY,2.0,8.0,Final,0.0
2026-05-30,822731,SD,WSH,Michael King,Foster Griffin,SD,0.4978907704353332,0.5021092295646667,2026-05-30T20:05:00Z,,,,,False,0.0,0.0,96.0,-13.818069381598791,-0.1439382227249874,WSH,9.0,4.0,Final,0.0
2026-05-30,822893,KC,TEX,Seth Lugo,Kumar Rocker,KC,0.4924660623073578,0.5075339078903198,2026-05-30T20:05:00Z,,,,,False,0.0,0.0,96.0,-13.818069381598791,-0.1439382227249874,TEX,7.0,6.0,Final,0.0
2026-05-30,822975,LAA,TB,Reid Detmers,Drew Rasmussen,TB,0.5284350514411926,0.4715649485588074,2026-05-30T20:10:00Z,,,,,False,0.0,0.0,96.0,-13.818069381598791,-0.1439382227249874,LAA,3.0,14.0,Final,0.0
2026-05-30,823054,CHC,STL,Ben Brown,Kyle Leahy,CHC,0.4898040890693664,0.5101959109306335,2026-05-30T23:15:00Z,,,,,False,0.0,0.0,96.0,-13.818069381598791,-0.1439382227249874,CHC,1.0,6.0,Final,1.0
2026-05-30,823132,AZ,SEA,Ryne Nelson,Bryan Woo,SEA,0.5238635540008545,0.4761364459991455,2026-05-31T02:10:00Z,,,,,False,0.0,0.0,96.0,-13.818069381598791,-0.1439382227249874,SEA,5.0,1.0,Final,1.0
2026-05-30,823375,MIN,PIT,Bailey Ober,Mitch Keller,PIT,0.5103152990341187,0.4896847009658813,2026-05-30T20:05:00Z,,,,,False,0.0,0.0,96.0,-13.818069381598791,-0.1439382227249874,PIT,10.0,9.0,Final,1.0
2026-05-30,823622,MIA,NYM,Tyler Phillips,Christian Scott,NYM,0.5281730890274048,0.4718269109725952,2026-05-30T20:10:00Z,,,,,False,0.0,0.0,96.0,-13.818069381598791,-0.1439382227249874,NYM,6.0,1.0,Final,1.0
2026-05-30,823945,PHI,LAD,Jesús Luzardo,Roki Sasaki,LAD,0.5013980269432068,0.4986019730567932,2026-05-31T02:10:00Z,,,,,False,0.0,0.0,96.0,-13.818069381598791,-0.1439382227249874,PHI,3.0,4.0,Final,0.0
2026-05-30,824190,MIL,HOU,Brandon Sproat,Peter Lambert,HOU,0.5092639327049255,0.4907360672950744,2026-05-30T20:10:00Z,,,,,False,0.0,0.0,96.0,-13.818069381598791,-0.1439382227249874,HOU,9.0,2.0,Final,1.0
2026-05-30,824352,SF,COL,Adrian Houser,Ryan Feltner,COL,0.5046666860580444,0.4953333139419555,2026-05-31T01:10:00Z,,,,,False,0.0,0.0,96.0,-13.818069381598791,-0.1439382227249874,COL,8.0,3.0,Final,1.0
2026-05-30,824431,BOS,CLE,Sonny Gray,Parker Messick,BOS,0.4923598170280456,0.5076401829719543,2026-05-30T20:10:00Z,,,,,False,0.0,0.0,96.0,-13.818069381598791,-0.1439382227249874,BOS,1.0,9.0,Final,1.0
2026-05-30,824513,ATL,CIN,Martín Pérez,Brady Singer,CIN,0.5281166434288025,0.4718833565711975,2026-05-30T23:15:00Z,,,,,False,0.0,0.0,96.0,-13.818069381598791,-0.1439382227249874,ATL,2.0,5.0,Final,0.0
2026-05-30,824593,DET,CWS,Framber Valdez,Anthony Kay,DET,0.4989010393619537,0.5010989904403687,2026-05-30T18:10:00Z,,,,,False,0.0,0.0,96.0,-13.818069381598791,-0.1439382227249874,CWS,7.0,1.0,Final,0.0
2026-05-30,824833,TOR,BAL,Trey Yesavage,Brandon Young,TOR,0.487785667181015,0.5122143030166626,2026-05-30T20:05:00Z,,,,,False,0.0,0.0,96.0,-13.818069381598791,-0.1439382227249874,BAL,6.0,5.0,Final,0.0
2026-05-30,825000,NYY,ATH,Ryan Weathers,J.T. Ginn,ATH,0.5022443532943726,0.4977556467056274,2026-05-31T02:05:00Z,,,,,False,0.0,0.0,96.0,-13.818069381598791,-0.1439382227249874,ATH,6.0,4.0,Final,1.0
2026-05-31,822729,SD,WSH,Griffin Canning,Zack Littell,SD,0.4978907704353332,0.5021092295646667,2026-05-31T17:35:00Z,,,,,False,0.0,0.0,96.0,-13.818069381598791,-0.1439382227249874,WSH,4.0,2.0,Final,0.0
2026-05-31,822895,KC,TEX,Michael Wacha,Jack Leiter,KC,0.4924660623073578,0.5075339078903198,2026-05-31T18:35:00Z,,,,,False,0.0,0.0,96.0,-13.818069381598791,-0.1439382227249874,TEX,6.0,3.0,Final,0.0
2026-05-31,822976,LAA,TB,Jack Kochanowicz,Shane McClanahan,TB,0.5284350514411926,0.4715649485588074,2026-05-31T17:40:00Z,,,,,False,0.0,0.0,96.0,-13.818069381598791,-0.1439382227249874,TB,5.0,2.0,Final,1.0
2026-05-31,823053,CHC,STL,Jordan Wicks,Matthew Liberatore,CHC,0.4898040890693664,0.5101959109306335,2026-05-31T23:20:00Z,,,,,False,0.0,0.0,96.0,-13.818069381598791,-0.1439382227249874,STL,5.0,1.0,Final,0.0
2026-05-31,823133,AZ,SEA,Merrill Kelly,Bryce Miller,SEA,0.5238635540008545,0.4761364459991455,2026-05-31T20:10:00Z,,,,,False,0.0,0.0,96.0,-13.818069381598791,-0.1439382227249874,SEA,3.0,2.0,Final,1.0
2026-05-31,823373,MIN,PIT,Zebby Matthews,Braxton Ashcraft,PIT,0.5103152990341187,0.4896847009658813,2026-05-31T17:35:00Z,,,,,False,0.0,0.0,96.0,-13.818069381598791,-0.1439382227249874,PIT,9.0,3.0,Final,1.0
2026-05-31,823621,MIA,NYM,John King,Nolan McLean,NYM,0.5281730890274048,0.4718269109725952,2026-05-31T17:40:00Z,,,,,False,0.0,0.0,96.0,-13.818069381598791,-0.1439382227249874,NYM,10.0,1.0,Final,1.0
2026-05-31,823944,PHI,LAD,Andrew Painter,Yoshinobu Yamamoto,LAD,0.5013980269432068,0.4986019730567932,2026-05-31T20:10:00Z,,,,,False,0.0,0.0,96.0,-13.818069381598791,-0.1439382227249874,LAD,9.0,1.0,Final,1.0
2026-05-31,824187,MIL,HOU,Jacob Misiorowski,Tatsuya Imai,HOU,0.5092639327049255,0.4907360672950744,2026-05-31T18:10:00Z,,,,,False,0.0,0.0,96.0,-13.818069381598791,-0.1439382227249874,MIL,0.0,2.0,Final,0.0
2026-05-31,824354,SF,COL,Robbie Ray,Tanner Gordon,COL,0.5046666860580444,0.4953333139419555,2026-05-31T19:10:00Z,,,,,False,0.0,0.0,96.0,-13.818069381598791,-0.1439382227249874,SF,6.0,19.0,Final,0.0
2026-05-31,824430,BOS,CLE,Ranger Suarez,Tanner Bibee,BOS,0.4923598170280456,0.5076401829719543,2026-05-31T17:40:00Z,,,,,False,0.0,0.0,96.0,-13.818069381598791,-0.1439382227249874,BOS,4.0,9.0,Final,1.0
2026-05-31,824512,ATL,CIN,Spencer Strider,Nick Lodolo,CIN,0.5281166434288025,0.4718833565711975,2026-05-31T17:40:00Z,,,,,False,0.0,0.0,96.0,-13.818069381598791,-0.1439382227249874,CIN,6.0,4.0,Final,1.0
2026-05-31,824592,DET,CWS,Keider Montero,Sean Burke,DET,0.4989010393619537,0.5010989904403687,2026-05-31T18:10:00Z,,,,,False,0.0,0.0,96.0,-13.818069381598791,-0.1439382227249874,CWS,2.0,1.0,Final,0.0
2026-05-31,824832,TOR,BAL,Spencer Miles,Kyle Bradish,TOR,0.487785667181015,0.5122143030166626,2026-05-31T16:15:00Z,,,,,False,0.0,0.0,96.0,-13.818069381598791,-0.1439382227249874,BAL,9.0,5.0,Final,0.0
2026-05-31,825001,NYY,ATH,Will Warren,Jacob Lopez,ATH,0.5022443532943726,0.4977556467056274,2026-05-31T20:05:00Z,,,,,False,0.0,0.0,96.0,-13.818069381598791,-0.1439382227249874,NYY,8.0,13.0,Final,0.0
2026-06-01,822730,MIA,WSH,Sandy Alcantara,Cade Cavalli,MIA,0.4898100197315216,0.5101900100708008,2026-06-01T22:45:00Z,-108.0,236.0,0.7142384338378907,236.0,True,1.0,2.36,97.0,-11.458069381598794,-0.1181244266144205,MIA,3.0,7.0,Final,1.0
2026-06-01,822974,DET,TB,Ty Madden,Griffin Jax,TB,0.5271252393722534,0.4728747606277466,2026-06-01T22:40:00Z,1000.0,119.0,4.798377633094788,1000.0,True,1.0,-1.0,98.0,-12.458069381598794,-0.1271231569550897,DET,9.0,10.0,Final,0.0
2026-06-01,823050,TEX,STL,Jacob deGrom,Michael McGreevy,STL,0.5019427537918091,0.4980572462081909,2026-06-01T23:45:00Z,108.0,-112.0,0.0440409278869629,108.0,True,1.0,-1.0,99.0,-13.458069381598794,-0.1359400947636241,TEX,1.0,2.0,Final,0.0
2026-06-01,823131,NYM,SEA,Austin Warren,Emerson Hancock,SEA,0.5080559849739075,0.4919440150260925,2026-06-02T01:40:00Z,-130.0,128.0,-0.1011317188923175,-130.0,False,0.0,0.0,99.0,-13.458069381598794,-0.1359400947636241,SEA,3.0,2.0,Final,1.0
2026-06-01,823702,CWS,MIN,David Sandlin,Joe Ryan,MIN,0.5128256678581238,0.4871743321418762,2026-06-01T23:40:00Z,102.0,119.0,0.03590784907341,102.0,True,1.0,1.02,100.0,-12.438069381598794,-0.1243806938159879,MIN,9.0,6.0,Final,1.0
2026-06-01,823781,SF,MIL,Landen Roupp,Shane Drohan,MIL,0.5013177990913391,0.4986822009086609,2026-06-01T23:40:00Z,-158.0,159.0,-0.1813924546483196,-158.0,False,0.0,0.0,100.0,-12.438069381598794,-0.1243806938159879,MIL,16.0,2.0,Final,1.0
2026-06-01,824027,COL,LAA,Kyle Freeland,José Soriano,LAA,0.5137628316879272,0.4862371683120727,2026-06-02T01:38:00Z,-154.0,168.0,-0.1526249399432888,-154.0,False,0.0,0.0,100.0,-12.438069381598794,-0.1243806938159879,COL,8.0,9.0,Final,0.0
2026-06-01,824510,KC,CIN,Luinder Avila,Lyon Richardson,CIN,0.5044978857040405,0.4955021142959595,2026-06-01T23:10:00Z,265.0,100.0,0.8414172828197479,265.0,True,1.0,-1.0,101.0,-13.438069381598794,-0.1330501918970177,KC,2.0,9.0,Final,0.0
2026-06-01,825078,LAD,AZ,Emmet Sheehan,Eduardo Rodriguez,AZ,0.5077323317527771,0.4922676682472229,2026-06-02T01:40:00Z,140.0,-116.0,0.218557596206665,140.0,True,1.0,1.4,102.0,-12.038069381598794,-0.1180202880548901,AZ,4.0,1.0,Final,1.0
2026-06-02,822728,MIA,WSH,Lake Bachar,Richard Lovelady,MIA,0.4898100197315216,0.5101900100708008,2026-06-02T22:45:00Z,-110.0,120.0,0.1224180221557618,120.0,True,1.0,1.2,103.0,-10.838069381598794,-0.105223974578629,MIA,3.0,7.0,Final,1.0
2026-06-02,822971,DET,TB,Jack Flaherty,Steven Matz,TB,0.5271252393722534,0.4728747606277466,2026-06-02T22:40:00Z,800.0,129.0,3.7441271543502808,800.0,True,1.0,-1.0,104.0,-11.838069381598794,-0.1138275902076807,DET,0.0,8.0,Final,0.0
2026-06-02,823052,TEX,STL,Nathan Eovaldi,Dustin May,STL,0.5019427537918091,0.4980572462081909,2026-06-02T23:45:00Z,-115.0,110.0,-0.0615852863892265,-115.0,False,0.0,0.0,104.0,-11.838069381598794,-0.1138275902076807,TEX,4.0,7.0,Final,0.0
2026-06-02,823129,NYM,SEA,,Logan Gilbert,SEA,0.5080559849739075,0.4919440150260925,2026-06-03T01:40:00Z,-136.0,130.0,-0.1183734378393958,-136.0,False,0.0,0.0,104.0,-11.838069381598794,-0.1138275902076807,SEA,8.0,3.0,Final,1.0
2026-06-02,823460,SD,PHI,Randy Vásquez,Aaron Nola,PHI,0.5274141430854797,0.4725858569145202,2026-06-02T22:40:00Z,-194.0,187.0,-0.2007228965611802,-194.0,False,0.0,0.0,104.0,-11.838069381598794,-0.1138275902076807,PHI,3.0,2.0,Final,1.0
2026-06-02,823541,CLE,NYY,Joey Cantillo,Cam Schlittler,NYY,0.5328018665313721,0.4671981334686279,2026-06-02T23:05:00Z,-152.0,285.0,-0.1166705896979883,-152.0,False,0.0,0.0,104.0,-11.838069381598794,-0.1138275902076807,CLE,4.0,9.0,Final,0.0
2026-06-02,823700,CWS,MIN,Davis Martin,Connor Prielipp,MIN,0.5128256678581238,0.4871743321418762,2026-06-02T23:40:00Z,-103.0,132.0,0.0107146657786322,-103.0,False,0.0,0.0,104.0,-11.838069381598794,-0.1138275902076807,MIN,6.0,4.0,Final,1.0
2026-06-02,823782,SF,MIL,Trevor McDonald,Kyle Harrison,MIL,0.5013177990913391,0.4986822009086609,2026-06-02T23:40:00Z,-142.0,307.0,-0.1456414973232108,-142.0,False,0.0,0.0,104.0,-11.838069381598794,-0.1138275902076807,MIL,8.0,3.0,Final,1.0
2026-06-02,824026,COL,LAA,Tomoyuki Sugano,Grayson Rodriguez,LAA,0.5137628316879272,0.4862371683120727,2026-06-03T01:38:00Z,-156.0,135.0,-0.1569020197941706,-156.0,False,0.0,0.0,104.0,-11.838069381598794,-0.1138275902076807,COL,2.0,8.0,Final,0.0
2026-06-02,824189,PIT,HOU,Bubba Chandler,Mike Burrows,HOU,0.5057088732719421,0.4942911267280578,2026-06-03T00:10:00Z,138.0,-102.0,0.2035871183872222,138.0,True,1.0,-1.0,105.0,-12.838069381598794,-0.122267327443798,PIT,6.0,10.0,Final,0.0
2026-06-02,824511,KC,CIN,Noah Cameron,Andrew Abbott,CIN,0.5044978857040405,0.4955021142959595,2026-06-02T23:10:00Z,-117.0,132.0,-0.0643073401899418,-117.0,False,0.0,0.0,105.0,-12.838069381598794,-0.122267327443798,CIN,4.0,3.0,Final,1.0
2026-06-02,824675,ATH,CHC,Gage Jump,Jameson Taillon,CHC,0.5058949589729309,0.4941050410270691,2026-06-03T00:05:00Z,-118.0,109.0,-0.0653804995245853,-118.0,False,0.0,0.0,105.0,-12.838069381598794,-0.122267327443798,ATH,1.0,2.0,Final,0.0
2026-06-02,824754,BAL,BOS,Shane Baz,Connelly Early,BOS,0.5251781940460205,0.4748218059539795,2026-06-02T22:45:00Z,307.0,129.0,1.1374752497673035,307.0,True,1.0,-1.0,106.0,-13.838069381598794,-0.1305478243547056,BAL,2.0,4.0,Final,0.0
2026-06-02,824918,TOR,ATL,Kevin Gausman,Bryce Elder,ATL,0.5078239440917969,0.4921760559082031,2026-06-02T23:15:00Z,-138.0,123.0,-0.1241876906242923,-138.0,False,0.0,0.0,106.0,-13.838069381598794,-0.1305478243547056,ATL,4.0,3.0,Final,1.0
2026-06-02,825079,LAD,AZ,Eric Lauer,Michael Soroka,AZ,0.5077323317527771,0.4922676682472229,2026-06-03T01:40:00Z,168.0,-116.0,0.3607226490974424,168.0,True,1.0,-1.0,107.0,-14.838069381598794,-0.1386735456224186,LAD,5.0,6.0,Final,0.0
2026-06-03,822727,MIA,WSH,Max Meyer,Andrew Alvarez,MIA,0.4898100197315216,0.5101900100708008,2026-06-03T17:05:00Z,,,,,False,0.0,0.0,107.0,-14.838069381598794,-0.1386735456224186,MIA,1.0,4.0,Final,1.0
2026-06-03,822973,DET,TB,Troy Melton,Nick Martinez,TB,0.5271252393722534,0.4728747606277466,2026-06-03T17:10:00Z,,,,,False,0.0,0.0,107.0,-14.838069381598794,-0.1386735456224186,DET,2.0,7.0,Final,0.0
2026-06-03,823051,TEX,STL,MacKenzie Gore,Andre Pallante,STL,0.5019427537918091,0.4980572462081909,2026-06-03T23:45:00Z,-118.0,-108.0,-0.0726820311303866,-118.0,False,0.0,0.0,107.0,-14.838069381598794,-0.1386735456224186,STL,5.0,3.0,Final,1.0
2026-06-03,823130,NYM,SEA,Freddy Peralta,George Kirby,SEA,0.5080559849739075,0.4919440150260925,2026-06-03T19:40:00Z,,,,,False,0.0,0.0,107.0,-14.838069381598794,-0.1386735456224186,NYM,1.0,7.0,Final,0.0
2026-06-03,823456,SD,PHI,Walker Buehler,Cristopher Sánchez,PHI,0.5274141430854797,0.4725858569145202,2026-06-03T22:40:00Z,-200.0,390.0,-0.2088787853717804,-200.0,False,0.0,0.0,107.0,-14.838069381598794,-0.1386735456224186,PHI,3.0,2.0,Final,1.0
2026-06-03,823540,CLE,NYY,Gavin Williams,Gerrit Cole,NYY,0.5328018665313721,0.4671981334686279,2026-06-03T23:05:00Z,-162.0,144.0,-0.1383080923998796,-162.0,False,0.0,0.0,107.0,-14.838069381598794,-0.1386735456224186,CLE,4.0,5.0,Final,0.0
2026-06-03,823701,CWS,MIN,Erick Fedde,Taj Bradley,MIN,0.5128256678581238,0.4871743321418762,2026-06-03T17:40:00Z,,,,,False,0.0,0.0,107.0,-14.838069381598794,-0.1386735456224186,CWS,0.0,8.0,Final,0.0
2026-06-03,823780,SF,MIL,Logan Webb,Robert Gasser,MIL,0.5013177990913391,0.4986822009086609,2026-06-03T23:40:00Z,-150.0,134.0,-0.1644703348477682,-150.0,False,0.0,0.0,107.0,-14.838069381598794,-0.1386735456224186,SF,0.0,1.0,Final,0.0
2026-06-03,824024,COL,LAA,Michael Lorenzen,Walbert Ureña,LAA,0.5137628316879272,0.4862371683120727,2026-06-04T01:38:00Z,-142.0,120.0,-0.1244323572642366,-142.0,False,0.0,0.0,107.0,-14.838069381598794,-0.1386735456224186,LAA,11.0,4.0,Final,1.0
2026-06-03,824188,PIT,HOU,Paul Skenes,Spencer Arrighetti,HOU,0.5057088732719421,0.4942911267280578,2026-06-04T00:10:00Z,124.0,-108.0,0.1327878761291505,124.0,True,1.0,1.24,108.0,-13.598069381598794,-0.1259080498296184,HOU,11.0,9.0,Final,1.0
2026-06-03,824509,KC,CIN,Stephen Kolek,Chase Burns,CIN,0.5044978857040405,0.4955021142959595,2026-06-03T23:10:00Z,164.0,-215.0,0.3318744182586668,164.0,True,1.0,-1.0,109.0,-14.598069381598794,-0.1339272420330164,KC,2.0,5.0,Final,0.0
2026-06-03,824671,ATH,CHC,Jeffrey Springs,Colin Rea,CHC,0.5058949589729309,0.4941050410270691,2026-06-04T00:05:00Z,-130.0,114.0,-0.104955072586353,-130.0,False,0.0,0.0,109.0,-14.598069381598794,-0.1339272420330164,ATH,4.0,5.0,Final,0.0
2026-06-03,824755,BAL,BOS,Chris Bassitt,Payton Tolle,BOS,0.5251781940460205,0.4748218059539795,2026-06-03T22:45:00Z,-108.0,500.0,0.0114542996441877,-108.0,False,0.0,0.0,109.0,-14.598069381598794,-0.1339272420330164,BOS,8.0,1.0,Final,1.0
2026-06-03,824917,TOR,ATL,Patrick Corbin,Grant Holmes,ATL,0.5078239440917969,0.4921760559082031,2026-06-03T23:15:00Z,-154.0,158.0,-0.162420248056387,-154.0,False,0.0,0.0,109.0,-14.598069381598794,-0.1339272420330164,ATL,7.0,3.0,Final,1.0
2026-06-03,825077,LAD,AZ,Shohei Ohtani,Zac Gallen,AZ,0.5077323317527771,0.4922676682472229,2026-06-04T01:40:00Z,176.0,-134.0,0.4013412356376646,176.0,True,1.0,-1.0,110.0,-15.598069381598794,-0.1418006307418072,LAD,0.0,7.0,Final,0.0
2026-06-04,823457,SD,PHI,Lucas Giolito,Zack Wheeler,PHI,0.5274141430854797,0.4725858569145202,2026-06-04T17:05:00Z,,,,,False,0.0,0.0,110.0,-15.598069381598794,-0.1418006307418072,PHI,6.0,4.0,Final,1.0
2026-06-04,823542,CLE,NYY,Slade Cecconi,Carlos Rodón,NYY,0.5328018665313721,0.4671981334686279,2026-06-04T17:35:00Z,,,,,False,0.0,0.0,110.0,-15.598069381598794,-0.1418006307418072,NYY,2.0,1.0,Final,1.0
2026-06-04,823698,KC,MIN,Seth Lugo,Andrew Morris,MIN,0.5047525763511658,0.4952474236488342,2026-06-04T23:40:00Z,,,,,False,0.0,0.0,110.0,-15.598069381598794,-0.1418006307418072,KC,6.0,8.0,Final,0.0
2026-06-04,823779,SF,MIL,Adrian Houser,Coleman Crow,MIL,0.5013177990913391,0.4986822009086609,2026-06-04T18:10:00Z,,,,,False,0.0,0.0,110.0,-15.598069381598794,-0.1418006307418072,SF,9.0,12.0,Final,0.0
2026-06-04,824185,PIT,HOU,Jared Jones,Kai-Wei Teng,HOU,0.5057088732719421,0.4942911267280578,2026-06-05T00:10:00Z,,,,,False,0.0,0.0,110.0,-15.598069381598794,-0.1418006307418072,PIT,1.0,5.0,Final,0.0
2026-06-04,824672,ATH,CHC,J.T. Ginn,Shota Imanaga,CHC,0.5058949589729309,0.4941050410270691,2026-06-05T00:05:00Z,,,,,False,0.0,0.0,110.0,-15.598069381598794,-0.1418006307418072,CHC,7.0,6.0,Final,1.0
2026-06-04,824753,BAL,BOS,Trevor Rogers,Brayan Bello,BOS,0.5251781940460205,0.4748218059539795,2026-06-04T17:35:00Z,,,,,False,0.0,0.0,110.0,-15.598069381598794,-0.1418006307418072,BAL,2.0,8.0,Final,0.0
2026-06-04,824919,TOR,ATL,Mason Fluharty,Chris Sale,ATL,0.5078239440917969,0.4921760559082031,2026-06-04T23:15:00Z,,,,,False,0.0,0.0,110.0,-15.598069381598794,-0.1418006307418072,TOR,2.0,7.0,Final,0.0
2026-06-04,825076,LAD,AZ,Justin Wrobleski,Ryne Nelson,AZ,0.5077323317527771,0.4922676682472229,2026-06-05T01:40:00Z,,,,,False,0.0,0.0,110.0,-15.598069381598794,-0.1418006307418072,AZ,3.0,2.0,Final,1.0
2026-06-05,822810,BAL,TOR,Brandon Young,Trey Yesavage,TOR,0.5264574289321899,0.47354257106781,2026-06-05T23:07:00Z,,,,,False,0.0,0.0,110.0,-15.598069381598794,-0.1418006307418072,BAL,3.0,13.0,Final,0.0
2026-06-05,822892,CLE,TEX,Parker Messick,Kumar Rocker,TEX,0.5244702696800232,0.4755297303199768,2026-06-06T00:15:00Z,,,,,False,0.0,0.0,110.0,-15.598069381598794,-0.1418006307418072,TEX,3.0,2.0,Final,1.0
2026-06-05,823049,CIN,STL,Brady Singer,Kyle Leahy,CIN,0.4947606921195984,0.5052393078804016,2026-06-06T00:15:00Z,,,,,False,0.0,0.0,110.0,-15.598069381598794,-0.1418006307418072,STL,10.0,3.0,Final,0.0
2026-06-05,823293,NYM,SD,Christian Scott,Michael King,SD,0.5037169456481934,0.4962830543518066,2026-06-06T01:40:00Z,,,,,False,0.0,0.0,110.0,-15.598069381598794,-0.1418006307418072,NYM,0.0,5.0,Final,0.0
2026-06-05,823455,CWS,PHI,Anthony Kay,Jesús Luzardo,PHI,0.5258822441101074,0.4741177558898926,2026-06-05T22:40:00Z,,,,,False,0.0,0.0,110.0,-15.598069381598794,-0.1418006307418072,PHI,8.0,6.0,Final,1.0
2026-06-05,823538,BOS,NYY,Sonny Gray,Ryan Weathers,NYY,0.5330722332000732,0.4669277667999267,2026-06-05T23:05:00Z,,,,,False,0.0,0.0,110.0,-15.598069381598794,-0.1418006307418072,BOS,3.0,5.0,Final,0.0
2026-06-05,823699,KC,MIN,Michael Wacha,Zebby Matthews,MIN,0.5047525763511658,0.4952474236488342,2026-06-06T00:15:00Z,,,,,False,0.0,0.0,110.0,-15.598069381598794,-0.1418006307418072,MIN,5.0,3.0,Final,1.0
2026-06-05,823860,TB,MIA,Drew Rasmussen,Ryan Gusto,MIA,0.5041716694831848,0.4958283305168152,2026-06-05T23:10:00Z,,,,,False,0.0,0.0,110.0,-15.598069381598794,-0.1418006307418072,TB,0.0,6.0,Final,0.0
2026-06-05,823943,LAA,LAD,Reid Detmers,Roki Sasaki,LAD,0.5365023612976074,0.4634976387023926,2026-06-06T02:10:00Z,,,,,False,0.0,0.0,110.0,-15.598069381598794,-0.1418006307418072,LAD,1.0,0.0,Final,1.0
2026-06-05,824186,ATH,HOU,Jack Perkins,Peter Lambert,ATH,0.4910565912723541,0.5089434385299683,2026-06-06T00:10:00Z,,,,,False,0.0,0.0,110.0,-15.598069381598794,-0.1418006307418072,HOU,5.0,1.0,Final,0.0
2026-06-05,824271,SEA,DET,Bryan Woo,Framber Valdez,DET,0.5203904509544373,0.4796095490455627,2026-06-05T22:40:00Z,,,,,False,0.0,0.0,110.0,-15.598069381598794,-0.1418006307418072,DET,7.0,3.0,Final,1.0
2026-06-05,824350,MIL,COL,Brandon Sproat,Ryan Feltner,COL,0.5012668967247009,0.4987331032752991,2026-06-06T00:40:00Z,,,,,False,0.0,0.0,110.0,-15.598069381598794,-0.1418006307418072,MIL,7.0,9.0,Final,0.0
2026-06-05,824673,SF,CHC,Robbie Ray,Edward Cabrera,CHC,0.5059003829956055,0.4940996170043945,2026-06-05T18:20:00Z,,,,,False,0.0,0.0,110.0,-15.598069381598794,-0.1418006307418072,SF,3.0,18.0,Final,0.0
2026-06-05,824914,PIT,ATL,Mitch Keller,Martín Pérez,ATL,0.5053420662879944,0.4946579337120056,2026-06-05T23:15:00Z,,,,,False,0.0,0.0,110.0,-15.598069381598794,-0.1418006307418072,ATL,6.0,3.0,Final,1.0
2026-06-05,825073,WSH,AZ,Foster Griffin,Merrill Kelly,AZ,0.5338292717933655,0.4661707282066345,2026-06-06T01:40:00Z,,,,,False,0.0,0.0,110.0,-15.598069381598794,-0.1418006307418072,WSH,1.0,14.0,Final,0.0
2026-06-06,822808,BAL,TOR,Kyle Bradish,,TOR,0.5264574289321899,0.47354257106781,2026-06-06T19:07:00Z,-108.0,-108.0,0.0139180112768103,-108.0,False,0.0,0.0,110.0,-15.598069381598794,-0.1418006307418072,TOR,6.0,4.0,Final,1.0
2026-06-06,822891,CLE,TEX,Tanner Bibee,Jack Leiter,TEX,0.5244702696800232,0.4755297303199768,2026-06-06T23:35:00Z,-115.0,-102.0,-0.0194686262503914,-115.0,False,0.0,0.0,110.0,-15.598069381598794,-0.1418006307418072,CLE,0.0,6.0,Final,0.0
2026-06-06,823048,CIN,STL,Nick Lodolo,Matthew Liberatore,CIN,0.4947606921195984,0.5052393078804016,2026-06-06T18:15:00Z,-125.0,108.0,0.0508977603912353,108.0,True,1.0,-1.0,111.0,-16.598069381598794,-0.1495321565909801,STL,6.0,5.0,Final,0.0
2026-06-06,823292,NYM,SD,Nolan McLean,Griffin Canning,SD,0.5037169456481934,0.4962830543518066,2026-06-07T02:10:00Z,106.0,-120.0,0.0376569080352783,106.0,True,1.0,1.06,112.0,-15.538069381598794,-0.1387327623357035,SD,3.0,2.0,Final,1.0
2026-06-06,823454,CWS,PHI,Brandon Eisert,Andrew Painter,PHI,0.5258822441101074,0.4741177558898926,2026-06-06T20:05:00Z,-131.0,114.0,-0.0726809283249251,-131.0,False,0.0,0.0,112.0,-15.538069381598794,-0.1387327623357035,CWS,3.0,6.0,Final,0.0
2026-06-06,823697,KC,MIN,Luinder Avila,Joe Ryan,MIN,0.5047525763511658,0.4952474236488342,2026-06-06T18:10:00Z,-149.0,130.0,-0.1564873052923471,-149.0,False,0.0,0.0,112.0,-15.538069381598794,-0.1387327623357035,KC,2.0,3.0,Final,0.0
2026-06-06,823859,TB,MIA,Shane McClanahan,Lake Bachar,MIA,0.5041716694831848,0.4958283305168152,2026-06-06T20:10:00Z,123.0,-142.0,0.1243028229475021,123.0,True,1.0,1.23,113.0,-14.308069381598791,-0.1266200830229981,MIA,4.0,3.0,Final,1.0
2026-06-06,823942,LAA,LAD,Jack Kochanowicz,Yoshinobu Yamamoto,LAD,0.5365023612976074,0.4634976387023926,2026-06-07T02:10:00Z,-335.0,282.0,-0.3033476801060918,-335.0,False,0.0,0.0,113.0,-14.308069381598791,-0.1266200830229981,LAD,9.0,2.0,Final,1.0
2026-06-06,824184,ATH,HOU,Kade Morris,Tatsuya Imai,ATH,0.4910565912723541,0.5089434385299683,2026-06-06T20:10:00Z,-110.0,-105.0,-0.0063485247748238,-105.0,False,0.0,0.0,113.0,-14.308069381598791,-0.1266200830229981,HOU,13.0,2.0,Final,0.0
2026-06-06,824269,SEA,DET,Bryce Miller,Keider Montero,DET,0.5203904509544373,0.4796095490455627,2026-06-06T17:10:00Z,116.0,-136.0,0.1240433740615845,116.0,True,1.0,-1.0,114.0,-15.308069381598791,-0.1342813103649017,SEA,0.0,4.0,Final,0.0
2026-06-06,824351,MIL,COL,Jacob Misiorowski,,COL,0.5012668967247009,0.4987331032752991,2026-06-07T01:10:00Z,217.0,-255.0,0.589016062617302,217.0,True,1.0,-1.0,115.0,-16.30806938159879,-0.1418092989704242,MIL,1.0,7.0,Final,0.0
2026-06-06,824669,SF,CHC,Landen Roupp,Ben Brown,CHC,0.5059003829956055,0.4940996170043945,2026-06-06T18:20:00Z,-142.0,123.0,-0.1378317416553766,-142.0,False,0.0,0.0,115.0,-16.30806938159879,-0.1418092989704242,CHC,3.0,2.0,Final,1.0
2026-06-06,824915,PIT,ATL,Braxton Ashcraft,Spencer Strider,ATL,0.5053420662879944,0.4946579337120056,2026-06-06T20:10:00Z,-112.0,-104.0,-0.043459660240582,-112.0,False,0.0,0.0,115.0,-16.30806938159879,-0.1418092989704242,ATL,6.0,3.0,Final,1.0
2026-06-06,825075,WSH,AZ,Zack Littell,Eduardo Rodriguez,AZ,0.5338292717933655,0.4661707282066345,2026-06-06T20:10:00Z,-162.0,136.0,-0.136646486358878,-162.0,False,0.0,0.0,115.0,-16.30806938159879,-0.1418092989704242,WSH,1.0,6.0,Final,0.0
2026-06-07,822807,BAL,TOR,Shane Baz,Kevin Gausman,TOR,0.5264574289321899,0.47354257106781,2026-06-07T17:37:00Z,-134.0,118.0,-0.0806638927602056,-134.0,False,0.0,0.0,115.0,-16.30806938159879,-0.1418092989704242,TOR,6.0,4.0,Final,1.0
2026-06-07,822890,CLE,TEX,Joey Cantillo,Jacob deGrom,TEX,0.5244702696800232,0.4755297303199768,2026-06-07T18:35:00Z,-134.0,119.0,-0.0841340066781685,-134.0,False,0.0,0.0,115.0,-16.30806938159879,-0.1418092989704242,TEX,10.0,0.0,Final,1.0
2026-06-07,823047,CIN,STL,Rhett Lowder,Michael McGreevy,CIN,0.4947606921195984,0.5052393078804016,2026-06-07T18:15:00Z,-130.0,113.0,0.0761597257852554,113.0,True,1.0,-1.0,116.0,-17.30806938159879,-0.1492074946689551,STL,5.0,3.0,Final,0.0
2026-06-07,823291,NYM,SD,Huascar Brazobán,Randy Vásquez,SD,0.5037169456481934,0.4962830543518066,2026-06-07T20:10:00Z,-110.0,-106.0,-0.0383585583079944,-110.0,False,0.0,0.0,116.0,-17.30806938159879,-0.1492074946689551,NYM,3.0,7.0,Final,0.0
2026-06-07,823453,CWS,PHI,Tyler Gilbert,Aaron Nola,PHI,0.5258822441101074,0.4741177558898926,2026-06-07T17:35:00Z,-162.0,141.0,-0.1494990866861225,-162.0,False,0.0,0.0,116.0,-17.30806938159879,-0.1492074946689551,PHI,9.0,5.0,Final,1.0
2026-06-07,823537,BOS,NYY,Ranger Suarez,Cam Schlittler,NYY,0.5330722332000732,0.4669277667999267,2026-06-07T17:35:00Z,-164.0,141.0,-0.1418837221657357,-164.0,False,0.0,0.0,116.0,-17.30806938159879,-0.1492074946689551,NYY,6.0,1.0,Final,1.0
2026-06-07,823696,KC,MIN,Noah Cameron,Connor Prielipp,MIN,0.5047525763511658,0.4952474236488342,2026-06-07T18:10:00Z,-106.0,-110.0,-0.0190657478458476,-106.0,False,0.0,0.0,116.0,-17.30806938159879,-0.1492074946689551,KC,5.0,6.0,Final,0.0
2026-06-07,823857,TB,MIA,Griffin Jax,Sandy Alcantara,MIA,0.5041716694831848,0.4958283305168152,2026-06-07T17:40:00Z,-102.0,-115.0,-0.0015423800431045,-102.0,False,0.0,0.0,116.0,-17.30806938159879,-0.1492074946689551,MIA,4.0,1.0,Final,1.0
2026-06-07,823941,LAA,LAD,José Soriano,Emmet Sheehan,LAD,0.5365023612976074,0.4634976387023926,2026-06-07T20:10:00Z,-200.0,168.0,-0.1952464580535888,-200.0,False,0.0,0.0,116.0,-17.30806938159879,-0.1492074946689551,LAA,5.0,13.0,Final,0.0
2026-06-07,824183,ATH,HOU,Gage Jump,Mike Burrows,ATH,0.4910565912723541,0.5089434385299683,2026-06-07T18:10:00Z,-104.0,-110.0,-0.0283807082609696,-110.0,False,0.0,0.0,116.0,-17.30806938159879,-0.1492074946689551,ATH,0.0,5.0,Final,1.0
2026-06-07,824268,SEA,DET,Luis Castillo,Jack Flaherty,DET,0.5203904509544373,0.4796095490455627,2026-06-07T17:40:00Z,104.0,-120.0,0.061596519947052,104.0,True,1.0,1.04,117.0,-16.268069381598792,-0.1390433280478529,DET,5.0,4.0,Final,1.0
2026-06-07,824349,MIL,COL,Shane Drohan,Kyle Freeland,COL,0.5012668967247009,0.4987331032752991,2026-06-07T19:10:00Z,152.0,-172.0,0.2631925797462463,152.0,True,1.0,-1.0,118.0,-17.268069381598792,-0.1463395710304982,MIL,4.0,12.0,Final,0.0
2026-06-07,824670,SF,CHC,Trevor McDonald,Jameson Taillon,CHC,0.5059003829956055,0.4940996170043945,2026-06-08T00:30:00Z,-118.0,100.0,-0.0653704788725255,-118.0,False,0.0,0.0,118.0,-17.268069381598792,-0.1463395710304982,SF,1.0,2.0,Final,0.0
2026-06-07,824916,PIT,ATL,Bubba Chandler,Bryce Elder,ATL,0.5053420662879944,0.4946579337120056,2026-06-07T17:35:00Z,-146.0,130.0,-0.1485332307750231,-146.0,False,0.0,0.0,118.0,-17.268069381598792,-0.1463395710304982,ATL,3.0,2.0,Final,1.0
2026-06-07,825074,WSH,AZ,Cade Cavalli,Michael Soroka,AZ,0.5338292717933655,0.4661707282066345,2026-06-07T19:15:00Z,-132.0,113.0,-0.0617546132116607,-132.0,False,0.0,0.0,118.0,-17.268069381598792,-0.1463395710304982,AZ,5.0,1.0,Final,1.0
2026-06-08,822806,PHI,TOR,Cristopher Sánchez,Patrick Corbin,TOR,0.5133908987045288,0.4866091012954712,2026-06-08T23:07:00Z,-104.0,-112.0,0.0070359936127296,-104.0,False,0.0,0.0,118.0,-17.268069381598792,-0.1463395710304982,PHI,2.0,5.0,Final,0.0
2026-06-08,822972,BOS,TB,Connelly Early,Ian Seymour,TB,0.5252272486686707,0.4747727513313293,2026-06-08T22:40:00Z,-106.0,-109.0,0.0207246530730769,-106.0,True,1.0,0.9433962264150944,119.0,-16.3246731551837,-0.1371821273544848,TB,3.0,1.0,Final,1.0
2026-06-08,823218,WSH,SF,Richard Lovelady,Logan Webb,SF,0.5332428216934204,0.4667571783065796,2026-06-09T01:45:00Z,163.0,-101.0,0.4024286210536956,163.0,True,1.0,-1.0,120.0,-17.3246731551837,-0.1443722762931975,WSH,3.0,4.0,Final,0.0
2026-06-08,823289,CIN,SD,Andrew Abbott,Walker Buehler,CIN,0.4957685470581054,0.5042314529418945,2026-06-09T01:40:00Z,100.0,-107.0,-0.0245241985142787,-107.0,False,0.0,0.0,120.0,-17.3246731551837,-0.1443722762931975,SD,6.0,2.0,Final,0.0
2026-06-08,824025,HOU,LAA,Spencer Arrighetti,Grayson Rodriguez,LAA,0.5075592994689941,0.4924407005310058,2026-06-09T01:38:00Z,124.0,149.0,0.1369328308105469,124.0,True,1.0,-1.0,121.0,-18.3246731551837,-0.1514435797949066,HOU,4.0,5.0,Final,0.0
2026-06-08,824427,NYY,CLE,Will Warren,Gavin Williams,NYY,0.491039514541626,0.508960485458374,2026-06-08T22:40:00Z,114.0,-131.0,-0.1025200599932488,-131.0,False,0.0,0.0,121.0,-18.3246731551837,-0.1514435797949066,NYY,5.0,7.0,Final,1.0
2026-06-08,824829,SEA,BAL,Emerson Hancock,Trey Gibson,SEA,0.4872862696647644,0.5127137303352356,2026-06-08T22:35:00Z,104.0,-120.0,-0.0600248277187346,-120.0,False,0.0,0.0,121.0,-18.3246731551837,-0.1514435797949066,SEA,3.0,6.0,Final,1.0
2026-06-08,824998,MIL,ATH,Kyle Harrison,Jeffrey Springs,ATH,0.5049218535423279,0.4950781464576721,2026-06-09T02:05:00Z,-102.0,430.0,-5.672141617418802e-05,-102.0,False,0.0,0.0,121.0,-18.3246731551837,-0.1514435797949066,MIL,14.0,15.0,Final,0.0
2026-06-09,822805,PHI,TOR,Zack Wheeler,Dylan Cease,TOR,0.5133908987045288,0.4866091012954712,2026-06-09T23:07:00Z,,,,,False,0.0,0.0,121.0,-18.3246731551837,-0.1514435797949066,TOR,3.0,2.0,Final,1.0
2026-06-09,822969,BOS,TB,Payton Tolle,Nick Martinez,TB,0.5252272486686707,0.4747727513313293,2026-06-09T22:40:00Z,,,,,False,0.0,0.0,121.0,-18.3246731551837,-0.1514435797949066,TB,4.0,3.0,Final,1.0
2026-06-09,823214,WSH,SF,Andrew Alvarez,Adrian Houser,SF,0.5332428216934204,0.4667571783065796,2026-06-10T01:45:00Z,,,,,False,0.0,0.0,121.0,-18.3246731551837,-0.1514435797949066,WSH,3.0,6.0,Final,0.0
2026-06-09,823290,CIN,SD,Chase Burns,Lucas Giolito,CIN,0.4957685470581054,0.5042314529418945,2026-06-10T01:40:00Z,,,,,False,0.0,0.0,121.0,-18.3246731551837,-0.1514435797949066,CIN,3.0,5.0,Final,1.0
2026-06-09,823374,LAD,PIT,Eric Lauer,Paul Skenes,PIT,0.5039870142936707,0.4960129857063293,2026-06-09T22:40:00Z,,,,,False,0.0,0.0,121.0,-18.3246731551837,-0.1514435797949066,LAD,3.0,12.0,Final,0.0
2026-06-09,823620,STL,NYM,Dustin May,Freddy Peralta,NYM,0.5251791477203369,0.4748208522796631,2026-06-09T23:10:00Z,,,,,False,0.0,0.0,121.0,-18.3246731551837,-0.1514435797949066,STL,0.0,7.0,Final,0.0
2026-06-09,823858,AZ,MIA,Zac Gallen,Max Meyer,MIA,0.500357985496521,0.499642014503479,2026-06-09T22:40:00Z,,,,,False,0.0,0.0,121.0,-18.3246731551837,-0.1514435797949066,MIA,10.0,6.0,Final,1.0
2026-06-09,824023,HOU,LAA,Kai-Wei Teng,Walbert Ureña,LAA,0.5075592994689941,0.4924407005310058,2026-06-10T01:38:00Z,,,,,False,0.0,0.0,121.0,-18.3246731551837,-0.1514435797949066,LAA,10.0,1.0,Final,1.0
2026-06-09,824105,TEX,KC,Nathan Eovaldi,Stephen Kolek,KC,0.5230230689048767,0.4769769310951233,2026-06-09T23:40:00Z,,,,,False,0.0,0.0,121.0,-18.3246731551837,-0.1514435797949066,KC,5.0,3.0,Final,1.0
2026-06-09,824267,MIN,DET,Taj Bradley,Troy Melton,DET,0.5200384259223938,0.4799615740776062,2026-06-09T22:40:00Z,,,,,False,0.0,0.0,121.0,-18.3246731551837,-0.1514435797949066,DET,10.0,4.0,Final,1.0
2026-06-09,824347,CHC,COL,Colin Rea,Tomoyuki Sugano,CHC,0.4808818697929382,0.5191181302070618,2026-06-10T00:40:00Z,,,,,False,0.0,0.0,121.0,-18.3246731551837,-0.1514435797949066,COL,7.0,3.0,Final,0.0
2026-06-09,824429,NYY,CLE,Gerrit Cole,Slade Cecconi,NYY,0.491039514541626,0.508960485458374,2026-06-09T22:40:00Z,,,,,False,0.0,0.0,121.0,-18.3246731551837,-0.1514435797949066,NYY,2.0,3.0,Final,1.0
2026-06-09,824591,ATL,CWS,Grant Holmes,Brandon Eisert,ATL,0.4986193180084228,0.5013806819915771,2026-06-09T23:40:00Z,,,,,False,0.0,0.0,121.0,-18.3246731551837,-0.1514435797949066,CWS,6.0,5.0,Final,0.0
2026-06-09,824830,SEA,BAL,Logan Gilbert,Trevor Rogers,SEA,0.4872862696647644,0.5127137303352356,2026-06-09T22:35:00Z,,,,,False,0.0,0.0,121.0,-18.3246731551837,-0.1514435797949066,SEA,5.0,6.0,Final,1.0
2026-06-09,824999,MIL,ATH,Robert Gasser,J.T. Ginn,ATH,0.5049218535423279,0.4950781464576721,2026-06-10T02:05:00Z,,,,,False,0.0,0.0,121.0,-18.3246731551837,-0.1514435797949066,ATH,7.0,5.0,Final,1.0
2026-06-10,822804,PHI,TOR,Jesús Luzardo,Max Scherzer,TOR,0.5133908987045288,0.4866091012954712,2026-06-10T23:07:00Z,,,,,False,0.0,0.0,121.0,-18.3246731551837,-0.1514435797949066,PHI,4.0,7.0,Final,0.0
2026-06-10,822970,BOS,TB,Jake Bennett,Drew Rasmussen,TB,0.5252272486686707,0.4747727513313293,2026-06-10T17:10:00Z,,,,,False,0.0,0.0,121.0,-18.3246731551837,-0.1514435797949066,TB,7.0,5.0,Final,1.0
2026-06-10,823215,WSH,SF,Foster Griffin,Robbie Ray,SF,0.5332428216934204,0.4667571783065796,2026-06-10T19:45:00Z,,,,,False,0.0,0.0,121.0,-18.3246731551837,-0.1514435797949066,SF,11.0,10.0,Final,1.0
2026-06-10,823287,CIN,SD,Brady Singer,Michael King,CIN,0.4957685470581054,0.5042314529418945,2026-06-10T20:10:00Z,,,,,False,0.0,0.0,121.0,-18.3246731551837,-0.1514435797949066,SD,5.0,4.0,Final,0.0
2026-06-10,823372,LAD,PIT,Shohei Ohtani,Jared Jones,PIT,0.5039870142936707,0.4960129857063293,2026-06-10T22:40:00Z,,,,,False,0.0,0.0,121.0,-18.3246731551837,-0.1514435797949066,PIT,9.0,8.0,Final,1.0
2026-06-10,823618,STL,NYM,Andre Pallante,Austin Warren,NYM,0.5251791477203369,0.4748208522796631,2026-06-10T23:10:00Z,,,,,False,0.0,0.0,121.0,-18.3246731551837,-0.1514435797949066,STL,2.0,9.0,Final,0.0
2026-06-10,823856,AZ,MIA,Ryne Nelson,Ryan Gusto,MIA,0.500357985496521,0.499642014503479,2026-06-10T22:40:00Z,,,,,False,0.0,0.0,121.0,-18.3246731551837,-0.1514435797949066,MIA,8.0,0.0,Final,1.0
2026-06-10,824022,HOU,LAA,Peter Lambert,Reid Detmers,LAA,0.5075592994689941,0.4924407005310058,2026-06-11T01:38:00Z,,,,,False,0.0,0.0,121.0,-18.3246731551837,-0.1514435797949066,LAA,3.0,2.0,Final,1.0
2026-06-10,824103,TEX,KC,MacKenzie Gore,Seth Lugo,KC,0.5230230689048767,0.4769769310951233,2026-06-10T23:40:00Z,,,,,False,0.0,0.0,121.0,-18.3246731551837,-0.1514435797949066,TEX,4.0,6.0,Final,0.0
2026-06-10,824266,MIN,DET,Mike Paredes,Framber Valdez,DET,0.5200384259223938,0.4799615740776062,2026-06-10T22:40:00Z,,,,,False,0.0,0.0,121.0,-18.3246731551837,-0.1514435797949066,MIN,4.0,6.0,Final,0.0
2026-06-10,824348,CHC,COL,Shota Imanaga,Michael Lorenzen,CHC,0.4808818697929382,0.5191181302070618,2026-06-11T00:40:00Z,,,,,False,0.0,0.0,121.0,-18.3246731551837,-0.1514435797949066,COL,3.0,2.0,Final,0.0
2026-06-10,824428,NYY,CLE,Carlos Rodón,Parker Messick,NYY,0.491039514541626,0.508960485458374,2026-06-10T17:10:00Z,,,,,False,0.0,0.0,121.0,-18.3246731551837,-0.1514435797949066,NYY,4.0,8.0,Final,1.0
2026-06-10,824590,ATL,CWS,Chris Sale,Davis Martin,ATL,0.4986193180084228,0.5013806819915771,2026-06-10T23:40:00Z,,,,,False,0.0,0.0,121.0,-18.3246731551837,-0.1514435797949066,CWS,2.0,1.0,Final,0.0
2026-06-10,824831,SEA,BAL,George Kirby,Brandon Young,SEA,0.4872862696647644,0.5127137303352356,2026-06-10T22:35:00Z,,,,,False,0.0,0.0,121.0,-18.3246731551837,-0.1514435797949066,BAL,7.0,2.0,Final,0.0
2026-06-10,824996,MIL,ATH,Brandon Sproat,Jack Perkins,ATH,0.5049218535423279,0.4950781464576721,2026-06-11T01:05:00Z,,,,,False,0.0,0.0,121.0,-18.3246731551837,-0.1514435797949066,ATH,4.0,3.0,Final,1.0
2026-06-11,823371,LAD,PIT,Justin Wrobleski,Mitch Keller,PIT,0.5039870142936707,0.4960129857063293,2026-06-11T22:40:00Z,,,,,False,0.0,0.0,121.0,-18.3246731551837,-0.1514435797949066,LAD,6.0,8.0,Final,0.0
2026-06-11,823619,STL,NYM,Hunter Dobbins,Christian Scott,NYM,0.5251791477203369,0.4748208522796631,2026-06-11T17:10:00Z,,,,,False,0.0,0.0,121.0,-18.3246731551837,-0.1514435797949066,NYM,5.0,4.0,Final,1.0
2026-06-11,823855,AZ,MIA,Merrill Kelly,Tyler Phillips,MIA,0.500357985496521,0.499642014503479,2026-06-11T17:10:00Z,,,,,False,0.0,0.0,121.0,-18.3246731551837,-0.1514435797949066,MIA,2.0,0.0,Final,1.0
2026-06-11,824101,TEX,KC,Kumar Rocker,Michael Wacha,KC,0.5230230689048767,0.4769769310951233,2026-06-11T18:10:00Z,,,,,False,0.0,0.0,121.0,-18.3246731551837,-0.1514435797949066,TEX,2.0,4.0,Final,0.0
2026-06-11,824265,MIN,DET,Zebby Matthews,Keider Montero,DET,0.5200384259223938,0.4799615740776062,2026-06-11T17:10:00Z,,,,,False,0.0,0.0,121.0,-18.3246731551837,-0.1514435797949066,DET,11.0,0.0,Final,1.0
2026-06-11,824346,CHC,COL,Edward Cabrera,Ryan Feltner,CHC,0.4808818697929382,0.5191181302070618,2026-06-11T19:10:00Z,,,,,False,0.0,0.0,121.0,-18.3246731551837,-0.1514435797949066,CHC,3.0,9.0,Final,1.0
2026-06-11,824827,SEA,BAL,Bryan Woo,Kyle Bradish,SEA,0.4872862696647644,0.5127137303352356,2026-06-11T23:05:00Z,,,,,False,0.0,0.0,121.0,-18.3246731551837,-0.1514435797949066,BAL,7.0,5.0,Final,0.0
2026-06-12,822726,SEA,WSH,Bryce Miller,Zack Littell,SEA,0.4964432418346405,0.5035567283630371,2026-06-12T22:45:00Z,,,,,False,0.0,0.0,121.0,-18.3246731551837,-0.1514435797949066,SEA,2.0,10.0,Final,1.0
2026-06-12,822803,NYY,TOR,Ryan Weathers,Trey Yesavage,TOR,0.5056023001670837,0.4943976998329162,2026-06-12T23:37:00Z,,,,,False,0.0,0.0,121.0,-18.3246731551837,-0.1514435797949066,TOR,8.0,5.0,Final,1.0
2026-06-12,823211,CHC,SF,Javier Assad,Landen Roupp,SF,0.5139536261558533,0.4860463738441467,2026-06-13T02:15:00Z,,,,,False,0.0,0.0,121.0,-18.3246731551837,-0.1514435797949066,CHC,1.0,5.0,Final,0.0
2026-06-12,823370,MIA,PIT,Sandy Alcantara,Braxton Ashcraft,PIT,0.5105036497116089,0.4894963502883911,2026-06-12T22:40:00Z,,,,,False,0.0,0.0,121.0,-18.3246731551837,-0.1514435797949066,MIA,3.0,8.0,Final,0.0
2026-06-12,823617,ATL,NYM,Spencer Strider,Nolan McLean,NYM,0.5184587836265564,0.4815412163734436,2026-06-12T23:15:00Z,,,,,False,0.0,0.0,121.0,-18.3246731551837,-0.1514435797949066,NYM,7.0,5.0,Final,1.0
2026-06-12,823695,STL,MIN,Kyle Leahy,Joe Ryan,MIN,0.5224801301956177,0.4775198698043823,2026-06-13T00:10:00Z,,,,,False,0.0,0.0,121.0,-18.3246731551837,-0.1514435797949066,MIN,9.0,8.0,Final,1.0
2026-06-12,823778,PHI,MIL,Tanner Banks,Jacob Misiorowski,PHI,0.4840382933616638,0.5159617066383362,2026-06-12T23:40:00Z,,,,,False,0.0,0.0,121.0,-18.3246731551837,-0.1514435797949066,MIL,6.0,0.0,Final,0.0
2026-06-12,824020,TB,LAA,Shane McClanahan,Sam Aldegheri,TB,0.483136385679245,0.5168635845184326,2026-06-13T01:38:00Z,,,,,False,0.0,0.0,121.0,-18.3246731551837,-0.1514435797949066,LAA,4.0,3.0,Final,0.0
2026-06-12,824102,HOU,KC,Tatsuya Imai,Luinder Avila,KC,0.5275976061820984,0.4724023938179016,2026-06-13T00:10:00Z,,,,,False,0.0,0.0,121.0,-18.3246731551837,-0.1514435797949066,HOU,8.0,10.0,Final,0.0
2026-06-12,824425,DET,CLE,Jack Flaherty,Tanner Bibee,DET,0.4919775128364563,0.5080224871635437,2026-06-12T23:10:00Z,,,,,False,0.0,0.0,121.0,-18.3246731551837,-0.1514435797949066,CLE,3.0,2.0,Final,0.0
2026-06-12,824507,AZ,CIN,Eduardo Rodriguez,Nick Lodolo,CIN,0.509734034538269,0.4902659654617309,2026-06-12T23:15:00Z,,,,,False,0.0,0.0,121.0,-18.3246731551837,-0.1514435797949066,AZ,2.0,5.0,Final,0.0
2026-06-12,824588,LAD,CWS,Roki Sasaki,Anthony Kay,LAD,0.4869042336940765,0.5130957365036011,2026-06-12T23:40:00Z,,,,,False,0.0,0.0,121.0,-18.3246731551837,-0.1514435797949066,CWS,8.0,2.0,Final,0.0
2026-06-12,824752,TEX,BOS,Jack Leiter,Sonny Gray,BOS,0.5037229657173157,0.4962770342826843,2026-06-12T23:10:00Z,,,,,False,0.0,0.0,121.0,-18.3246731551837,-0.1514435797949066,BOS,10.0,1.0,Final,1.0
2026-06-12,824826,SD,BAL,Griffin Canning,Shane Baz,BAL,0.5002700090408325,0.4997299909591675,2026-06-12T23:05:00Z,,,,,False,0.0,0.0,121.0,-18.3246731551837,-0.1514435797949066,BAL,7.0,3.0,Final,1.0
2026-06-12,824997,COL,ATH,Sean Sullivan,Gage Jump,ATH,0.5344483852386475,0.4655516147613525,2026-06-13T02:05:00Z,,,,,False,0.0,0.0,121.0,-18.3246731551837,-0.1514435797949066,ATH,6.0,4.0,Final,1.0
2026-06-13,822725,SEA,WSH,Luis Castillo,Cade Cavalli,SEA,0.4964432418346405,0.5035567283630371,2026-06-13T20:05:00Z,,,,,False,0.0,0.0,121.0,-18.3246731551837,-0.1514435797949066,WSH,8.0,3.0,Final,0.0
2026-06-13,822802,NYY,TOR,Cam Schlittler,Kevin Gausman,TOR,0.5056023001670837,0.4943976998329162,2026-06-13T19:07:00Z,,,,,False,0.0,0.0,121.0,-18.3246731551837,-0.1514435797949066,NYY,1.0,3.0,Final,0.0
2026-06-13,823213,CHC,SF,Ben Brown,Trevor McDonald,SF,0.5139536261558533,0.4860463738441467,2026-06-14T02:05:00Z,,,,,False,0.0,0.0,121.0,-18.3246731551837,-0.1514435797949066,CHC,1.0,6.0,Final,0.0
2026-06-13,823369,MIA,PIT,Lake Bachar,Bubba Chandler,PIT,0.5105036497116089,0.4894963502883911,2026-06-13T20:05:00Z,,,,,False,0.0,0.0,121.0,-18.3246731551837,-0.1514435797949066,PIT,3.0,2.0,Final,1.0
2026-06-13,823616,ATL,NYM,Martín Pérez,Sean Manaea,NYM,0.5184587836265564,0.4815412163734436,2026-06-13T20:10:00Z,,,,,False,0.0,0.0,121.0,-18.3246731551837,-0.1514435797949066,ATL,1.0,3.0,Final,0.0
2026-06-13,823694,STL,MIN,Matthew Liberatore,Connor Prielipp,MIN,0.5224801301956177,0.4775198698043823,2026-06-13T18:10:00Z,,,,,False,0.0,0.0,121.0,-18.3246731551837,-0.1514435797949066,STL,6.0,9.0,Final,0.0
2026-06-13,823776,PHI,MIL,Aaron Nola,Shane Drohan,PHI,0.4840382933616638,0.5159617066383362,2026-06-13T23:10:00Z,,,,,False,0.0,0.0,121.0,-18.3246731551837,-0.1514435797949066,PHI,8.0,9.0,Final,1.0
2026-06-13,824019,TB,LAA,Griffin Jax,José Soriano,TB,0.483136385679245,0.5168635845184326,2026-06-14T02:07:00Z,,,,,False,0.0,0.0,121.0,-18.3246731551837,-0.1514435797949066,LAA,8.0,0.0,Final,0.0
2026-06-13,824100,HOU,KC,Mike Burrows,Noah Cameron,KC,0.5275976061820984,0.4724023938179016,2026-06-13T23:10:00Z,,,,,False,0.0,0.0,121.0,-18.3246731551837,-0.1514435797949066,HOU,7.0,8.0,Final,0.0
2026-06-13,824426,DET,CLE,Tarik Skubal,Joey Cantillo,DET,0.4919775128364563,0.5080224871635437,2026-06-13T20:10:00Z,,,,,False,0.0,0.0,121.0,-18.3246731551837,-0.1514435797949066,CLE,3.0,1.0,Final,0.0
2026-06-13,824508,AZ,CIN,Michael Soroka,Rhett Lowder,CIN,0.509734034538269,0.4902659654617309,2026-06-13T20:10:00Z,,,,,False,0.0,0.0,121.0,-18.3246731551837,-0.1514435797949066,CIN,2.0,1.0,Final,1.0
2026-06-13,824587,LAD,CWS,Yoshinobu Yamamoto,Sean Burke,LAD,0.4869042336940765,0.5130957365036011,2026-06-13T20:10:00Z,,,,,False,0.0,0.0,121.0,-18.3246731551837,-0.1514435797949066,LAD,1.0,7.0,Final,1.0
2026-06-13,824749,TEX,BOS,Jacob deGrom,Ranger Suarez,BOS,0.5037229657173157,0.4962770342826843,2026-06-13T20:10:00Z,,,,,False,0.0,0.0,121.0,-18.3246731551837,-0.1514435797949066,BOS,6.0,3.0,Final,1.0
2026-06-13,824828,SD,BAL,Randy Vásquez,Trey Gibson,BAL,0.5002700090408325,0.4997299909591675,2026-06-13T20:05:00Z,,,,,False,0.0,0.0,121.0,-18.3246731551837,-0.1514435797949066,SD,3.0,9.0,Final,0.0
2026-06-13,824995,COL,ATH,Kyle Freeland,Joey Estes,ATH,0.5344483852386475,0.4655516147613525,2026-06-14T02:05:00Z,,,,,False,0.0,0.0,121.0,-18.3246731551837,-0.1514435797949066,ATH,7.0,5.0,Final,1.0
2026-06-14,822722,SEA,WSH,Emerson Hancock,Miles Mikolas,SEA,0.4964432418346405,0.5035567283630371,2026-06-14T17:35:00Z,130.0,-143.0,-0.1443056993551188,-143.0,False,0.0,0.0,121.0,-18.3246731551837,-0.1514435797949066,WSH,10.0,1.0,Final,0.0
2026-06-14,822801,NYY,TOR,Will Warren,Patrick Corbin,TOR,0.5056023001670837,0.4943976998329162,2026-06-14T17:37:00Z,104.0,-120.0,0.0314286923408508,104.0,True,1.0,-1.0,122.0,-19.3246731551837,-0.1583989602883909,NYY,3.0,8.0,Final,0.0
2026-06-14,823212,CHC,SF,Ryan Rolison,Logan Webb,SF,0.5139536261558533,0.4860463738441467,2026-06-14T19:10:00Z,-138.0,119.0,-0.1136162099630935,-138.0,False,0.0,0.0,122.0,-19.3246731551837,-0.1583989602883909,SF,5.0,1.0,Final,1.0
2026-06-14,823368,MIA,PIT,Max Meyer,Paul Skenes,PIT,0.5105036497116089,0.4894963502883911,2026-06-14T16:15:00Z,-166.0,140.0,-0.1819640311850123,-166.0,False,0.0,0.0,122.0,-19.3246731551837,-0.1583989602883909,MIA,2.0,4.0,Final,0.0
2026-06-14,823615,ATL,NYM,Bryce Elder,Freddy Peralta,NYM,0.5184587836265564,0.4815412163734436,2026-06-14T17:40:00Z,-118.0,102.0,-0.0421693658424636,-118.0,False,0.0,0.0,122.0,-19.3246731551837,-0.1583989602883909,NYM,8.0,1.0,Final,1.0
2026-06-14,823693,STL,MIN,Michael McGreevy,Taj Bradley,MIN,0.5224801301956177,0.4775198698043823,2026-06-14T18:10:00Z,-114.0,-102.0,-0.0192039661240159,-114.0,False,0.0,0.0,122.0,-19.3246731551837,-0.1583989602883909,MIN,5.0,4.0,Final,1.0
2026-06-14,823777,PHI,MIL,Cristopher Sánchez,Kyle Harrison,PHI,0.4840382933616638,0.5159617066383362,2026-06-14T18:10:00Z,102.0,-120.0,-0.0540702044963836,-120.0,False,0.0,0.0,122.0,-19.3246731551837,-0.1583989602883909,MIL,4.0,0.0,Final,0.0
2026-06-14,824021,TB,LAA,Casey Legumina,Grayson Rodriguez,TB,0.483136385679245,0.5168635845184326,2026-06-14T20:07:00Z,102.0,-120.0,-0.0524167617162067,-120.0,False,0.0,0.0,122.0,-19.3246731551837,-0.1583989602883909,TB,3.0,8.0,Final,1.0
2026-06-14,824099,HOU,KC,Spencer Arrighetti,Stephen Kolek,KC,0.5275976061820984,0.4724023938179016,2026-06-14T18:10:00Z,-120.0,102.0,-0.0327377219994862,-120.0,False,0.0,0.0,122.0,-19.3246731551837,-0.1583989602883909,KC,4.0,0.0,Final,1.0
2026-06-14,824506,AZ,CIN,Zac Gallen,Andrew Abbott,CIN,0.509734034538269,0.4902659654617309,2026-06-14T17:40:00Z,-102.0,-110.0,0.0094732840855916,-102.0,False,0.0,0.0,122.0,-19.3246731551837,-0.1583989602883909,AZ,3.0,5.0,Final,0.0
2026-06-14,824586,LAD,CWS,Emmet Sheehan,Erick Fedde,LAD,0.4869042336940765,0.5130957365036011,2026-06-14T18:10:00Z,164.0,-194.0,-0.2224219250924808,-194.0,False,0.0,0.0,122.0,-19.3246731551837,-0.1583989602883909,CWS,6.0,4.0,Final,0.0
2026-06-14,824751,TEX,BOS,Nathan Eovaldi,Connelly Early,BOS,0.5037229657173157,0.4962770342826843,2026-06-14T23:20:00Z,-112.0,-104.0,-0.0465243863207953,-112.0,False,0.0,0.0,122.0,-19.3246731551837,-0.1583989602883909,TEX,4.0,6.0,Final,0.0
2026-06-14,824823,SD,BAL,Walker Buehler,Trevor Rogers,BAL,0.5002700090408325,0.4997299909591675,2026-06-14T17:35:00Z,-124.0,109.0,-0.0962864352810767,-124.0,False,0.0,0.0,122.0,-19.3246731551837,-0.1583989602883909,SD,2.0,5.0,Final,0.0
2026-06-14,824994,COL,ATH,Tomoyuki Sugano,Jeffrey Springs,ATH,0.5344483852386475,0.4655516147613525,2026-06-14T19:05:00Z,-181.0,154.0,-0.1702762638007738,-181.0,False,0.0,0.0,122.0,-19.3246731551837,-0.1583989602883909,COL,9.0,23.0,Final,0.0
2026-06-15,822724,KC,WSH,Mitch Spence,Andrew Alvarez,KC,0.499239057302475,0.5007609128952026,2026-06-15T22:45:00Z,,,,,False,0.0,0.0,122.0,-19.3246731551837,-0.1583989602883909,WSH,7.0,3.0,Final,0.0
2026-06-15,822887,MIN,TEX,Mike Paredes,MacKenzie Gore,TEX,0.5240712761878967,0.4759287238121032,2026-06-16T00:05:00Z,,,,,False,0.0,0.0,122.0,-19.3246731551837,-0.1583989602883909,MIN,2.0,4.0,Final,0.0
2026-06-15,823046,SD,STL,Wandy Peralta,Dustin May,STL,0.5050711035728455,0.4949288964271545,2026-06-15T23:45:00Z,,,,,False,0.0,0.0,122.0,-19.3246731551837,-0.1583989602883909,STL,3.0,0.0,Final,1.0
2026-06-15,823452,MIA,PHI,Ryan Gusto,Zack Wheeler,PHI,0.5325310230255127,0.4674689769744873,2026-06-15T22:40:00Z,,,,,False,0.0,0.0,122.0,-19.3246731551837,-0.1583989602883909,PHI,7.0,0.0,Final,1.0
2026-06-15,823938,TB,LAD,Nick Martinez,Eric Lauer,LAD,0.5030996799468994,0.4969003200531006,2026-06-16T02:10:00Z,,,,,False,0.0,0.0,122.0,-19.3246731551837,-0.1583989602883909,LAD,4.0,3.0,Final,1.0
2026-06-15,824181,DET,HOU,Drew Anderson,Kai-Wei Teng,HOU,0.5031479001045227,0.4968520998954773,2026-06-16T00:10:00Z,,,,,False,0.0,0.0,122.0,-19.3246731551837,-0.1583989602883909,DET,3.0,9.0,Final,0.0
2026-06-15,824505,NYM,CIN,Tobias Myers,Chase Burns,CIN,0.5117525458335876,0.4882474541664123,2026-06-15T23:10:00Z,,,,,False,0.0,0.0,122.0,-19.3246731551837,-0.1583989602883909,CIN,12.0,0.0,Final,1.0
2026-06-15,824666,COL,CHC,Michael Lorenzen,Shota Imanaga,CHC,0.5330181121826172,0.4669818878173828,2026-06-16T00:05:00Z,,,,,False,0.0,0.0,122.0,-19.3246731551837,-0.1583989602883909,CHC,5.0,4.0,Final,1.0
2026-06-15,824993,PIT,ATH,Jared Jones,J.T. Ginn,ATH,0.5002821087837219,0.4997178912162781,2026-06-16T01:40:00Z,,,,,False,0.0,0.0,122.0,-19.3246731551837,-0.1583989602883909,ATH,11.0,2.0,Final,1.0
2026-06-15,825071,LAA,AZ,Walbert Ureña,Ryne Nelson,AZ,0.5341215133666992,0.4658784866333008,2026-06-16T01:40:00Z,,,,,False,0.0,0.0,122.0,-19.3246731551837,-0.1583989602883909,AZ,4.0,3.0,Final,1.0
2026-06-16,822723,KC,WSH,Michael Wacha,Foster Griffin,KC,0.499239057302475,0.5007609128952026,2026-06-16T22:45:00Z,,,,,False,0.0,0.0,122.0,-19.3246731551837,-0.1583989602883909,WSH,6.0,4.0,Final,0.0
2026-06-16,822888,MIN,TEX,Zebby Matthews,Kumar Rocker,TEX,0.5240712761878967,0.4759287238121032,2026-06-17T00:05:00Z,,,,,False,0.0,0.0,122.0,-19.3246731551837,-0.1583989602883909,MIN,2.0,12.0,Final,0.0
2026-06-16,823045,SD,STL,Michael King,Andre Pallante,STL,0.5050711035728455,0.4949288964271545,2026-06-16T23:45:00Z,,,,,False,0.0,0.0,122.0,-19.3246731551837,-0.1583989602883909,STL,3.0,2.0,Final,1.0
2026-06-16,823128,BAL,SEA,Brandon Young,Logan Gilbert,SEA,0.526705265045166,0.473294734954834,2026-06-17T01:40:00Z,,,,,False,0.0,0.0,122.0,-19.3246731551837,-0.1583989602883909,SEA,3.0,1.0,Final,1.0
2026-06-16,823451,MIA,PHI,Tyler Phillips,Jesús Luzardo,PHI,0.5325310230255127,0.4674689769744873,2026-06-16T22:40:00Z,,,,,False,0.0,0.0,122.0,-19.3246731551837,-0.1583989602883909,PHI,8.0,2.0,Final,1.0
2026-06-16,823535,CWS,NYY,Davis Martin,Gerrit Cole,NYY,0.5305017828941345,0.4694982171058655,2026-06-16T23:05:00Z,,,,,False,0.0,0.0,122.0,-19.3246731551837,-0.1583989602883909,NYY,12.0,2.0,Final,1.0
2026-06-16,823775,CLE,MIL,Slade Cecconi,Robert Gasser,MIL,0.524115264415741,0.475884735584259,2026-06-16T23:40:00Z,,,,,False,0.0,0.0,122.0,-19.3246731551837,-0.1583989602883909,MIL,2.0,1.0,Final,1.0
2026-06-16,823939,TB,LAD,Drew Rasmussen,Justin Wrobleski,LAD,0.5030996799468994,0.4969003200531006,2026-06-17T02:10:00Z,,,,,False,0.0,0.0,122.0,-19.3246731551837,-0.1583989602883909,LAD,1.0,0.0,Final,1.0
2026-06-16,824182,DET,HOU,Framber Valdez,Hunter Brown,HOU,0.5031479001045227,0.4968520998954773,2026-06-17T00:10:00Z,,,,,False,0.0,0.0,122.0,-19.3246731551837,-0.1583989602883909,HOU,4.0,2.0,Final,1.0
2026-06-16,824504,NYM,CIN,Kodai Senga,Brady Singer,CIN,0.5117525458335876,0.4882474541664123,2026-06-16T23:10:00Z,,,,,False,0.0,0.0,122.0,-19.3246731551837,-0.1583989602883909,CIN,5.0,3.0,Final,1.0
2026-06-16,824667,COL,CHC,Ryan Feltner,Edward Cabrera,CHC,0.5330181121826172,0.4669818878173828,2026-06-17T00:05:00Z,,,,,False,0.0,0.0,122.0,-19.3246731551837,-0.1583989602883909,COL,2.0,5.0,Final,0.0
2026-06-16,824750,TOR,BOS,Dylan Cease,Payton Tolle,BOS,0.5093610882759094,0.4906389117240906,2026-06-16T22:45:00Z,,,,,False,0.0,0.0,122.0,-19.3246731551837,-0.1583989602883909,TOR,1.0,6.0,Final,0.0
2026-06-16,824991,PIT,ATH,Mitch Keller,Jack Perkins,ATH,0.5002821087837219,0.4997178912162781,2026-06-17T01:40:00Z,,,,,False,0.0,0.0,122.0,-19.3246731551837,-0.1583989602883909,PIT,5.0,6.0,Final,0.0
2026-06-16,825070,LAA,AZ,Reid Detmers,Merrill Kelly,AZ,0.5341215133666992,0.4658784866333008,2026-06-17T01:40:00Z,,,,,False,0.0,0.0,122.0,-19.3246731551837,-0.1583989602883909,LAA,0.0,7.0,Final,0.0
2026-06-17,822721,KC,WSH,Luinder Avila,Zack Littell,KC,0.499239057302475,0.5007609128952026,2026-06-17T17:05:00Z,,,,,False,0.0,0.0,122.0,-19.3246731551837,-0.1583989602883909,KC,2.0,6.0,Final,1.0
2026-06-17,823044,SD,STL,Bradgley Rodriguez,Kyle Leahy,STL,0.5050711035728455,0.4949288964271545,2026-06-17T18:15:00Z,,,,,False,0.0,0.0,122.0,-19.3246731551837,-0.1583989602883909,SD,1.0,6.0,Final,0.0
2026-06-17,823127,BAL,SEA,Kyle Bradish,George Kirby,SEA,0.526705265045166,0.473294734954834,2026-06-18T01:40:00Z,,,,,False,0.0,0.0,122.0,-19.3246731551837,-0.1583989602883909,BAL,3.0,5.0,Final,0.0
2026-06-17,823450,MIA,PHI,Sandy Alcantara,Andrew Painter,PHI,0.5325310230255127,0.4674689769744873,2026-06-17T17:05:00Z,,,,,False,0.0,0.0,122.0,-19.3246731551837,-0.1583989602883909,MIA,4.0,12.0,Final,0.0
2026-06-17,823536,CWS,NYY,Anthony Kay,Carlos Rodón,NYY,0.5305017828941345,0.4694982171058655,2026-06-17T23:05:00Z,,,,,False,0.0,0.0,122.0,-19.3246731551837,-0.1583989602883909,NYY,10.0,5.0,Final,1.0
2026-06-17,823774,CLE,MIL,Gavin Williams,Brandon Sproat,MIL,0.524115264415741,0.475884735584259,2026-06-17T23:40:00Z,,,,,False,0.0,0.0,122.0,-19.3246731551837,-0.1583989602883909,MIL,9.0,4.0,Final,1.0
2026-06-17,823940,TB,LAD,Shane McClanahan,Shohei Ohtani,LAD,0.5030996799468994,0.4969003200531006,2026-06-17T19:10:00Z,,,,,False,0.0,0.0,122.0,-19.3246731551837,-0.1583989602883909,LAD,5.0,4.0,Final,1.0
2026-06-17,824178,DET,HOU,Casey Mize,Peter Lambert,HOU,0.5031479001045227,0.4968520998954773,2026-06-17T18:10:00Z,,,,,False,0.0,0.0,122.0,-19.3246731551837,-0.1583989602883909,HOU,4.0,2.0,Final,1.0
2026-06-17,824503,NYM,CIN,Nolan McLean,Nick Lodolo,CIN,0.5117525458335876,0.4882474541664123,2026-06-17T16:40:00Z,,,,,False,0.0,0.0,122.0,-19.3246731551837,-0.1583989602883909,NYM,1.0,9.0,Final,0.0
2026-06-17,824668,COL,CHC,Sean Sullivan,Javier Assad,CHC,0.5330181121826172,0.4669818878173828,2026-06-18T00:05:00Z,,,,,False,0.0,0.0,122.0,-19.3246731551837,-0.1583989602883909,CHC,8.0,6.0,Final,1.0
2026-06-17,824746,TOR,BOS,Braydon Fisher,Jake Bennett,BOS,0.5093610882759094,0.4906389117240906,2026-06-17T22:45:00Z,,,,,False,0.0,0.0,122.0,-19.3246731551837,-0.1583989602883909,TOR,0.0,3.0,Final,0.0
2026-06-17,824912,SF,ATL,Adrian Houser,Grant Holmes,ATL,0.5124940872192383,0.4875059127807617,2026-06-17T18:00:00Z,,,,,False,0.0,0.0,122.0,-19.3246731551837,-0.1583989602883909,SF,2.0,7.0,Final,0.0
2026-06-17,824912,SF,ATL,Adrian Houser,Grant Holmes,ATL,0.5124940872192383,0.4875059127807617,2026-06-17T18:00:00Z,,,,,False,0.0,0.0,122.0,-19.3246731551837,-0.1583989602883909,SF,2.0,7.0,Final,0.0
2026-06-17,824913,SF,ATL,Carson Whisenhunt,JR Ritchie,ATL,0.5124940872192383,0.4875059127807617,2026-06-17T23:15:00Z,,,,,False,0.0,0.0,122.0,-19.3246731551837,-0.1583989602883909,SF,5.0,7.0,Final,0.0
2026-06-17,824992,PIT,ATH,Braxton Ashcraft,Aaron Civale,ATH,0.5002821087837219,0.4997178912162781,2026-06-18T01:40:00Z,,,,,False,0.0,0.0,122.0,-19.3246731551837,-0.1583989602883909,PIT,4.0,12.0,Final,0.0
2026-06-17,825072,LAA,AZ,Sam Aldegheri,Eduardo Rodriguez,AZ,0.5341215133666992,0.4658784866333008,2026-06-17T19:40:00Z,,,,,False,0.0,0.0,122.0,-19.3246731551837,-0.1583989602883909,AZ,8.0,1.0,Final,1.0
2026-06-18,822889,MIN,TEX,Joe Ryan,Jack Leiter,TEX,0.5240712761878967,0.4759287238121032,2026-06-18T18:35:00Z,,,,,False,0.0,0.0,122.0,-19.3246731551837,-0.1583989602883909,MIN,3.0,9.0,Final,0.0
2026-06-18,823125,BAL,SEA,Shane Baz,Bryan Woo,SEA,0.526705265045166,0.473294734954834,2026-06-18T20:10:00Z,,,,,False,0.0,0.0,122.0,-19.3246731551837,-0.1583989602883909,SEA,3.0,0.0,Final,1.0
2026-06-18,823448,NYM,PHI,Sean Manaea,Aaron Nola,PHI,0.5291624665260315,0.4708375334739685,2026-06-18T22:40:00Z,,,,,False,0.0,0.0,122.0,-19.3246731551837,-0.1583989602883909,NYM,4.0,6.0,Final,0.0
2026-06-18,823533,CWS,NYY,Bryan Hudson,Ryan Weathers,NYY,0.5305017828941345,0.4694982171058655,2026-06-18T23:05:00Z,,,,,False,0.0,0.0,122.0,-19.3246731551837,-0.1583989602883909,CWS,1.0,5.0,Final,0.0
2026-06-18,823772,CLE,MIL,Parker Messick,Shane Drohan,MIL,0.524115264415741,0.475884735584259,2026-06-18T18:10:00Z,,,,,False,0.0,0.0,122.0,-19.3246731551837,-0.1583989602883909,CLE,2.0,4.0,Final,0.0
2026-06-18,824098,STL,KC,Matthew Liberatore,Noah Cameron,KC,0.5259984731674194,0.4740015268325805,2026-06-18T23:40:00Z,,,,,False,0.0,0.0,122.0,-19.3246731551837,-0.1583989602883909,KC,14.0,6.0,Final,1.0
2026-06-18,824748,TOR,BOS,Trey Yesavage,Sonny Gray,BOS,0.5093610882759094,0.4906389117240906,2026-06-18T17:35:00Z,,,,,False,0.0,0.0,122.0,-19.3246731551837,-0.1583989602883909,TOR,3.0,4.0,Final,0.0
2026-06-18,824989,LAA,ATH,Ryan Johnson,Gage Jump,ATH,0.5269829630851746,0.4730170369148254,2026-06-19T01:40:00Z,,,,,False,0.0,0.0,122.0,-19.3246731551837,-0.1583989602883909,ATH,5.0,0.0,Final,1.0
2026-06-19,822886,SD,TEX,Randy Vásquez,Jacob deGrom,TEX,0.5110749006271362,0.4889250993728637,2026-06-20T00:05:00Z,,,,,False,0.0,0.0,122.0,-19.3246731551837,-0.1583989602883909,TEX,9.0,7.0,Final,1.0
2026-06-19,822966,WSH,TB,PJ Poulin,Griffin Jax,TB,0.5237241387367249,0.4762758612632751,2026-06-19T23:10:00Z,,,,,False,0.0,0.0,122.0,-19.3246731551837,-0.1583989602883909,TB,5.0,2.0,Final,1.0
2026-06-19,823124,BOS,SEA,Ranger Suarez,Bryce Miller,SEA,0.5136736631393433,0.4863263368606567,2026-06-20T02:10:00Z,,,,,False,0.0,0.0,122.0,-19.3246731551837,-0.1583989602883909,BOS,2.0,6.0,Final,0.0
2026-06-19,823534,CIN,NYY,Rhett Lowder,Cam Schlittler,NYY,0.5250722765922546,0.4749277234077453,2026-06-19T23:05:00Z,,,,,False,0.0,0.0,122.0,-19.3246731551837,-0.1583989602883909,NYY,5.0,0.0,Final,1.0
2026-06-19,823853,SF,MIA,Landen Roupp,Lake Bachar,MIA,0.5072075128555298,0.4927924871444702,2026-06-19T23:10:00Z,,,,,False,0.0,0.0,122.0,-19.3246731551837,-0.1583989602883909,MIA,4.0,3.0,Final,1.0
2026-06-19,823936,BAL,LAD,Trey Gibson,Roki Sasaki,LAD,0.5325543284416199,0.4674456715583801,2026-06-20T02:10:00Z,,,,,False,0.0,0.0,122.0,-19.3246731551837,-0.1583989602883909,LAD,6.0,5.0,Final,1.0
2026-06-19,824097,STL,KC,Michael McGreevy,Seth Lugo,KC,0.5259984731674194,0.4740015268325805,2026-06-20T00:15:00Z,,,,,False,0.0,0.0,122.0,-19.3246731551837,-0.1583989602883909,KC,6.0,5.0,Final,1.0
2026-06-19,824179,CLE,HOU,Tanner Bibee,Tatsuya Imai,HOU,0.5019918084144592,0.4980081915855407,2026-06-20T00:10:00Z,,,,,False,0.0,0.0,122.0,-19.3246731551837,-0.1583989602883909,HOU,9.0,3.0,Final,1.0
2026-06-19,824264,CWS,DET,Brandon Eisert,Tarik Skubal,DET,0.5258490443229675,0.4741509556770324,2026-06-19T22:40:00Z,,,,,False,0.0,0.0,122.0,-19.3246731551837,-0.1583989602883909,DET,4.0,3.0,Final,1.0
2026-06-19,824345,PIT,COL,Bubba Chandler,Kyle Freeland,PIT,0.495764672756195,0.5042353272438049,2026-06-20T00:40:00Z,,,,,False,0.0,0.0,122.0,-19.3246731551837,-0.1583989602883909,COL,4.0,3.0,Final,0.0
2026-06-19,824663,TOR,CHC,Kevin Gausman,Ben Brown,CHC,0.5080572366714478,0.4919427633285522,2026-06-19T18:20:00Z,,,,,False,0.0,0.0,122.0,-19.3246731551837,-0.1583989602883909,CHC,16.0,2.0,Final,1.0
2026-06-19,824910,MIL,ATL,Jacob Misiorowski,Martín Pérez,ATL,0.5077600479125977,0.4922399520874023,2026-06-19T23:15:00Z,,,,,False,0.0,0.0,122.0,-19.3246731551837,-0.1583989602883909,ATL,3.0,2.0,Final,1.0
2026-06-19,824990,LAA,ATH,José Soriano,Jeffrey Springs,ATH,0.5269829630851746,0.4730170369148254,2026-06-20T01:40:00Z,,,,,False,0.0,0.0,122.0,-19.3246731551837,-0.1583989602883909,ATH,12.0,11.0,Final,1.0
2026-06-19,825069,MIN,AZ,Connor Prielipp,Michael Soroka,AZ,0.5331228971481323,0.4668771028518677,2026-06-20T01:45:00Z,,,,,False,0.0,0.0,122.0,-19.3246731551837,-0.1583989602883909,AZ,9.0,5.0,Final,1.0
2026-06-20,822885,SD,TEX,Walker Buehler,MacKenzie Gore,TEX,0.5110749006271362,0.4889250993728637,2026-06-20T20:05:00Z,,,,,False,0.0,0.0,122.0,-19.3246731551837,-0.1583989602883909,SD,4.0,6.0,Final,0.0
2026-06-20,822967,WSH,TB,Cade Cavalli,Ian Seymour,TB,0.5237241387367249,0.4762758612632751,2026-06-20T20:10:00Z,,,,,False,0.0,0.0,122.0,-19.3246731551837,-0.1583989602883909,WSH,3.0,4.0,Final,0.0
2026-06-20,823126,BOS,SEA,Connelly Early,Emerson Hancock,SEA,0.5136736631393433,0.4863263368606567,2026-06-21T02:10:00Z,,,,,False,0.0,0.0,122.0,-19.3246731551837,-0.1583989602883909,BOS,1.0,5.0,Final,0.0
2026-06-20,823447,NYM,PHI,Freddy Peralta,Cristopher Sánchez,PHI,0.5291624665260315,0.4708375334739685,2026-06-20T23:15:00Z,,,,,False,0.0,0.0,122.0,-19.3246731551837,-0.1583989602883909,PHI,15.0,3.0,Final,1.0
2026-06-20,823532,CIN,NYY,Andrew Abbott,Will Warren,NYY,0.5250722765922546,0.4749277234077453,2026-06-20T17:35:00Z,,,,,False,0.0,0.0,122.0,-19.3246731551837,-0.1583989602883909,CIN,2.0,10.0,Final,0.0
2026-06-20,823854,SF,MIA,Trevor McDonald,Max Meyer,MIA,0.5072075128555298,0.4927924871444702,2026-06-20T20:10:00Z,,,,,False,0.0,0.0,122.0,-19.3246731551837,-0.1583989602883909,MIA,6.0,3.0,Final,1.0
2026-06-20,823937,BAL,LAD,Trevor Rogers,Yoshinobu Yamamoto,LAD,0.5325543284416199,0.4674456715583801,2026-06-21T02:10:00Z,,,,,False,0.0,0.0,122.0,-19.3246731551837,-0.1583989602883909,BAL,2.0,3.0,Final,0.0
2026-06-20,824180,CLE,HOU,Joey Cantillo,Spencer Arrighetti,HOU,0.5019918084144592,0.4980081915855407,2026-06-20T23:15:00Z,,,,,False,0.0,0.0,122.0,-19.3246731551837,-0.1583989602883909,CLE,1.0,8.0,Final,0.0
2026-06-20,824263,CWS,DET,Sean Newcomb,Troy Melton,DET,0.5258490443229675,0.4741509556770324,2026-06-20T17:10:00Z,,,,,False,0.0,0.0,122.0,-19.3246731551837,-0.1583989602883909,DET,4.0,1.0,Final,1.0
2026-06-20,824342,PIT,COL,Paul Skenes,Tomoyuki Sugano,PIT,0.495764672756195,0.5042353272438049,2026-06-21T01:10:00Z,,,,,False,0.0,0.0,122.0,-19.3246731551837,-0.1583989602883909,COL,2.0,1.0,Final,0.0
2026-06-20,824665,TOR,CHC,Patrick Corbin,Colin Rea,CHC,0.5080572366714478,0.4919427633285522,2026-06-20T18:20:00Z,,,,,False,0.0,0.0,122.0,-19.3246731551837,-0.1583989602883909,TOR,6.0,8.0,Final,0.0
2026-06-20,824909,MIL,ATL,Kyle Harrison,Chris Sale,ATL,0.5077600479125977,0.4922399520874023,2026-06-20T20:10:00Z,,,,,False,0.0,0.0,122.0,-19.3246731551837,-0.1583989602883909,ATL,4.0,3.0,Final,1.0
2026-06-20,824988,LAA,ATH,Walbert Ureña,J.T. Ginn,ATH,0.5269829630851746,0.4730170369148254,2026-06-21T02:05:00Z,,,,,False,0.0,0.0,122.0,-19.3246731551837,-0.1583989602883909,LAA,0.0,7.0,Final,0.0
2026-06-20,825068,MIN,AZ,Taj Bradley,Zac Gallen,AZ,0.5331228971481323,0.4668771028518677,2026-06-21T02:10:00Z,,,,,False,0.0,0.0,122.0,-19.3246731551837,-0.1583989602883909,MIN,8.0,16.0,Final,0.0
2026-06-21,822883,SD,TEX,Wandy Peralta,Nathan Eovaldi,TEX,0.5110749006271362,0.4889250993728637,2026-06-21T18:35:00Z,,,,,False,0.0,0.0,122.0,-19.3246731551837,-0.1583989602883909,TEX,4.0,3.0,Final,1.0
2026-06-21,822968,WSH,TB,Andrew Alvarez,Nick Martinez,TB,0.5237241387367249,0.4762758612632751,2026-06-21T17:40:00Z,,,,,False,0.0,0.0,122.0,-19.3246731551837,-0.1583989602883909,TB,4.0,3.0,Final,1.0
2026-06-21,823123,BOS,SEA,Payton Tolle,Logan Gilbert,SEA,0.5136736631393433,0.4863263368606567,2026-06-21T20:10:00Z,,,,,False,0.0,0.0,122.0,-19.3246731551837,-0.1583989602883909,SEA,3.0,1.0,Final,1.0
2026-06-21,823449,NYM,PHI,David Peterson,Zack Wheeler,PHI,0.5291624665260315,0.4708375334739685,2026-06-21T23:20:00Z,,,,,False,0.0,0.0,122.0,-19.3246731551837,-0.1583989602883909,PHI,6.0,2.0,Final,1.0
2026-06-21,823531,CIN,NYY,Chase Burns,Elmer Rodríguez,NYY,0.5250722765922546,0.4749277234077453,2026-06-21T17:35:00Z,,,,,False,0.0,0.0,122.0,-19.3246731551837,-0.1583989602883909,CIN,1.0,4.0,Final,0.0
2026-06-21,823852,SF,MIA,Logan Webb,Ryan Gusto,MIA,0.5072075128555298,0.4927924871444702,2026-06-21T17:40:00Z,,,,,False,0.0,0.0,122.0,-19.3246731551837,-0.1583989602883909,MIA,2.0,1.0,Final,1.0
2026-06-21,823934,BAL,LAD,Brandon Young,Emmet Sheehan,LAD,0.5325543284416199,0.4674456715583801,2026-06-21T20:10:00Z,,,,,False,0.0,0.0,122.0,-19.3246731551837,-0.1583989602883909,BAL,1.0,12.0,Final,0.0
2026-06-21,824095,STL,KC,Dustin May,Stephen Kolek,KC,0.5259984731674194,0.4740015268325805,2026-06-21T18:10:00Z,,,,,False,0.0,0.0,122.0,-19.3246731551837,-0.1583989602883909,STL,10.0,12.0,Final,0.0
2026-06-21,824177,CLE,HOU,Slade Cecconi,Kai-Wei Teng,HOU,0.5019918084144592,0.4980081915855407,2026-06-21T18:10:00Z,,,,,False,0.0,0.0,122.0,-19.3246731551837,-0.1583989602883909,HOU,2.0,1.0,Final,1.0
2026-06-21,824260,CWS,DET,Davis Martin,Keider Montero,DET,0.5258490443229675,0.4741509556770324,2026-06-21T17:40:00Z,,,,,False,0.0,0.0,122.0,-19.3246731551837,-0.1583989602883909,DET,5.0,4.0,Final,1.0
2026-06-21,824343,PIT,COL,Jared Jones,Michael Lorenzen,PIT,0.495764672756195,0.5042353272438049,2026-06-21T19:10:00Z,,,,,False,0.0,0.0,122.0,-19.3246731551837,-0.1583989602883909,PIT,6.0,8.0,Final,1.0
2026-06-21,824908,MIL,ATL,Robert Gasser,Bryce Elder,ATL,0.5077600479125977,0.4922399520874023,2026-06-21T17:35:00Z,,,,,False,0.0,0.0,122.0,-19.3246731551837,-0.1583989602883909,MIL,4.0,9.0,Final,0.0
2026-06-21,824987,LAA,ATH,Reid Detmers,Jack Perkins,ATH,0.5269829630851746,0.4730170369148254,2026-06-21T20:05:00Z,,,,,False,0.0,0.0,122.0,-19.3246731551837,-0.1583989602883909,LAA,7.0,9.0,Final,0.0
2026-06-21,825067,MIN,AZ,Mike Paredes,Jose Cabrera,AZ,0.5331228971481323,0.4668771028518677,2026-06-21T19:15:00Z,,,,,False,0.0,0.0,122.0,-19.3246731551837,-0.1583989602883909,MIN,2.0,4.0,Final,0.0
2026-06-22,822720,PHI,WSH,Tim Mayza,Foster Griffin,PHI,0.4869664013385772,0.5130336284637451,2026-06-22T22:45:00Z,,,,,False,0.0,0.0,122.0,-19.3246731551837,-0.1583989602883909,WSH,4.0,1.0,Final,0.0
2026-06-22,822800,HOU,TOR,Hunter Brown,Dylan Cease,TOR,0.5230042934417725,0.4769957065582275,2026-06-22T23:07:00Z,,,,,False,0.0,0.0,122.0,-19.3246731551837,-0.1583989602883909,TOR,4.0,2.0,Final,1.0
2026-06-22,822964,KC,TB,Michael Wacha,Drew Rasmussen,TB,0.5101771354675293,0.4898228645324707,2026-06-22T22:40:00Z,,,,,False,0.0,0.0,122.0,-19.3246731551837,-0.1583989602883909,KC,1.0,2.0,Final,0.0
2026-06-22,823040,AZ,STL,Merrill Kelly,Andre Pallante,AZ,0.4827255606651306,0.5172744393348694,2026-06-22T23:45:00Z,,,,,False,0.0,0.0,122.0,-19.3246731551837,-0.1583989602883909,STL,3.0,2.0,Final,0.0
2026-06-22,823288,ATL,SD,Grant Holmes,Michael King,SD,0.5056451559066772,0.4943548440933227,2026-06-23T02:10:00Z,,,,,False,0.0,0.0,122.0,-19.3246731551837,-0.1583989602883909,SD,1.0,0.0,Final,1.0
2026-06-22,823692,LAD,MIN,Will Klein,Zebby Matthews,LAD,0.4903632700443268,0.5096367597579956,2026-06-22T23:40:00Z,,,,,False,0.0,0.0,122.0,-19.3246731551837,-0.1583989602883909,LAD,1.0,2.0,Final,1.0
2026-06-22,823851,TEX,MIA,Tyler Alexander,Tyler Phillips,MIA,0.50202876329422,0.49797123670578,2026-06-22T22:40:00Z,,,,,False,0.0,0.0,122.0,-19.3246731551837,-0.1583989602883909,TEX,3.0,4.0,Final,0.0
2026-06-22,824016,BAL,LAA,Kyle Bradish,Sam Aldegheri,LAA,0.5243827700614929,0.4756172299385071,2026-06-23T01:38:00Z,,,,,False,0.0,0.0,122.0,-19.3246731551837,-0.1583989602883909,BAL,1.0,6.0,Final,0.0
2026-06-22,824261,NYY,DET,Gerrit Cole,Framber Valdez,NYY,0.4881305694580078,0.5118694305419922,2026-06-22T22:10:00Z,,,,,False,0.0,0.0,122.0,-19.3246731551837,-0.1583989602883909,DET,5.0,3.0,Final,0.0
2026-06-22,824344,BOS,COL,Jake Bennett,Ryan Feltner,COL,0.5012009739875793,0.4987990260124206,2026-06-23T00:40:00Z,,,,,False,0.0,0.0,122.0,-19.3246731551837,-0.1583989602883909,COL,3.0,2.0,Final,1.0
2026-06-22,824502,MIL,CIN,Brandon Woodruff,Brady Singer,CIN,0.519001305103302,0.480998694896698,2026-06-22T23:10:00Z,,,,,False,0.0,0.0,122.0,-19.3246731551837,-0.1583989602883909,MIL,1.0,2.0,Final,0.0
2026-06-22,824585,CLE,CWS,Gavin Williams,Anthony Kay,CWS,0.5022341012954712,0.4977658987045288,2026-06-22T23:40:00Z,,,,,False,0.0,0.0,122.0,-19.3246731551837,-0.1583989602883909,CWS,6.0,5.0,Final,1.0
2026-06-23,822718,PHI,WSH,Jesús Luzardo,PJ Poulin,PHI,0.4869664013385772,0.5130336284637451,2026-06-23T22:45:00Z,116.0,-102.0,0.0160077740164364,-102.0,False,0.0,0.0,122.0,-19.3246731551837,-0.1583989602883909,PHI,9.0,14.0,Final,1.0
2026-06-23,822799,HOU,TOR,Peter Lambert,Shane Bieber,TOR,0.5230042934417725,0.4769957065582275,2026-06-23T20:07:00Z,-154.0,135.0,-0.137382528998635,-154.0,False,0.0,0.0,122.0,-19.3246731551837,-0.1583989602883909,HOU,7.0,9.0,Final,0.0
2026-06-23,822963,KC,TB,Luinder Avila,Shane McClanahan,TB,0.5101771354675293,0.4898228645324707,2026-06-23T22:40:00Z,-138.0,140.0,-0.1201292881067248,-138.0,False,0.0,0.0,122.0,-19.3246731551837,-0.1583989602883909,KC,5.0,12.0,Final,0.0
2026-06-23,823043,AZ,STL,Eduardo Rodriguez,Kyle Leahy,AZ,0.4827255606651306,0.5172744393348694,2026-06-23T23:45:00Z,-112.0,102.0,0.0448943674564361,102.0,True,1.0,1.02,123.0,-18.3046731551837,-0.1488184809364528,AZ,3.0,4.0,Final,1.0
2026-06-23,823210,ATH,SF,Aaron Civale,Robbie Ray,SF,0.5160308480262756,0.4839691519737243,2026-06-24T01:45:00Z,109.0,120.0,0.0785044723749159,109.0,True,1.0,1.09,124.0,-17.2146731551837,-0.1388280093159976,SF,3.0,1.0,Final,1.0
2026-06-23,823286,ATL,SD,JR Ritchie,Wandy Peralta,SD,0.5056451559066772,0.4943548440933227,2026-06-24T01:40:00Z,112.0,-112.0,0.0719677305221557,112.0,True,1.0,1.12,125.0,-16.0946731551837,-0.1287573852414696,SD,7.0,6.0,Final,1.0
2026-06-23,823365,SEA,PIT,George Kirby,Mitch Keller,SEA,0.4819285273551941,0.5180714726448059,2026-06-23T22:40:00Z,-112.0,126.0,0.1708415281772612,126.0,True,1.0,1.26,126.0,-14.8346731551837,-0.1177355012316166,SEA,2.0,3.0,Final,1.0
2026-06-23,823614,CHC,NYM,Edward Cabrera,Kodai Senga,NYM,0.5199416875839233,0.4800583124160766,2026-06-23T23:10:00Z,-102.0,-116.0,0.0296884401171815,-102.0,True,1.0,-1.0,127.0,-15.8346731551837,-0.124682465788848,CHC,6.0,9.0,Final,0.0
2026-06-23,823690,LAD,MIN,Justin Wrobleski,Kendry Rojas,LAD,0.4903632700443268,0.5096367597579956,2026-06-23T23:40:00Z,149.0,-164.0,-0.1796091184383484,-164.0,False,0.0,0.0,127.0,-15.8346731551837,-0.124682465788848,LAD,3.0,12.0,Final,1.0
2026-06-23,823849,TEX,MIA,Cal Quantrill,Sandy Alcantara,MIA,0.50202876329422,0.49797123670578,2026-06-23T22:40:00Z,108.0,-110.0,0.0442198276519776,108.0,True,1.0,1.08,128.0,-14.7546731551837,-0.1152708840248726,MIA,6.0,4.0,Final,1.0
2026-06-23,824017,BAL,LAA,Shane Baz,Ryan Johnson,LAA,0.5243827700614929,0.4756172299385071,2026-06-24T01:38:00Z,120.0,104.0,0.1536420941352845,120.0,True,1.0,1.2,129.0,-13.5546731551837,-0.1050749856990984,LAA,5.0,1.0,Final,1.0
2026-06-23,824262,NYY,DET,Carlos Rodón,Casey Mize,NYY,0.4881305694580078,0.5118694305419922,2026-06-23T22:40:00Z,100.0,126.0,0.1568249130249022,126.0,True,1.0,1.26,130.0,-12.2946731551837,-0.0945744088860284,NYY,3.0,4.0,Final,1.0
2026-06-23,824340,BOS,COL,Sonny Gray,Sean Sullivan,COL,0.5012009739875793,0.4987990260124206,2026-06-24T00:40:00Z,149.0,-162.0,0.2479904252290726,149.0,True,1.0,-1.0,131.0,-13.2946731551837,-0.1014860546197229,BOS,2.0,5.0,Final,0.0
2026-06-23,824501,MIL,CIN,Brandon Sproat,Nick Lodolo,CIN,0.519001305103302,0.480998694896698,2026-06-23T23:10:00Z,126.0,104.0,0.1729429495334624,126.0,True,1.0,-1.0,132.0,-14.2946731551837,-0.1082929784483613,MIL,0.0,2.0,Final,0.0
2026-06-23,824584,CLE,CWS,Parker Messick,Sean Burke,CWS,0.5022341012954712,0.4977658987045288,2026-06-23T23:40:00Z,104.0,-112.0,0.0245575666427612,104.0,True,1.0,1.04,133.0,-13.2546731551837,-0.0996591966555165,CWS,2.0,1.0,Final,1.0
2026-06-24,822719,PHI,WSH,Aaron Nola,Carson Palmquist,PHI,0.4869664013385772,0.5130336284637451,2026-06-24T22:45:00Z,156.0,150.0,0.2825840711593628,150.0,True,1.0,1.5,134.0,-11.7546731551837,-0.0877214414565947,PHI,4.0,5.0,Final,1.0
2026-06-24,822798,HOU,TOR,Mike Burrows,Trey Yesavage,TOR,0.5230042934417725,0.4769957065582275,2026-06-24T23:07:00Z,-164.0,140.0,-0.1580906495815369,-164.0,False,0.0,0.0,134.0,-11.7546731551837,-0.0877214414565947,HOU,1.0,3.0,Final,0.0
2026-06-24,822965,KC,TB,Noah Cameron,Griffin Jax,TB,0.5101771354675293,0.4898228645324707,2026-06-24T22:40:00Z,-136.0,154.0,-0.1146926178651697,-136.0,False,0.0,0.0,134.0,-11.7546731551837,-0.0877214414565947,TB,5.0,3.0,Final,1.0
2026-06-24,823041,AZ,STL,Mitch Bratt,Matthew Liberatore,AZ,0.4827255606651306,0.5172744393348694,2026-06-24T23:45:00Z,-116.0,113.0,0.1017945557832717,113.0,True,1.0,1.13,135.0,-10.6246731551837,-0.0787012826309903,AZ,4.0,9.0,Final,1.0
2026-06-24,823208,ATH,SF,Gage Jump,Tyler Mahle,SF,0.5160308480262756,0.4839691519737243,2026-06-25T01:45:00Z,-102.0,113.0,0.0219434441304674,-102.0,True,1.0,0.9803921568627452,136.0,-9.644280998320957,-0.070913830870007,SF,2.0,1.0,Final,1.0
2026-06-24,823284,ATL,SD,Martín Pérez,JP Sears,SD,0.5056451559066772,0.4943548440933227,2026-06-25T00:40:00Z,100.0,-118.0,0.0112903118133544,100.0,False,0.0,0.0,136.0,-9.644280998320957,-0.070913830870007,SD,5.0,2.0,Final,1.0
2026-06-24,823367,SEA,PIT,Bryan Woo,Braxton Ashcraft,SEA,0.4819285273551941,0.5180714726448059,2026-06-24T22:40:00Z,130.0,-136.0,-0.1009936209987191,-136.0,False,0.0,0.0,136.0,-9.644280998320957,-0.070913830870007,PIT,11.0,1.0,Final,0.0
2026-06-24,823611,CHC,NYM,Shota Imanaga,Sean Manaea,NYM,0.5199416875839233,0.4800583124160766,2026-06-24T23:10:00Z,-112.0,103.0,-0.0158246627875737,-112.0,False,0.0,0.0,136.0,-9.644280998320957,-0.070913830870007,CHC,5.0,10.0,Final,0.0
2026-06-24,823613,CHC,NYM,Javier Assad,Nolan McLean,NYM,0.5199416875839233,0.4800583124160766,2026-06-24T17:10:00Z,-112.0,103.0,-0.0158246627875737,-112.0,False,0.0,0.0,136.0,-9.644280998320957,-0.070913830870007,,,,Postponed,
2026-06-24,823613,CHC,NYM,Javier Assad,Nolan McLean,NYM,0.5199416875839233,0.4800583124160766,2026-06-24T17:10:00Z,-112.0,103.0,-0.0158246627875737,-112.0,False,0.0,0.0,136.0,-9.644280998320957,-0.070913830870007,CHC,3.0,10.0,Final,0.0
2026-06-24,823691,LAD,MIN,Shohei Ohtani,Joe Ryan,LAD,0.4903632700443268,0.5096367597579956,2026-06-24T23:40:00Z,136.0,-162.0,-0.1757726477987972,-162.0,False,0.0,0.0,136.0,-9.644280998320957,-0.070913830870007,LAD,3.0,4.0,Final,1.0
2026-06-24,823850,TEX,MIA,Jacob deGrom,Eury Pérez,MIA,0.50202876329422,0.49797123670578,2026-06-24T16:10:00Z,,,,,False,0.0,0.0,136.0,-9.644280998320957,-0.070913830870007,MIA,4.0,2.0,Final,1.0
2026-06-24,824018,BAL,LAA,Trey Gibson,José Soriano,LAA,0.5243827700614929,0.4756172299385071,2026-06-24T20:07:00Z,159.0,-205.0,0.3581513744592666,159.0,True,1.0,1.59,137.0,-8.054280998320955,-0.0587903722505179,LAA,7.0,6.0,Final,1.0
2026-06-24,824259,NYY,DET,Ryan Weathers,Tarik Skubal,NYY,0.4881305694580078,0.5118694305419922,2026-06-24T22:40:00Z,-130.0,110.0,0.0749258041381836,110.0,True,1.0,1.1,138.0,-6.954280998320956,-0.0503933405675431,NYY,2.0,4.0,Final,1.0
2026-06-24,824341,BOS,COL,Ranger Suarez,Kyle Freeland,COL,0.5012009739875793,0.4987990260124206,2026-06-24T19:10:00Z,,,,,False,0.0,0.0,138.0,-6.954280998320956,-0.0503933405675431,COL,8.0,6.0,Final,1.0
2026-06-24,824500,MIL,CIN,Shane Drohan,Rhett Lowder,CIN,0.519001305103302,0.480998694896698,2026-06-24T23:10:00Z,132.0,-141.0,0.2040830278396608,132.0,True,1.0,-1.0,139.0,-7.9542809983209555,-0.0572250431533881,MIL,5.0,6.0,Final,0.0
2026-06-24,824583,CLE,CWS,Tanner Bibee,Erick Fedde,CWS,0.5022341012954712,0.4977658987045288,2026-06-24T18:10:00Z,518.0,-850.0,2.103806746006012,518.0,True,1.0,-1.0,140.0,-8.954280998320955,-0.0639591499880068,CLE,3.0,4.0,Final,0.0
2026-06-25,822717,PHI,WSH,Cristopher Sánchez,Cade Cavalli,PHI,0.4869664013385772,0.5130336284637451,2026-06-25T22:45:00Z,-480.0,332.0,1.2163052749633791,332.0,True,1.0,3.32,141.0,-5.634280998320955,-0.0399594397044039,PHI,5.0,10.0,Final,1.0
2026-06-25,822797,TEX,TOR,MacKenzie Gore,Kevin Gausman,TOR,0.5018023252487183,0.4981976747512817,2026-06-25T23:07:00Z,110.0,-112.0,0.0537848830223084,110.0,True,1.0,-1.0,142.0,-6.634280998320955,-0.0467202887205701,TEX,5.0,6.0,Final,0.0
2026-06-25,822961,KC,TB,Seth Lugo,Casey Legumina,TB,0.5101771354675293,0.4898228645324707,2026-06-25T16:10:00Z,,,,,False,0.0,0.0,142.0,-6.634280998320955,-0.0467202887205701,TB,13.0,2.0,Final,1.0
2026-06-25,823209,ATH,SF,Jeffrey Springs,Landen Roupp,SF,0.5160308480262756,0.4839691519737243,2026-06-25T19:45:00Z,,,,,False,0.0,0.0,142.0,-6.634280998320955,-0.0467202887205701,ATH,6.0,9.0,Final,0.0
2026-06-25,823366,SEA,PIT,Bryce Miller,Bubba Chandler,SEA,0.4819285273551941,0.5180714726448059,2026-06-25T16:35:00Z,,,,,False,0.0,0.0,142.0,-6.634280998320955,-0.0467202887205701,PIT,5.0,1.0,Final,0.0
2026-06-25,823612,CHC,NYM,Matthew Boyd,Freddy Peralta,NYM,0.5199416875839233,0.4800583124160766,2026-06-25T23:10:00Z,-115.0,-109.0,-0.0279351058213607,-115.0,False,0.0,0.0,142.0,-6.634280998320955,-0.0467202887205701,CHC,3.0,4.0,Final,0.0
2026-06-25,824258,HOU,DET,Tatsuya Imai,Troy Melton,DET,0.5212306380271912,0.4787693619728088,2026-06-25T22:40:00Z,-120.0,106.0,-0.0444104969501494,-120.0,False,0.0,0.0,142.0,-6.634280998320955,-0.0467202887205701,HOU,1.0,2.0,Final,0.0
2026-06-25,824747,NYY,BOS,Cam Schlittler,Connelly Early,BOS,0.502680778503418,0.497319221496582,2026-06-25T23:10:00Z,154.0,-110.0,0.2768091773986816,154.0,True,1.0,1.54,143.0,-5.094280998320955,-0.035624342645601,BOS,6.0,3.0,Final,1.0
2026-06-26,822796,TEX,TOR,Nathan Eovaldi,Patrick Corbin,TOR,0.5018023252487183,0.4981976747512817,2026-06-26T23:07:00Z,,,,,False,0.0,0.0,143.0,-5.094280998320955,-0.035624342645601,TEX,4.0,5.0,Final,0.0
2026-06-26,822962,AZ,TB,Zac Gallen,Nick Martinez,TB,0.5237974524497986,0.4762025475502014,2026-06-26T23:10:00Z,,,,,False,0.0,0.0,143.0,-5.094280998320955,-0.035624342645601,TB,6.0,1.0,Final,1.0
2026-06-26,823039,MIA,STL,Max Meyer,Michael McGreevy,MIA,0.487439751625061,0.512560248374939,2026-06-27T00:15:00Z,,,,,False,0.0,0.0,143.0,-5.094280998320955,-0.035624342645601,MIA,0.0,4.0,Final,1.0
2026-06-26,823206,ATL,SF,Reynaldo López,Trevor McDonald,SF,0.5237759351730347,0.4762240648269653,2026-06-27T02:15:00Z,,,,,False,0.0,0.0,143.0,-5.094280998320955,-0.035624342645601,ATL,1.0,3.0,Final,0.0
2026-06-26,823285,LAD,SD,Roki Sasaki,Walker Buehler,LAD,0.499901682138443,0.5000983476638794,2026-06-27T01:45:00Z,,,,,False,0.0,0.0,143.0,-5.094280998320955,-0.035624342645601,SD,7.0,1.0,Final,0.0
2026-06-26,823363,CIN,PIT,Andrew Abbott,Paul Skenes,CIN,0.486885130405426,0.513114869594574,2026-06-26T22:40:00Z,,,,,False,0.0,0.0,143.0,-5.094280998320955,-0.035624342645601,CIN,4.0,6.0,Final,1.0
2026-06-26,823610,PHI,NYM,Zack Wheeler,Zach Thornton,PHI,0.4870563149452209,0.512943685054779,2026-06-26T23:10:00Z,,,,,False,0.0,0.0,143.0,-5.094280998320955,-0.035624342645601,PHI,1.0,2.0,Final,1.0
2026-06-26,823688,COL,MIN,Tomoyuki Sugano,Taj Bradley,MIN,0.5321080684661865,0.4678919315338135,2026-06-27T00:10:00Z,,,,,False,0.0,0.0,143.0,-5.094280998320955,-0.035624342645601,MIN,9.0,8.0,Final,1.0
2026-06-26,823773,CHC,MIL,Colin Rea,Jacob Misiorowski,MIL,0.5205097794532776,0.4794902205467224,2026-06-26T23:45:00Z,,,,,False,0.0,0.0,143.0,-5.094280998320955,-0.035624342645601,MIL,6.0,2.0,Final,1.0
2026-06-26,824014,ATH,LAA,J.T. Ginn,Walbert Ureña,ATH,0.4870769083499908,0.5129231214523315,2026-06-27T01:38:00Z,,,,,False,0.0,0.0,143.0,-5.094280998320955,-0.035624342645601,ATH,3.0,9.0,Final,1.0
2026-06-26,824255,HOU,DET,Spencer Arrighetti,Keider Montero,DET,0.5212306380271912,0.4787693619728088,2026-06-26T22:40:00Z,,,,,False,0.0,0.0,143.0,-5.094280998320955,-0.035624342645601,DET,8.0,0.0,Final,1.0
2026-06-26,824423,SEA,CLE,Luis Castillo,Joey Cantillo,SEA,0.4901312291622162,0.5098687410354614,2026-06-26T23:10:00Z,,,,,False,0.0,0.0,143.0,-5.094280998320955,-0.035624342645601,SEA,1.0,3.0,Final,1.0
2026-06-26,824582,KC,CWS,Steven Cruz,David Sandlin,KC,0.4833609759807586,0.516638994216919,2026-06-26T23:40:00Z,,,,,False,0.0,0.0,143.0,-5.094280998320955,-0.035624342645601,CWS,22.0,1.0,Final,0.0
2026-06-26,824743,NYY,BOS,Will Warren,Payton Tolle,BOS,0.502680778503418,0.497319221496582,2026-06-26T23:10:00Z,,,,,False,0.0,0.0,143.0,-5.094280998320955,-0.035624342645601,BOS,6.0,1.0,Final,1.0
2026-06-26,824824,WSH,BAL,Andrew Alvarez,Trevor Rogers,BAL,0.5042920708656311,0.4957079291343689,2026-06-26T23:05:00Z,,,,,False,0.0,0.0,143.0,-5.094280998320955,-0.035624342645601,BAL,3.0,1.0,Final,1.0
2026-06-27,822794,TEX,TOR,Cal Quantrill,Dylan Cease,TOR,0.5018023252487183,0.4981976747512817,2026-06-27T19:07:00Z,,,,,False,0.0,0.0,143.0,-5.094280998320955,-0.035624342645601,TEX,4.0,7.0,Final,0.0
2026-06-27,822960,AZ,TB,Jose Cabrera,Cole Sulser,TB,0.5237974524497986,0.4762025475502014,2026-06-27T22:10:00Z,,,,,False,0.0,0.0,143.0,-5.094280998320955,-0.035624342645601,TB,4.0,2.0,Final,1.0
2026-06-27,823038,MIA,STL,Ryan Gusto,Andre Pallante,MIA,0.487439751625061,0.512560248374939,2026-06-27T23:15:00Z,,,,,False,0.0,0.0,143.0,-5.094280998320955,-0.035624342645601,MIA,1.0,5.0,Final,1.0
2026-06-27,823207,ATL,SF,Bryce Elder,Logan Webb,SF,0.5237759351730347,0.4762240648269653,2026-06-28T01:05:00Z,,,,,False,0.0,0.0,143.0,-5.094280998320955,-0.035624342645601,SF,5.0,0.0,Final,1.0
2026-06-27,823283,LAD,SD,Yoshinobu Yamamoto,Kyle Hart,LAD,0.499901682138443,0.5000983476638794,2026-06-28T00:40:00Z,,,,,False,0.0,0.0,143.0,-5.094280998320955,-0.035624342645601,LAD,3.0,15.0,Final,1.0
2026-06-27,823364,CIN,PIT,Chase Burns,Jared Jones,CIN,0.486885130405426,0.513114869594574,2026-06-27T20:05:00Z,,,,,False,0.0,0.0,143.0,-5.094280998320955,-0.035624342645601,CIN,7.0,9.0,Final,1.0
2026-06-27,823609,PHI,NYM,Tim Mayza,Christian Scott,PHI,0.4870563149452209,0.512943685054779,2026-06-27T20:10:00Z,,,,,False,0.0,0.0,143.0,-5.094280998320955,-0.035624342645601,NYM,6.0,2.0,Final,0.0
2026-06-27,823689,COL,MIN,Michael Lorenzen,Mike Paredes,MIN,0.5321080684661865,0.4678919315338135,2026-06-27T23:10:00Z,,,,,False,0.0,0.0,143.0,-5.094280998320955,-0.035624342645601,COL,5.0,8.0,Final,0.0
2026-06-27,823770,CHC,MIL,David Peterson,Kyle Harrison,MIL,0.5205097794532776,0.4794902205467224,2026-06-27T23:10:00Z,,,,,False,0.0,0.0,143.0,-5.094280998320955,-0.035624342645601,CHC,2.0,8.0,Final,0.0
2026-06-27,824015,ATH,LAA,Jack Perkins,Reid Detmers,ATH,0.4870769083499908,0.5129231214523315,2026-06-28T01:38:00Z,,,,,False,0.0,0.0,143.0,-5.094280998320955,-0.035624342645601,LAA,5.0,2.0,Final,0.0
2026-06-27,824257,HOU,DET,Kai-Wei Teng,Framber Valdez,DET,0.5212306380271912,0.4787693619728088,2026-06-27T17:10:00Z,,,,,False,0.0,0.0,143.0,-5.094280998320955,-0.035624342645601,HOU,6.0,8.0,Final,0.0
2026-06-27,824421,SEA,CLE,Logan Gilbert,Slade Cecconi,SEA,0.4901312291622162,0.5098687410354614,2026-06-27T23:10:00Z,,,,,False,0.0,0.0,143.0,-5.094280998320955,-0.035624342645601,CLE,4.0,3.0,Final,0.0
2026-06-27,824581,KC,CWS,Michael Wacha,Davis Martin,KC,0.4833609759807586,0.516638994216919,2026-06-27T20:10:00Z,,,,,False,0.0,0.0,143.0,-5.094280998320955,-0.035624342645601,CWS,2.0,1.0,Final,0.0
2026-06-27,824745,NYY,BOS,Gerrit Cole,Jake Bennett,BOS,0.502680778503418,0.497319221496582,2026-06-27T17:10:00Z,,,,,False,0.0,0.0,143.0,-5.094280998320955,-0.035624342645601,BOS,4.0,1.0,Final,1.0
2026-06-27,824825,WSH,BAL,Foster Griffin,Brandon Young,BAL,0.5042920708656311,0.4957079291343689,2026-06-27T23:05:00Z,,,,,False,0.0,0.0,143.0,-5.094280998320955,-0.035624342645601,WSH,3.0,4.0,Final,0.0
2026-06-28,822795,TEX,TOR,Kumar Rocker,Shane Bieber,TOR,0.5018023252487183,0.4981976747512817,2026-06-28T17:37:00Z,,,,,False,0.0,0.0,143.0,-5.094280998320955,-0.035624342645601,TEX,2.0,3.0,Final,0.0
2026-06-28,822959,AZ,TB,Merrill Kelly,Drew Rasmussen,TB,0.5237974524497986,0.4762025475502014,2026-06-28T17:40:00Z,,,,,False,0.0,0.0,143.0,-5.094280998320955,-0.035624342645601,TB,5.0,1.0,Final,1.0
2026-06-28,823037,MIA,STL,Tyler Phillips,Kyle Leahy,MIA,0.487439751625061,0.512560248374939,2026-06-28T18:15:00Z,,,,,False,0.0,0.0,143.0,-5.094280998320955,-0.035624342645601,STL,2.0,1.0,Final,0.0
2026-06-28,823204,ATL,SF,Chris Sale,Robbie Ray,SF,0.5237759351730347,0.4762240648269653,2026-06-28T20:05:00Z,,,,,False,0.0,0.0,143.0,-5.094280998320955,-0.035624342645601,SF,3.0,2.0,Final,1.0
2026-06-28,823281,LAD,SD,Emmet Sheehan,Michael King,LAD,0.499901682138443,0.5000983476638794,2026-06-28T20:10:00Z,,,,,False,0.0,0.0,143.0,-5.094280998320955,-0.035624342645601,LAD,2.0,4.0,Final,1.0
2026-06-28,823362,CIN,PIT,Brady Singer,Mitch Keller,CIN,0.486885130405426,0.513114869594574,2026-06-28T17:35:00Z,,,,,False,0.0,0.0,143.0,-5.094280998320955,-0.035624342645601,PIT,9.0,4.0,Final,0.0
2026-06-28,823608,PHI,NYM,Jesús Luzardo,Cionel Pérez,PHI,0.4870563149452209,0.512943685054779,2026-06-28T17:40:00Z,,,,,False,0.0,0.0,143.0,-5.094280998320955,-0.035624342645601,PHI,4.0,5.0,Final,1.0
2026-06-28,823686,COL,MIN,Ryan Feltner,Connor Prielipp,MIN,0.5321080684661865,0.4678919315338135,2026-06-28T18:10:00Z,,,,,False,0.0,0.0,143.0,-5.094280998320955,-0.035624342645601,MIN,3.0,2.0,Final,1.0
2026-06-28,823769,CHC,MIL,Ryan Rolison,Brandon Woodruff,MIL,0.5205097794532776,0.4794902205467224,2026-06-28T18:10:00Z,,,,,False,0.0,0.0,143.0,-5.094280998320955,-0.035624342645601,CHC,3.0,4.0,Final,0.0
2026-06-28,824011,ATH,LAA,Aaron Civale,Sam Aldegheri,ATH,0.4870769083499908,0.5129231214523315,2026-06-28T19:15:00Z,,,,,False,0.0,0.0,143.0,-5.094280998320955,-0.035624342645601,LAA,4.0,1.0,Final,0.0
2026-06-28,824256,HOU,DET,Hunter Brown,Jack Flaherty,DET,0.5212306380271912,0.4787693619728088,2026-06-28T17:40:00Z,,,,,False,0.0,0.0,143.0,-5.094280998320955,-0.035624342645601,HOU,5.0,7.0,Final,0.0
2026-06-28,824422,SEA,CLE,Emerson Hancock,Gavin Williams,SEA,0.4901312291622162,0.5098687410354614,2026-06-28T17:40:00Z,,,,,False,0.0,0.0,143.0,-5.094280998320955,-0.035624342645601,CLE,6.0,5.0,Final,0.0
2026-06-28,824580,KC,CWS,Luinder Avila,Anthony Kay,KC,0.4833609759807586,0.516638994216919,2026-06-28T18:10:00Z,,,,,False,0.0,0.0,143.0,-5.094280998320955,-0.035624342645601,KC,4.0,5.0,Final,1.0
2026-06-28,824744,NYY,BOS,Carlos Rodón,Sonny Gray,BOS,0.502680778503418,0.497319221496582,2026-06-28T23:20:00Z,,,,,False,0.0,0.0,143.0,-5.094280998320955,-0.035624342645601,BOS,5.0,4.0,Final,1.0
2026-06-28,824821,WSH,BAL,Zack Littell,Kyle Bradish,BAL,0.5042920708656311,0.4957079291343689,2026-06-28T17:35:00Z,,,,,False,0.0,0.0,143.0,-5.094280998320955,-0.035624342645601,WSH,4.0,6.0,Final,0.0
2026-06-29,822792,NYM,TOR,Sean Manaea,Trey Yesavage,TOR,0.5057401061058044,0.4942598938941955,2026-06-29T23:07:00Z,,,,,False,0.0,0.0,143.0,-5.094280998320955,-0.035624342645601,TOR,2.0,1.0,Final,1.0
2026-06-29,823121,LAA,SEA,Ryan Johnson,George Kirby,SEA,0.5311099290847778,0.4688900709152221,2026-06-30T01:40:00Z,,,,,False,0.0,0.0,143.0,-5.094280998320955,-0.035624342645601,SEA,6.0,2.0,Final,1.0
2026-06-29,823444,PIT,PHI,Braxton Ashcraft,Aaron Nola,PHI,0.5205703377723694,0.4794296622276306,2026-06-29T22:40:00Z,,,,,False,0.0,0.0,143.0,-5.094280998320955,-0.035624342645601,PIT,7.0,11.0,Final,0.0
2026-06-29,823529,DET,NYY,Casey Mize,Ryan Weathers,NYY,0.5299163460731506,0.4700836539268493,2026-06-29T23:05:00Z,,,,,False,0.0,0.0,143.0,-5.094280998320955,-0.035624342645601,DET,3.0,7.0,Final,0.0
2026-06-29,823771,CIN,MIL,Nick Lodolo,Robert Gasser,CIN,0.4908875226974487,0.5091124773025513,2026-06-29T23:40:00Z,,,,,False,0.0,0.0,143.0,-5.094280998320955,-0.035624342645601,MIL,5.0,3.0,Final,0.0
2026-06-29,824176,MIN,HOU,Zebby Matthews,Peter Lambert,HOU,0.5187684297561646,0.4812315702438354,2026-06-30T00:10:00Z,,,,,False,0.0,0.0,143.0,-5.094280998320955,-0.035624342645601,MIN,4.0,5.0,Final,0.0
2026-06-29,824339,MIA,COL,Sandy Alcantara,Sean Sullivan,MIA,0.481835126876831,0.518164873123169,2026-06-30T00:40:00Z,,,,,False,0.0,0.0,143.0,-5.094280998320955,-0.035624342645601,MIA,7.0,10.0,Final,1.0
2026-06-29,824420,TEX,CLE,Tyler Alexander,Parker Messick,CLE,0.5038719773292542,0.4961280226707458,2026-06-29T23:10:00Z,,,,,False,0.0,0.0,143.0,-5.094280998320955,-0.035624342645601,TEX,3.0,6.0,Final,0.0
2026-06-29,824662,SD,CHC,Griffin Canning,Shota Imanaga,CHC,0.5252079963684082,0.4747920036315918,2026-06-30T00:05:00Z,,,,,False,0.0,0.0,143.0,-5.094280998320955,-0.035624342645601,CHC,3.0,2.0,Final,1.0
2026-06-29,824741,WSH,BOS,Miles Mikolas,Ranger Suarez,BOS,0.5270802974700928,0.4729197025299072,2026-06-29T23:10:00Z,,,,,False,0.0,0.0,143.0,-5.094280998320955,-0.035624342645601,BOS,6.0,3.0,Final,1.0
2026-06-29,824822,CWS,BAL,Sean Burke,Shane Baz,BAL,0.5059155821800232,0.4940844178199768,2026-06-29T22:35:00Z,,,,,False,0.0,0.0,143.0,-5.094280998320955,-0.035624342645601,CWS,2.0,8.0,Final,0.0
2026-06-29,824986,LAD,ATH,Eric Lauer,Gage Jump,ATH,0.5061055421829224,0.4938944578170776,2026-06-30T01:40:00Z,,,,,False,0.0,0.0,143.0,-5.094280998320955,-0.035624342645601,LAD,4.0,9.0,Final,0.0
2026-06-29,825065,SF,AZ,Tyler Mahle,Eduardo Rodriguez,AZ,0.5053465962409973,0.4946534037590027,2026-06-30T01:40:00Z,,,,,False,0.0,0.0,143.0,-5.094280998320955,-0.035624342645601,AZ,5.0,4.0,Final,1.0
2026-06-30,822793,NYM,TOR,Nolan McLean,Kevin Gausman,TOR,0.5057401061058044,0.4942598938941955,2026-06-30T23:07:00Z,,,,,False,0.0,0.0,143.0,-5.094280998320955,-0.035624342645601,NYM,0.0,3.0,Final,0.0
2026-06-30,823122,LAA,SEA,José Soriano,Bryan Woo,SEA,0.5311099290847778,0.4688900709152221,2026-07-01T01:40:00Z,,,,,False,0.0,0.0,143.0,-5.094280998320955,-0.035624342645601,SEA,8.0,3.0,Final,1.0
2026-06-30,823445,PIT,PHI,Bubba Chandler,Cristopher Sánchez,PHI,0.5205703377723694,0.4794296622276306,2026-06-30T22:40:00Z,,,,,False,0.0,0.0,143.0,-5.094280998320955,-0.035624342645601,PHI,8.0,0.0,Final,1.0
2026-06-30,823528,DET,NYY,Tarik Skubal,Cam Schlittler,NYY,0.5299163460731506,0.4700836539268493,2026-06-30T23:05:00Z,,,,,False,0.0,0.0,143.0,-5.094280998320955,-0.035624342645601,DET,3.0,9.0,Final,0.0
2026-06-30,823768,CIN,MIL,Rhett Lowder,Brandon Sproat,CIN,0.4908875226974487,0.5091124773025513,2026-06-30T23:40:00Z,,,,,False,0.0,0.0,143.0,-5.094280998320955,-0.035624342645601,MIL,7.0,2.0,Final,0.0
2026-06-30,824096,TB,KC,Griffin Jax,Noah Cameron,KC,0.5274581909179688,0.4725418090820312,2026-06-30T23:40:00Z,,,,,False,0.0,0.0,143.0,-5.094280998320955,-0.035624342645601,TB,4.0,10.0,Final,0.0
2026-06-30,824175,MIN,HOU,Joe Ryan,Mike Burrows,HOU,0.5187684297561646,0.4812315702438354,2026-07-01T00:10:00Z,,,,,False,0.0,0.0,143.0,-5.094280998320955,-0.035624342645601,HOU,6.0,4.0,Final,1.0
2026-06-30,824338,MIA,COL,Eury Pérez,Tanner Gordon,MIA,0.481835126876831,0.518164873123169,2026-07-01T00:40:00Z,,,,,False,0.0,0.0,143.0,-5.094280998320955,-0.035624342645601,MIA,3.0,14.0,Final,1.0
2026-06-30,824418,TEX,CLE,Jacob deGrom,Tanner Bibee,CLE,0.5038719773292542,0.4961280226707458,2026-06-30T22:40:00Z,,,,,False,0.0,0.0,143.0,-5.094280998320955,-0.035624342645601,TEX,2.0,4.0,Final,0.0
2026-06-30,824661,SD,CHC,JP Sears,Matthew Boyd,CHC,0.5252079963684082,0.4747920036315918,2026-07-01T00:05:00Z,,,,,False,0.0,0.0,143.0,-5.094280998320955,-0.035624342645601,CHC,9.0,7.0,Final,1.0
2026-06-30,824742,WSH,BOS,Cade Cavalli,Connelly Early,BOS,0.5270802974700928,0.4729197025299072,2026-06-30T23:10:00Z,,,,,False,0.0,0.0,143.0,-5.094280998320955,-0.035624342645601,WSH,1.0,8.0,Final,0.0
2026-06-30,824819,CWS,BAL,Erick Fedde,Trey Gibson,BAL,0.5059155821800232,0.4940844178199768,2026-06-30T22:35:00Z,,,,,False,0.0,0.0,143.0,-5.094280998320955,-0.035624342645601,CWS,3.0,9.0,Final,0.0
2026-06-30,824907,STL,ATL,Matthew Liberatore,Martín Pérez,ATL,0.5349027514457703,0.4650972485542297,2026-06-30T23:15:00Z,,,,,False,0.0,0.0,143.0,-5.094280998320955,-0.035624342645601,STL,3.0,5.0,Final,0.0
2026-06-30,824984,LAD,ATH,Justin Wrobleski,Jeffrey Springs,ATH,0.5061055421829224,0.4938944578170776,2026-07-01T01:40:00Z,,,,,False,0.0,0.0,143.0,-5.094280998320955,-0.035624342645601,LAD,3.0,9.0,Final,0.0
2026-06-30,825066,SF,AZ,Landen Roupp,Brandon Pfaadt,AZ,0.5053465962409973,0.4946534037590027,2026-07-01T01:40:00Z,,,,,False,0.0,0.0,143.0,-5.094280998320955,-0.035624342645601,AZ,8.0,2.0,Final,1.0
2026-07-01,822791,NYM,TOR,Freddy Peralta,Braydon Fisher,TOR,0.5057401061058044,0.4942598938941955,2026-07-01T19:07:00Z,,,,,False,0.0,0.0,143.0,-5.094280998320955,-0.035624342645601,TOR,9.0,3.0,Final,1.0
2026-07-01,823446,PIT,PHI,Paul Skenes,Zack Wheeler,PHI,0.5205703377723694,0.4794296622276306,2026-07-01T22:40:00Z,,,,,False,0.0,0.0,143.0,-5.094280998320955,-0.035624342645601,PHI,10.0,6.0,Final,1.0
2026-07-01,823530,DET,NYY,Troy Melton,Will Warren,NYY,0.5299163460731506,0.4700836539268493,2026-07-01T17:35:00Z,,,,,False,0.0,0.0,143.0,-5.094280998320955,-0.035624342645601,DET,2.0,6.0,Final,0.0
2026-07-01,823767,CIN,MIL,Andrew Abbott,Shane Drohan,CIN,0.4908875226974487,0.5091124773025513,2026-07-02T00:10:00Z,,,,,False,0.0,0.0,143.0,-5.094280998320955,-0.035624342645601,MIL,4.0,2.0,Final,0.0
2026-07-01,824094,TB,KC,Shane McClanahan,Seth Lugo,KC,0.5274581909179688,0.4725418090820312,2026-07-01T23:40:00Z,,,,,False,0.0,0.0,143.0,-5.094280998320955,-0.035624342645601,TB,0.0,4.0,Final,0.0
2026-07-01,824174,MIN,HOU,Taj Bradley,Tatsuya Imai,HOU,0.5187684297561646,0.4812315702438354,2026-07-02T00:10:00Z,,,,,False,0.0,0.0,143.0,-5.094280998320955,-0.035624342645601,MIN,3.0,8.0,Final,0.0
2026-07-01,824337,MIA,COL,Max Meyer,Kyle Freeland,MIA,0.481835126876831,0.518164873123169,2026-07-02T00:40:00Z,,,,,False,0.0,0.0,143.0,-5.094280998320955,-0.035624342645601,COL,6.0,3.0,Final,0.0
2026-07-01,824419,TEX,CLE,MacKenzie Gore,Joey Cantillo,CLE,0.5038719773292542,0.4961280226707458,2026-07-01T17:10:00Z,,,,,False,0.0,0.0,143.0,-5.094280998320955,-0.035624342645601,CLE,9.0,4.0,Final,1.0
2026-07-01,824660,SD,CHC,Walker Buehler,Colin Rea,CHC,0.5252079963684082,0.4747920036315918,2026-07-01T18:20:00Z,,,,,False,0.0,0.0,143.0,-5.094280998320955,-0.035624342645601,CHC,23.0,3.0,Final,1.0
2026-07-01,824740,WSH,BOS,Brad Lord,Payton Tolle,BOS,0.5270802974700928,0.4729197025299072,2026-07-01T17:35:00Z,,,,,False,0.0,0.0,143.0,-5.094280998320955,-0.035624342645601,WSH,2.0,10.0,Final,0.0
2026-07-01,824818,CWS,BAL,Noah Schultz,Dean Kremer,BAL,0.5059155821800232,0.4940844178199768,2026-07-01T16:35:00Z,,,,,False,0.0,0.0,143.0,-5.094280998320955,-0.035624342645601,BAL,6.0,1.0,Final,1.0
2026-07-01,824905,STL,ATL,Michael McGreevy,Reynaldo López,ATL,0.5349027514457703,0.4650972485542297,2026-07-01T23:15:00Z,,,,,False,0.0,0.0,143.0,-5.094280998320955,-0.035624342645601,ATL,5.0,1.0,Final,1.0
2026-07-01,824985,LAD,ATH,,J.T. Ginn,ATH,0.5061055421829224,0.4938944578170776,2026-07-02T01:40:00Z,,,,,False,0.0,0.0,143.0,-5.094280998320955,-0.035624342645601,ATH,7.0,1.0,Final,1.0
2026-07-01,825064,SF,AZ,Trevor McDonald,Zac Gallen,AZ,0.5053465962409973,0.4946534037590027,2026-07-02T01:40:00Z,,,,,False,0.0,0.0,143.0,-5.094280998320955,-0.035624342645601,SF,4.0,6.0,Final,0.0
2026-07-02,822884,DET,TEX,Framber Valdez,Nathan Eovaldi,TEX,0.5037292242050171,0.4962707757949829,2026-07-03T00:05:00Z,,,,,False,0.0,0.0,143.0,-5.094280998320955,-0.035624342645601,TEX,10.0,4.0,Final,1.0
2026-07-02,823119,LAA,SEA,Walbert Ureña,Bryce Miller,SEA,0.5311099290847778,0.4688900709152221,2026-07-03T01:40:00Z,,,,,False,0.0,0.0,143.0,-5.094280998320955,-0.035624342645601,SEA,1.0,0.0,Final,1.0
2026-07-02,823442,PIT,PHI,Jared Jones,Alan Rangel,PHI,0.5205703377723694,0.4794296622276306,2026-07-02T16:35:00Z,,,,,False,0.0,0.0,143.0,-5.094280998320955,-0.035624342645601,PIT,1.0,6.0,Final,0.0
2026-07-02,823765,CIN,MIL,Chase Burns,Jacob Misiorowski,CIN,0.4908875226974487,0.5091124773025513,2026-07-02T18:10:00Z,,,,,False,0.0,0.0,143.0,-5.094280998320955,-0.035624342645601,CIN,2.0,7.0,Final,1.0
2026-07-02,823935,SD,LAD,Randy Vásquez,Roki Sasaki,LAD,0.5323184132575989,0.4676815867424011,2026-07-03T02:10:00Z,,,,,False,0.0,0.0,143.0,-5.094280998320955,-0.035624342645601,LAD,12.0,7.0,Final,1.0
2026-07-02,824093,TB,KC,Ian Seymour,Stephen Kolek,KC,0.5274581909179688,0.4725418090820312,2026-07-02T23:40:00Z,,,,,False,0.0,0.0,143.0,-5.094280998320955,-0.035624342645601,TB,2.0,5.0,Final,0.0
2026-07-02,824335,MIA,COL,Ryan Gusto,Michael Lorenzen,MIA,0.481835126876831,0.518164873123169,2026-07-02T19:10:00Z,,,,,False,0.0,0.0,143.0,-5.094280998320955,-0.035624342645601,COL,14.0,4.0,Final,0.0
2026-07-02,824416,CWS,CLE,Davis Martin,Slade Cecconi,CLE,0.5192183256149292,0.4807816743850708,2026-07-02T22:40:00Z,,,,,False,0.0,0.0,143.0,-5.094280998320955,-0.035624342645601,CLE,6.0,5.0,Final,1.0
2026-07-02,824906,STL,ATL,Dustin May,Hurston Waldrep,ATL,0.5349027514457703,0.4650972485542297,2026-07-02T23:15:00Z,,,,,False,0.0,0.0,143.0,-5.094280998320955,-0.035624342645601,STL,5.0,11.0,Final,0.0
2026-07-03,822714,PIT,WSH,Mitch Keller,Foster Griffin,PIT,0.4973338842391968,0.5026661157608032,2026-07-03T22:45:00Z,,,,,False,0.0,0.0,143.0,-5.094280998320955,-0.035624342645601,WSH,9.0,5.0,Final,0.0
2026-07-03,823120,TOR,SEA,Dylan Cease,Luis Castillo,SEA,0.5116108059883118,0.4883891940116882,2026-07-04T02:10:00Z,,,,,False,0.0,0.0,143.0,-5.094280998320955,-0.035624342645601,TOR,0.0,2.0,Final,0.0
2026-07-03,823527,MIN,NYY,Mike Paredes,Gerrit Cole,NYY,0.5349740386009216,0.4650259613990783,2026-07-03T23:05:00Z,,,,,False,0.0,0.0,143.0,-5.094280998320955,-0.035624342645601,NYY,5.0,2.0,Final,1.0
2026-07-03,823933,SD,LAD,Michael King,Shohei Ohtani,LAD,0.5323184132575989,0.4676815867424011,2026-07-04T02:10:00Z,,,,,False,0.0,0.0,143.0,-5.094280998320955,-0.035624342645601,LAD,4.0,3.0,Final,1.0
2026-07-03,824013,BOS,LAA,Jake Bennett,Reid Detmers,BOS,0.4859371185302734,0.5140628814697266,2026-07-04T01:38:00Z,,,,,False,0.0,0.0,143.0,-5.094280998320955,-0.035624342645601,BOS,2.0,5.0,Final,1.0
2026-07-03,824173,TB,HOU,Nick Martinez,Spencer Arrighetti,HOU,0.5026653409004211,0.4973346590995788,2026-07-04T00:15:00Z,,,,,False,0.0,0.0,143.0,-5.094280998320955,-0.035624342645601,TB,1.0,3.0,Final,0.0
2026-07-03,824336,SF,COL,Logan Webb,Ryan Feltner,COL,0.5046666860580444,0.4953333139419555,2026-07-04T00:10:00Z,,,,,False,0.0,0.0,143.0,-5.094280998320955,-0.035624342645601,COL,15.0,3.0,Final,1.0
2026-07-03,824417,CWS,CLE,Anthony Kay,Gavin Williams,CLE,0.5192183256149292,0.4807816743850708,2026-07-03T23:10:00Z,,,,,False,0.0,0.0,143.0,-5.094280998320955,-0.035624342645601,CLE,4.0,3.0,Final,1.0
2026-07-03,824498,BAL,CIN,Trevor Rogers,Brady Singer,CIN,0.5345978140830994,0.4654021859169006,2026-07-03T23:10:00Z,,,,,False,0.0,0.0,143.0,-5.094280998320955,-0.035624342645601,BAL,0.0,3.0,Final,0.0
2026-07-03,824659,STL,CHC,Andre Pallante,David Peterson,CHC,0.5232184529304504,0.4767815470695495,2026-07-03T20:05:00Z,,,,,False,0.0,0.0,143.0,-5.094280998320955,-0.035624342645601,STL,1.0,17.0,Final,0.0
2026-07-03,824904,NYM,ATL,Christian Scott,Grant Holmes,ATL,0.5059688687324524,0.4940311312675476,2026-07-03T23:15:00Z,,,,,False,0.0,0.0,143.0,-5.094280998320955,-0.035624342645601,ATL,5.0,3.0,Final,1.0
2026-07-03,824982,MIA,ATH,Tyler Phillips,Jack Perkins,ATH,0.5196236371994019,0.4803763628005981,2026-07-04T01:40:00Z,,,,,False,0.0,0.0,143.0,-5.094280998320955,-0.035624342645601,MIA,5.0,12.0,Final,0.0
2026-07-03,825062,MIL,AZ,Kyle Harrison,Jose Cabrera,AZ,0.5086192488670349,0.4913807511329651,2026-07-04T01:45:00Z,,,,,False,0.0,0.0,143.0,-5.094280998320955,-0.035624342645601,MIL,4.0,7.0,Final,0.0
2026-07-04,822716,PIT,WSH,Braxton Ashcraft,Carson Palmquist,PIT,0.4973338842391968,0.5026661157608032,2026-07-04T15:05:00Z,,,,,False,0.0,0.0,143.0,-5.094280998320955,-0.035624342645601,PIT,1.0,7.0,Final,1.0
2026-07-04,822882,DET,TEX,Jack Flaherty,Cal Quantrill,TEX,0.5037292242050171,0.4962707757949829,2026-07-04T20:05:00Z,,,,,False,0.0,0.0,143.0,-5.094280998320955,-0.035624342645601,DET,0.0,3.0,Final,0.0
2026-07-04,823118,TOR,SEA,Shane Bieber,Logan Gilbert,SEA,0.5116108059883118,0.4883891940116882,2026-07-04T20:10:00Z,,,,,False,0.0,0.0,143.0,-5.094280998320955,-0.035624342645601,SEA,11.0,0.0,Final,1.0
2026-07-04,823526,MIN,NYY,Zebby Matthews,Brendan Beck,NYY,0.5349740386009216,0.4650259613990783,2026-07-04T17:35:00Z,,,,,False,0.0,0.0,143.0,-5.094280998320955,-0.035624342645601,MIN,4.0,11.0,Final,0.0
2026-07-04,823932,SD,LAD,Wandy Peralta,Yoshinobu Yamamoto,LAD,0.5323184132575989,0.4676815867424011,2026-07-05T02:10:00Z,,,,,False,0.0,0.0,143.0,-5.094280998320955,-0.035624342645601,LAD,3.0,0.0,Final,1.0
2026-07-04,824012,BOS,LAA,Sonny Gray,Sam Aldegheri,BOS,0.4859371185302734,0.5140628814697266,2026-07-05T01:38:00Z,,,,,False,0.0,0.0,143.0,-5.094280998320955,-0.035624342645601,BOS,1.0,8.0,Final,1.0
2026-07-04,824092,PHI,KC,Jesús Luzardo,Michael Wacha,PHI,0.4986567795276642,0.5013432502746582,2026-07-05T00:10:00Z,,,,,False,0.0,0.0,143.0,-5.094280998320955,-0.035624342645601,PHI,1.0,6.0,Final,1.0
2026-07-04,824171,TB,HOU,Drew Rasmussen,Hunter Brown,HOU,0.5026653409004211,0.4973346590995788,2026-07-04T23:10:00Z,,,,,False,0.0,0.0,143.0,-5.094280998320955,-0.035624342645601,HOU,10.0,8.0,Final,1.0
2026-07-04,824334,SF,COL,Robbie Ray,Sean Sullivan,COL,0.5046666860580444,0.4953333139419555,2026-07-05T00:10:00Z,,,,,False,0.0,0.0,143.0,-5.094280998320955,-0.035624342645601,SF,4.0,6.0,Final,0.0
2026-07-04,824415,CWS,CLE,Sean Burke,Parker Messick,CLE,0.5192183256149292,0.4807816743850708,2026-07-04T23:10:00Z,,,,,False,0.0,0.0,143.0,-5.094280998320955,-0.035624342645601,CWS,1.0,3.0,Final,0.0
2026-07-04,824499,BAL,CIN,Brandon Young,Hunter Greene,CIN,0.5345978140830994,0.4654021859169006,2026-07-04T23:10:00Z,,,,,False,0.0,0.0,143.0,-5.094280998320955,-0.035624342645601,BAL,5.0,8.0,Final,0.0
2026-07-04,824658,STL,CHC,Kyle Leahy,Shota Imanaga,CHC,0.5232184529304504,0.4767815470695495,2026-07-05T00:08:00Z,,,,,False,0.0,0.0,143.0,-5.094280998320955,-0.035624342645601,STL,0.0,3.0,Final,0.0
2026-07-04,824903,NYM,ATL,Sean Manaea,Chris Sale,ATL,0.5059688687324524,0.4940311312675476,2026-07-05T00:08:00Z,,,,,False,0.0,0.0,143.0,-5.094280998320955,-0.035624342645601,ATL,14.0,3.0,Final,1.0
2026-07-04,824983,MIA,ATH,Sandy Alcantara,Aaron Civale,ATH,0.5196236371994019,0.4803763628005981,2026-07-05T01:40:00Z,,,,,False,0.0,0.0,143.0,-5.094280998320955,-0.035624342645601,MIA,2.0,7.0,Final,0.0
2026-07-04,825063,MIL,AZ,Brandon Woodruff,Merrill Kelly,AZ,0.5086192488670349,0.4913807511329651,2026-07-05T01:40:00Z,,,,,False,0.0,0.0,143.0,-5.094280998320955,-0.035624342645601,AZ,4.0,3.0,Final,1.0
2026-07-05,822715,PIT,WSH,Bubba Chandler,Cade Cavalli,PIT,0.4973338842391968,0.5026661157608032,2026-07-05T17:00:00Z,,,,,False,0.0,0.0,143.0,-5.094280998320955,-0.035624342645601,PIT,5.0,11.0,Final,1.0
2026-07-05,822879,DET,TEX,Casey Mize,Kumar Rocker,TEX,0.5037292242050171,0.4962707757949829,2026-07-05T19:30:00Z,,,,,False,0.0,0.0,143.0,-5.094280998320955,-0.035624342645601,DET,3.0,6.0,Final,0.0
2026-07-05,823117,TOR,SEA,Trey Yesavage,Emerson Hancock,SEA,0.5116108059883118,0.4883891940116882,2026-07-05T21:00:00Z,,,,,False,0.0,0.0,143.0,-5.094280998320955,-0.035624342645601,SEA,4.0,0.0,Final,1.0
2026-07-05,823525,MIN,NYY,Joe Ryan,Ryan Weathers,NYY,0.5349740386009216,0.4650259613990783,2026-07-05T17:35:00Z,,,,,False,0.0,0.0,143.0,-5.094280998320955,-0.035624342645601,MIN,1.0,6.0,Final,0.0
2026-07-05,823931,SD,LAD,JP Sears,Emmet Sheehan,LAD,0.5323184132575989,0.4676815867424011,2026-07-05T23:20:00Z,-225.0,188.0,-0.2310956252945794,-225.0,False,0.0,0.0,143.0,-5.094280998320955,-0.035624342645601,SD,2.0,5.0,Final,0.0
2026-07-05,824010,BOS,LAA,Ranger Suarez,Ryan Johnson,BOS,0.4859371185302734,0.5140628814697266,2026-07-06T01:30:00Z,135.0,-154.0,-0.1521300526408406,-154.0,False,0.0,0.0,143.0,-5.094280998320955,-0.035624342645601,BOS,5.0,7.0,Final,1.0
2026-07-05,824091,PHI,KC,Aaron Nola,Luinder Avila,PHI,0.4986567795276642,0.5013432502746582,2026-07-05T19:00:00Z,144.0,-172.0,-0.2071781158447265,-172.0,False,0.0,0.0,143.0,-5.094280998320955,-0.035624342645601,KC,5.0,2.0,Final,0.0
2026-07-05,824172,TB,HOU,Mason Englert,Peter Lambert,HOU,0.5026653409004211,0.4973346590995788,2026-07-05T19:30:00Z,,,,,False,0.0,0.0,143.0,-5.094280998320955,-0.035624342645601,HOU,2.0,0.0,Final,1.0
2026-07-05,824333,SF,COL,Tyler Mahle,Tanner Gordon,COL,0.5046666860580444,0.4953333139419555,2026-07-05T20:00:00Z,-1560.0,700.0,-0.4629828853484912,-1560.0,False,0.0,0.0,143.0,-5.094280998320955,-0.035624342645601,COL,7.0,6.0,Final,1.0
2026-07-05,824413,CWS,CLE,Chris Murphy,Tanner Bibee,CLE,0.5192183256149292,0.4807816743850708,2026-07-05T18:00:00Z,,,,,False,0.0,0.0,143.0,-5.094280998320955,-0.035624342645601,CWS,6.0,7.0,Final,0.0
2026-07-05,824497,BAL,CIN,Kyle Bradish,Nick Lodolo,CIN,0.5345978140830994,0.4654021859169006,2026-07-05T17:05:00Z,,,,,False,0.0,0.0,143.0,-5.094280998320955,-0.035624342645601,CIN,3.0,2.0,Final,1.0
2026-07-05,824656,STL,CHC,Matthew Liberatore,Javier Assad,CHC,0.5232184529304504,0.4767815470695495,2026-07-05T18:30:00Z,,,,,False,0.0,0.0,143.0,-5.094280998320955,-0.035624342645601,CHC,6.0,4.0,Final,1.0
2026-07-05,824902,NYM,ATL,Nolan McLean,Martín Pérez,ATL,0.5059688687324524,0.4940311312675476,2026-07-05T16:30:00Z,-126.0,108.0,-0.0924685370354426,-126.0,False,0.0,0.0,143.0,-5.094280998320955,-0.035624342645601,NYM,9.0,10.0,Final,0.0
2026-07-05,824980,MIA,ATH,Eury Pérez,Gage Jump,ATH,0.5196236371994019,0.4803763628005981,2026-07-05T20:30:00Z,,,,,False,0.0,0.0,143.0,-5.094280998320955,-0.035624342645601,MIA,8.0,9.0,Final,0.0
2026-07-05,825061,MIL,AZ,Brandon Sproat,Eduardo Rodriguez,AZ,0.5086192488670349,0.4913807511329651,2026-07-05T20:00:00Z,1080.0,-3500.0,5.001707136631012,1080.0,True,1.0,-1.0,144.0,-6.094280998320955,-0.0423213958216733,MIL,2.0,3.0,Final,0.0
2026-07-06,822712,HOU,WSH,Mike Burrows,Miles Mikolas,HOU,0.4887001812458038,0.5112998485565186,2026-07-06T22:45:00Z,-118.0,101.0,0.0277126955986022,101.0,True,1.0,-1.0,145.0,-7.094280998320955,-0.0489260758504893,WSH,12.0,11.0,Final,0.0
2026-07-06,822958,NYY,TB,Cam Schlittler,Griffin Jax,TB,0.5058238506317139,0.4941761493682861,2026-07-06T22:40:00Z,-118.0,100.0,-0.0655118691719184,-118.0,False,0.0,0.0,145.0,-7.094280998320955,-0.0489260758504893,NYY,1.0,5.0,Final,0.0
2026-07-06,823036,MIL,STL,Shane Drohan,Dustin May,STL,0.5068060159683228,0.4931939840316772,2026-07-06T23:45:00Z,160.0,-190.0,0.3176956415176392,160.0,True,1.0,-1.0,146.0,-8.094280998320954,-0.0554402808104174,MIL,3.0,4.0,Final,0.0
2026-07-06,823205,TOR,SF,Kevin Gausman,Landen Roupp,SF,0.5139784812927246,0.4860215187072754,2026-07-07T01:45:00Z,-104.0,400.0,0.008188559458806,-104.0,False,0.0,0.0,146.0,-8.094280998320954,-0.0554402808104174,SF,10.0,1.0,Final,1.0
2026-07-06,823282,AZ,SD,Brandon Pfaadt,Walker Buehler,AZ,0.4825790524482727,0.5174209475517273,2026-07-07T01:40:00Z,2200.0,110.0,0.0865839898586273,110.0,True,1.0,1.1,147.0,-6.994280998320955,-0.0475801428457207,AZ,0.0,8.0,Final,1.0
2026-07-06,823930,COL,LAD,Kyle Freeland,Eric Lauer,LAD,0.5389992594718933,0.4610007405281067,2026-07-07T02:10:00Z,-180.0,218.0,-0.1615567074881659,-180.0,False,0.0,0.0,147.0,-6.994280998320955,-0.0475801428457207,LAD,8.0,7.0,Final,1.0
2026-07-06,824089,PHI,KC,Cristopher Sánchez,Noah Cameron,PHI,0.4986567795276642,0.5013432502746582,2026-07-06T18:10:00Z,,,,,False,0.0,0.0,147.0,-6.994280998320955,-0.0475801428457207,KC,15.0,1.0,Final,0.0
2026-07-06,824900,NYM,ATL,Freddy Peralta,Reynaldo López,ATL,0.5059688687324524,0.4940311312675476,2026-07-06T23:15:00Z,400.0,-516.0,1.529844343662262,400.0,True,1.0,-1.0,148.0,-7.994280998320955,-0.0540154121508172,NYM,6.0,7.0,Final,0.0
2026-07-07,822713,HOU,WSH,Tatsuya Imai,Andrew Alvarez,HOU,0.4887001812458038,0.5112998485565186,2026-07-07T22:45:00Z,-136.0,150.0,0.2782496213912964,150.0,True,1.0,1.5,149.0,-6.494280998320955,-0.0435857785122211,HOU,3.0,6.0,Final,1.0
2026-07-07,822881,LAA,TEX,José Soriano,Jacob deGrom,TEX,0.5304694175720215,0.4695305824279785,2026-07-08T00:05:00Z,-146.0,140.0,-0.1061953649128952,-146.0,False,0.0,0.0,149.0,-6.494280998320955,-0.0435857785122211,TEX,8.0,3.0,Final,1.0
2026-07-07,822956,NYY,TB,Will Warren,Ian Seymour,TB,0.5058238506317139,0.4941761493682861,2026-07-07T22:40:00Z,-120.0,124.0,-0.0726562738418578,-120.0,False,0.0,0.0,149.0,-6.494280998320955,-0.0435857785122211,TB,6.0,4.0,Final,1.0
2026-07-07,823035,MIL,STL,Robert Gasser,Hunter Dobbins,STL,0.5068060159683228,0.4931939840316772,2026-07-07T23:45:00Z,120.0,-108.0,0.1149732351303101,120.0,True,1.0,-1.0,150.0,-7.494280998320955,-0.0499618733221397,MIL,2.0,10.0,Final,0.0
2026-07-07,823062,MIL,STL,Jacob Misiorowski,Matt Svanson,STL,0.5068060159683228,0.4931939840316772,2026-07-07T18:15:00Z,120.0,-108.0,0.1149732351303101,120.0,True,1.0,-1.0,152.0,-8.494280998320955,-0.0558834276205326,,,,Postponed,
2026-07-07,823062,MIL,STL,Jacob Misiorowski,Matt Svanson,STL,0.5068060159683228,0.4931939840316772,2026-07-07T18:15:00Z,120.0,-108.0,0.1149732351303101,120.0,True,1.0,-1.0,152.0,-8.494280998320955,-0.0558834276205326,MIL,3.0,4.0,Final,0.0
2026-07-07,823203,TOR,SF,Spencer Miles,Trevor McDonald,SF,0.5139784812927246,0.4860215187072754,2026-07-08T01:45:00Z,-102.0,-108.0,0.0178789531483369,-102.0,False,0.0,0.0,152.0,-8.494280998320955,-0.0558834276205326,TOR,3.0,9.0,Final,0.0
2026-07-07,823280,AZ,SD,Zac Gallen,Germán Márquez,AZ,0.4825790524482727,0.5174209475517273,2026-07-08T01:40:00Z,-120.0,129.0,0.1848939698934555,129.0,True,1.0,-1.0,153.0,-9.494280998320956,-0.0620541241720323,SD,4.0,1.0,Final,0.0
2026-07-07,823361,ATL,PIT,Hurston Waldrep,Paul Skenes,PIT,0.5087493062019348,0.4912506937980652,2026-07-07T22:40:00Z,-118.0,439.0,-0.060107213965917,-118.0,False,0.0,0.0,153.0,-9.494280998320956,-0.0620541241720323,PIT,12.0,4.0,Final,1.0
2026-07-07,823607,KC,NYM,Seth Lugo,Cionel Pérez,NYM,0.5073574781417847,0.4926425218582153,2026-07-07T23:10:00Z,-142.0,120.0,-0.1353485231668177,-142.0,False,0.0,0.0,153.0,-9.494280998320956,-0.0620541241720323,KC,12.0,16.0,Final,0.0
2026-07-07,823687,CLE,MIN,Joey Cantillo,Taj Bradley,MIN,0.5042587518692017,0.4957412481307983,2026-07-07T23:40:00Z,-110.0,113.0,-0.0373242009769785,-110.0,False,0.0,0.0,153.0,-9.494280998320956,-0.0620541241720323,MIN,3.0,1.0,Final,1.0
2026-07-07,823847,SEA,MIA,Bryan Woo,Max Meyer,MIA,0.5002860426902771,0.4997139573097229,2026-07-07T22:40:00Z,118.0,207.0,0.0906235730648039,118.0,True,1.0,1.18,154.0,-8.314280998320955,-0.0539888376514347,MIA,6.0,5.0,Final,1.0
2026-07-07,823929,COL,LAD,Michael Lorenzen,Justin Wrobleski,LAD,0.5389992594718933,0.4610007405281067,2026-07-08T02:10:00Z,-215.0,244.0,-0.2103034105411796,-215.0,False,0.0,0.0,154.0,-8.314280998320955,-0.0539888376514347,COL,3.0,4.0,Final,0.0
2026-07-07,824254,ATH,DET,J.T. Ginn,Tarik Skubal,DET,0.5103618502616882,0.4896381497383117,2026-07-07T22:40:00Z,-148.0,500.0,-0.1447990617236575,-148.0,False,0.0,0.0,154.0,-8.314280998320955,-0.0539888376514347,DET,6.0,2.0,Final,1.0
2026-07-07,824495,PHI,CIN,Zack Wheeler,Andrew Abbott,PHI,0.4930709302425384,0.5069290399551392,2026-07-07T23:10:00Z,139.0,-164.0,-0.1839678869014832,-164.0,False,0.0,0.0,154.0,-8.314280998320955,-0.0539888376514347,PHI,1.0,4.0,Final,1.0
2026-07-07,824579,BOS,CWS,Payton Tolle,Noah Schultz,BOS,0.4881828427314758,0.5118171572685242,2026-07-07T23:40:00Z,106.0,109.0,0.0696978586912154,109.0,True,1.0,1.09,155.0,-7.224280998320955,-0.0466082645052964,BOS,1.0,8.0,Final,1.0
2026-07-07,824820,CHC,BAL,Matthew Boyd,Shane Baz,CHC,0.4823291599750519,0.5176708698272705,2026-07-07T22:35:00Z,-104.0,-102.0,0.0251913304422416,-102.0,True,1.0,0.9803921568627452,156.0,-6.24388884145821,-0.0400249284708859,CHC,2.0,5.0,Final,1.0
2026-07-08,822710,HOU,WSH,Spencer Arrighetti,Foster Griffin,HOU,0.4887001812458038,0.5112998485565186,2026-07-08T22:45:00Z,-178.0,142.0,0.2373456335067748,142.0,True,1.0,-1.0,157.0,-7.24388884145821,-0.0461394193723452,WSH,8.0,2.0,Final,0.0
2026-07-08,822880,LAA,TEX,Walbert Ureña,MacKenzie Gore,TEX,0.5304694175720215,0.4695305824279785,2026-07-09T00:05:00Z,-136.0,120.0,-0.0794795400956097,-136.0,False,0.0,0.0,157.0,-7.24388884145821,-0.0461394193723452,LAA,1.0,13.0,Final,0.0
2026-07-08,822957,NYY,TB,Gerrit Cole,Shane McClanahan,TB,0.5058238506317139,0.4941761493682861,2026-07-08T22:40:00Z,-128.0,114.0,-0.0990012660622596,-128.0,False,0.0,0.0,157.0,-7.24388884145821,-0.0461394193723452,TB,3.0,0.0,Final,1.0
2026-07-08,823032,MIL,STL,Kyle Harrison,Michael McGreevy,STL,0.5068060159683228,0.4931939840316772,2026-07-08T23:45:00Z,128.0,-126.0,0.155517716407776,128.0,True,1.0,1.28,158.0,-5.96388884145821,-0.0377461319079633,STL,5.0,1.0,Final,1.0
2026-07-08,823202,TOR,SF,Dylan Cease,Logan Webb,SF,0.5139784812927246,0.4860215187072754,2026-07-08T19:45:00Z,,,,,False,0.0,0.0,158.0,-5.96388884145821,-0.0377461319079633,TOR,0.0,10.0,Final,0.0
2026-07-08,823279,AZ,SD,Jose Cabrera,Michael King,AZ,0.4825790524482727,0.5174209475517273,2026-07-09T02:10:00Z,-126.0,120.0,0.1383260846138001,120.0,True,1.0,-1.0,159.0,-6.96388884145821,-0.043798043028039,SD,10.0,4.0,Final,0.0
2026-07-08,823360,ATL,PIT,Grant Holmes,Jared Jones,PIT,0.5087493062019348,0.4912506937980652,2026-07-08T22:40:00Z,-102.0,126.0,0.0075231358116748,-102.0,False,0.0,0.0,159.0,-6.96388884145821,-0.043798043028039,ATL,0.0,3.0,Final,0.0
2026-07-08,823605,KC,NYM,Steven Cruz,Christian Scott,NYM,0.5073574781417847,0.4926425218582153,2026-07-08T23:10:00Z,-149.0,182.0,-0.1521341472664135,-149.0,False,0.0,0.0,159.0,-6.96388884145821,-0.043798043028039,NYM,6.0,2.0,Final,1.0
2026-07-08,823684,CLE,MIN,Slade Cecconi,Connor Prielipp,MIN,0.5042587518692017,0.4957412481307983,2026-07-08T23:40:00Z,114.0,108.0,0.0791137290000913,114.0,True,1.0,1.14,160.0,-5.82388884145821,-0.0363993052591138,MIN,6.0,5.0,Final,1.0
2026-07-08,823848,SEA,MIA,George Kirby,Tyler Phillips,MIA,0.5002860426902771,0.4997139573097229,2026-07-08T22:40:00Z,123.0,134.0,0.1156378751993179,123.0,True,1.0,1.23,161.0,-4.5938888414582095,-0.0285334710649578,MIA,2.0,0.0,Final,1.0
2026-07-08,823928,COL,LAD,Gabriel Hughes,Roki Sasaki,LAD,0.5389992594718933,0.4610007405281067,2026-07-09T02:10:00Z,-255.0,217.0,-0.2496284819116779,-255.0,False,0.0,0.0,161.0,-4.5938888414582095,-0.0285334710649578,LAD,4.0,3.0,Final,1.0
2026-07-08,824253,ATH,DET,Jeffrey Springs,Troy Melton,DET,0.5103618502616882,0.4896381497383117,2026-07-08T22:40:00Z,-138.0,235.0,-0.1198107220124506,-138.0,False,0.0,0.0,161.0,-4.5938888414582095,-0.0285334710649578,DET,6.0,1.0,Final,1.0
2026-07-08,824496,PHI,CIN,Alan Rangel,Chase Burns,PHI,0.4930709302425384,0.5069290399551392,2026-07-08T23:10:00Z,139.0,127.0,0.1507289206981659,127.0,True,1.0,-1.0,162.0,-5.5938888414582095,-0.0345301780336926,CIN,11.0,5.0,Final,0.0
2026-07-08,824578,BOS,CWS,Jake Bennett,Davis Martin,BOS,0.4881828427314758,0.5118171572685242,2026-07-08T23:40:00Z,-108.0,-102.0,0.0135986840023714,-102.0,False,0.0,0.0,162.0,-5.5938888414582095,-0.0345301780336926,BOS,0.0,5.0,Final,1.0
2026-07-08,824815,CHC,BAL,Colin Rea,Dean Kremer,CHC,0.4823291599750519,0.5176708698272705,2026-07-08T22:35:00Z,-106.0,109.0,0.0819321179389952,109.0,True,1.0,1.09,163.0,-4.50388884145821,-0.0276312198862466,CHC,7.0,9.0,Final,1.0
2026-07-09,822877,LAA,TEX,Reid Detmers,Nathan Eovaldi,TEX,0.5304694175720215,0.4695305824279785,2026-07-10T00:05:00Z,-134.0,118.0,-0.0736578827473655,-134.0,False,0.0,0.0,163.0,-4.50388884145821,-0.0276312198862466,TEX,7.0,6.0,Final,1.0
2026-07-09,822954,NYY,TB,Paul Blackburn,Drew Rasmussen,TB,0.5058238506317139,0.4941761493682861,2026-07-09T17:10:00Z,,,,,False,0.0,0.0,163.0,-4.50388884145821,-0.0276312198862466,NYY,4.0,12.0,Final,0.0
2026-07-09,823034,MIL,STL,Logan Henderson,Andre Pallante,STL,0.5068060159683228,0.4931939840316772,2026-07-09T23:45:00Z,110.0,-130.0,0.0642926335334778,110.0,True,1.0,-1.0,164.0,-5.50388884145821,-0.0335602978137695,MIL,4.0,8.0,Final,0.0
2026-07-09,823201,COL,SF,Ryan Feltner,Carson Whisenhunt,SF,0.5413957834243774,0.4586042165756225,2026-07-10T01:45:00Z,-126.0,109.0,-0.0289250233816723,-126.0,False,0.0,0.0,164.0,-5.50388884145821,-0.0335602978137695,SF,8.0,2.0,Final,1.0
2026-07-09,823277,AZ,SD,Merrill Kelly,Griffin Canning,AZ,0.4825790524482727,0.5174209475517273,2026-07-10T01:40:00Z,-130.0,110.0,0.0865839898586273,110.0,True,1.0,1.1,165.0,-4.40388884145821,-0.026690235402777,AZ,1.0,3.0,Final,1.0
2026-07-09,823359,ATL,PIT,Bryce Elder,Mitch Keller,PIT,0.5087493062019348,0.4912506937980652,2026-07-09T16:35:00Z,,,,,False,0.0,0.0,165.0,-4.40388884145821,-0.026690235402777,ATL,5.0,10.0,Final,0.0
2026-07-09,823606,KC,NYM,Michael Wacha,Sean Manaea,NYM,0.5073574781417847,0.4926425218582153,2026-07-09T17:10:00Z,,,,,False,0.0,0.0,165.0,-4.40388884145821,-0.026690235402777,NYM,7.0,3.0,Final,1.0
2026-07-09,823683,CLE,MIN,Gavin Williams,Bailey Ober,MIN,0.5042587518692017,0.4957412481307983,2026-07-09T17:40:00Z,,,,,False,0.0,0.0,165.0,-4.40388884145821,-0.026690235402777,CLE,2.0,5.0,Final,0.0
2026-07-09,823846,SEA,MIA,Bryce Miller,Janson Junk,MIA,0.5002860426902771,0.4997139573097229,2026-07-09T22:40:00Z,-160.0,124.0,-0.1870351806282997,-160.0,False,0.0,0.0,165.0,-4.40388884145821,-0.026690235402777,MIA,8.0,4.0,Final,1.0
2026-07-09,824251,ATH,DET,José Suarez,Framber Valdez,DET,0.5103618502616882,0.4896381497383117,2026-07-09T22:40:00Z,-142.0,112.0,-0.1302283960328975,-142.0,False,0.0,0.0,165.0,-4.40388884145821,-0.026690235402777,DET,4.0,1.0,Final,1.0
2026-07-09,824494,PHI,CIN,Jesús Luzardo,Brady Singer,PHI,0.4930709302425384,0.5069290399551392,2026-07-09T23:10:00Z,141.0,-180.0,-0.2114437156253391,-180.0,False,0.0,0.0,165.0,-4.40388884145821,-0.026690235402777,PHI,0.0,1.0,Final,1.0
2026-07-09,824577,BOS,CWS,Patrick Sandoval,Anthony Kay,BOS,0.4881828427314758,0.5118171572685242,2026-07-09T18:10:00Z,,,,,False,0.0,0.0,165.0,-4.40388884145821,-0.026690235402777,BOS,1.0,2.0,Final,1.0
2026-07-09,824816,CHC,BAL,David Peterson,Trevor Rogers,CHC,0.4823291599750519,0.5176708698272705,2026-07-09T17:35:00Z,,,,,False,0.0,0.0,165.0,-4.40388884145821,-0.026690235402777,BAL,3.0,2.0,Final,0.0
2026-07-10,822709,NYY,WSH,Ryan Weathers,Carson Palmquist,NYY,0.4793405830860138,0.5206594467163086,2026-07-10T22:45:00Z,163.0,-158.0,-0.1498092578936226,-158.0,False,0.0,0.0,165.0,-4.40388884145821,-0.026690235402777,NYY,3.0,5.0,Final,1.0
2026-07-10,822878,HOU,TEX,Hunter Brown,Cal Quantrill,TEX,0.509182870388031,0.490817129611969,2026-07-11T00:05:00Z,120.0,104.0,0.1202023148536682,120.0,True,1.0,1.2,166.0,-3.20388884145821,-0.0193005351895072,TEX,7.0,3.0,Final,1.0
2026-07-10,822955,SEA,TB,Luis Castillo,Nick Martinez,TB,0.5225876569747925,0.4774123430252075,2026-07-10T23:10:00Z,-115.0,108.0,-0.0229882934819097,-115.0,False,0.0,0.0,166.0,-3.20388884145821,-0.0193005351895072,TB,7.0,2.0,Final,1.0
2026-07-10,823033,ATL,STL,Chris Sale,Kyle Leahy,ATL,0.49839648604393,0.5016034841537476,2026-07-11T00:15:00Z,138.0,-116.0,-0.0659797191619873,-116.0,False,0.0,0.0,166.0,-3.20388884145821,-0.0193005351895072,STL,2.0,1.0,Final,0.0
2026-07-10,823200,COL,SF,Tanner Gordon,Robbie Ray,SF,0.5413957834243774,0.4586042165756225,2026-07-11T02:15:00Z,-146.0,133.0,-0.0877851868328982,-146.0,False,0.0,0.0,166.0,-3.20388884145821,-0.0193005351895072,COL,3.0,4.0,Final,0.0
2026-07-10,823278,TOR,SD,Shane Bieber,JP Sears,SD,0.5074715614318848,0.4925284385681152,2026-07-11T01:40:00Z,-118.0,104.0,-0.0624677932868569,-118.0,False,0.0,0.0,166.0,-3.20388884145821,-0.0193005351895072,TOR,3.0,5.0,Final,0.0
2026-07-10,823604,BOS,NYM,Sonny Gray,Nolan McLean,NYM,0.5282992720603943,0.4717007279396057,2026-07-10T23:15:00Z,-142.0,124.0,-0.0996589870520041,-142.0,False,0.0,0.0,166.0,-3.20388884145821,-0.0193005351895072,BOS,2.0,6.0,Final,0.0
2026-07-10,823685,LAA,MIN,Grayson Rodriguez,Zebby Matthews,MIN,0.5079218745231628,0.4920781254768371,2026-07-11T00:10:00Z,-156.0,135.0,-0.1664871802696815,-156.0,False,0.0,0.0,166.0,-3.20388884145821,-0.0193005351895072,LAA,3.0,4.0,Final,0.0
2026-07-10,823845,CLE,MIA,Parker Messick,Sandy Alcantara,MIA,0.5034440755844116,0.4965559244155884,2026-07-10T23:10:00Z,-124.0,123.0,-0.0905526376539661,-124.0,False,0.0,0.0,166.0,-3.20388884145821,-0.0193005351895072,CLE,2.0,3.0,Final,0.0
2026-07-10,823927,AZ,LAD,Eduardo Rodriguez,Kyle Hurt,LAD,0.5204529166221619,0.4795470833778381,2026-07-11T02:10:00Z,-205.0,235.0,-0.2256676118548323,-205.0,False,0.0,0.0,166.0,-3.20388884145821,-0.0193005351895072,AZ,3.0,9.0,Final,0.0
2026-07-10,824252,PHI,DET,Aaron Nola,Jack Flaherty,PHI,0.4873579740524292,0.5126420259475708,2026-07-10T22:40:00Z,124.0,116.0,0.1073067760467529,116.0,True,1.0,-1.0,167.0,-4.20388884145821,-0.0251729870746,DET,10.0,2.0,Final,0.0
2026-07-10,824493,CHC,CIN,Shota Imanaga,Hunter Greene,CIN,0.5159803032875061,0.4840196967124939,2026-07-10T23:10:00Z,102.0,-116.0,0.0422802126407623,102.0,True,1.0,1.02,168.0,-3.18388884145821,-0.0189517192943941,CIN,4.0,0.0,Final,1.0
2026-07-10,824575,ATH,CWS,Jacob Lopez,Sean Burke,ATH,0.4836503565311432,0.5163496732711792,2026-07-10T23:40:00Z,-102.0,150.0,0.290874183177948,150.0,True,1.0,-1.0,169.0,-4.183888841458209,-0.0247567387068533,CWS,14.0,1.0,Final,0.0
2026-07-10,824817,KC,BAL,Luinder Avila,Brandon Young,KC,0.4860755503177643,0.5139244794845581,2026-07-10T23:05:00Z,-149.0,134.0,0.2025832819938658,134.0,True,1.0,-1.0,170.0,-5.183888841458209,-0.0304934637732835,BAL,5.0,3.0,Final,0.0
2026-07-11,822711,NYY,WSH,Cam Schlittler,PJ Poulin,NYY,0.4793405830860138,0.5206594467163086,2026-07-11T20:05:00Z,1060.0,-3500.0,-0.4644645690917969,-3500.0,False,0.0,0.0,170.0,-5.183888841458209,-0.0304934637732835,NYY,2.0,4.0,Final,1.0
2026-07-11,822875,HOU,TEX,Peter Lambert,Kumar Rocker,TEX,0.509182870388031,0.490817129611969,2026-07-11T23:05:00Z,-118.0,102.0,-0.0593062225034681,-118.0,False,0.0,0.0,170.0,-5.183888841458209,-0.0304934637732835,HOU,3.0,9.0,Final,0.0
2026-07-11,822953,SEA,TB,Logan Gilbert,Griffin Jax,TB,0.5225876569747925,0.4774123430252075,2026-07-11T20:10:00Z,-130.0,110.0,-0.0754218376599825,-130.0,False,0.0,0.0,170.0,-5.183888841458209,-0.0304934637732835,TB,6.0,1.0,Final,1.0
2026-07-11,823030,ATL,STL,Reynaldo López,Matthew Liberatore,ATL,0.49839648604393,0.5016034841537476,2026-07-11T23:15:00Z,-112.0,113.0,0.0684154212474822,113.0,True,1.0,-1.0,171.0,-6.183888841458209,-0.0361630926401064,STL,4.0,1.0,Final,0.0
2026-07-11,823198,COL,SF,Kyle Freeland,Tyler Mahle,SF,0.5413957834243774,0.4586042165756225,2026-07-11T20:05:00Z,-144.0,129.0,-0.082634922530916,-144.0,False,0.0,0.0,171.0,-6.183888841458209,-0.0361630926401064,SF,4.0,2.0,Final,1.0
2026-07-11,823276,TOR,SD,Trey Yesavage,Walker Buehler,SD,0.5074715614318848,0.4925284385681152,2026-07-12T00:40:00Z,108.0,-104.0,0.0555408477783203,108.0,True,1.0,1.08,172.0,-5.103888841458209,-0.0296737723340593,SD,8.0,7.0,Final,1.0
2026-07-11,823356,MIL,PIT,Shane Drohan,Bubba Chandler,MIL,0.4919372200965881,0.5080627799034119,2026-07-11T20:05:00Z,116.0,630.0,2.7088582932949063,630.0,True,1.0,-1.0,173.0,-6.103888841458209,-0.035282594459296,PIT,3.0,2.0,Final,0.0
2026-07-11,823357,MIL,PIT,Brandon Sproat,Braxton Ashcraft,MIL,0.4919372200965881,0.5080627799034119,2026-07-11T16:05:00Z,116.0,630.0,2.7088582932949063,630.0,True,1.0,-1.0,175.0,-7.103888841458209,-0.0405936505226183,,,,Postponed,
2026-07-11,823357,MIL,PIT,Brandon Sproat,Braxton Ashcraft,MIL,0.4919372200965881,0.5080627799034119,2026-07-11T16:05:00Z,116.0,630.0,2.7088582932949063,630.0,True,1.0,-1.0,175.0,-7.103888841458209,-0.0405936505226183,PIT,7.0,6.0,Final,0.0
2026-07-11,823603,BOS,NYM,Eduardo Rivera,Freddy Peralta,NYM,0.5282992720603943,0.4717007279396057,2026-07-11T20:10:00Z,,,,,False,0.0,0.0,175.0,-7.103888841458209,-0.0405936505226183,BOS,0.0,4.0,Final,0.0
2026-07-11,823682,LAA,MIN,Ryan Johnson,Joe Ryan,MIN,0.5079218745231628,0.4920781254768371,2026-07-11T18:10:00Z,-132.0,113.0,-0.1072888265956532,-132.0,False,0.0,0.0,175.0,-7.103888841458209,-0.0405936505226183,MIN,5.0,3.0,Final,1.0
2026-07-11,823844,CLE,MIA,Tanner Bibee,Eury Pérez,MIA,0.5034440755844116,0.4965559244155884,2026-07-11T20:10:00Z,,,,,False,0.0,0.0,175.0,-7.103888841458209,-0.0405936505226183,CLE,1.0,4.0,Final,0.0
2026-07-11,823926,AZ,LAD,Brandon Pfaadt,Yoshinobu Yamamoto,LAD,0.5204529166221619,0.4795470833778381,2026-07-12T01:10:00Z,-205.0,226.0,-0.2256676118548323,-205.0,False,0.0,0.0,175.0,-7.103888841458209,-0.0405936505226183,AZ,2.0,9.0,Final,0.0
2026-07-11,824249,PHI,DET,Cristopher Sánchez,Casey Mize,PHI,0.4873579740524292,0.5126420259475708,2026-07-11T22:10:00Z,190.0,-104.0,0.0055670508971581,-104.0,False,0.0,0.0,175.0,-7.103888841458209,-0.0405936505226183,PHI,2.0,4.0,Final,1.0
2026-07-11,824492,CHC,CIN,Javier Assad,Nick Lodolo,CIN,0.5159803032875061,0.4840196967124939,2026-07-11T23:10:00Z,109.0,-102.0,0.0783988338708876,109.0,True,1.0,-1.0,176.0,-8.10388884145821,-0.0460448229628307,CHC,3.0,5.0,Final,0.0
2026-07-11,824576,ATH,CWS,Gage Jump,Bryan Hudson,ATH,0.4836503565311432,0.5163496732711792,2026-07-11T18:10:00Z,-118.0,100.0,0.0326993465423584,100.0,True,1.0,-1.0,177.0,-9.10388884145821,-0.0514344002342271,CWS,1.0,0.0,Final,0.0
2026-07-11,824813,KC,BAL,Noah Cameron,Kyle Bradish,KC,0.4860755503177643,0.5139244794845581,2026-07-11T23:05:00Z,-148.0,135.0,0.2077225267887116,135.0,True,1.0,-1.0,178.0,-10.10388884145821,-0.0567634204576303,BAL,6.0,1.0,Final,0.0
2026-07-12,822708,NYY,WSH,Will Warren,Cade Cavalli,NYY,0.4793405830860138,0.5206594467163086,2026-07-12T17:35:00Z,,,,,False,0.0,0.0,178.0,-10.10388884145821,-0.0567634204576303,NYY,3.0,5.0,Final,1.0
2026-07-12,822876,HOU,TEX,Cristian Javier,MacKenzie Gore,TEX,0.509182870388031,0.490817129611969,2026-07-12T18:35:00Z,,,,,False,0.0,0.0,178.0,-10.10388884145821,-0.0567634204576303,TEX,6.0,5.0,Final,1.0
2026-07-12,822951,SEA,TB,Emerson Hancock,Ian Seymour,TB,0.5225876569747925,0.4774123430252075,2026-07-12T17:40:00Z,,,,,False,0.0,0.0,178.0,-10.10388884145821,-0.0567634204576303,SEA,2.0,8.0,Final,0.0
2026-07-12,823029,ATL,STL,Danny Young,Dustin May,ATL,0.49839648604393,0.5016034841537476,2026-07-12T18:15:00Z,,,,,False,0.0,0.0,178.0,-10.10388884145821,-0.0567634204576303,ATL,3.0,4.0,Final,1.0
2026-07-12,823199,COL,SF,Michael Lorenzen,Trevor McDonald,SF,0.5413957834243774,0.4586042165756225,2026-07-12T20:05:00Z,,,,,False,0.0,0.0,178.0,-10.10388884145821,-0.0567634204576303,SF,3.0,1.0,Final,1.0
2026-07-12,823274,TOR,SD,Kevin Gausman,Germán Márquez,SD,0.5074715614318848,0.4925284385681152,2026-07-12T20:10:00Z,,,,,False,0.0,0.0,178.0,-10.10388884145821,-0.0567634204576303,SD,5.0,4.0,Final,1.0
2026-07-12,823358,MIL,PIT,Robert Gasser,Paul Skenes,MIL,0.4919372200965881,0.5080627799034119,2026-07-12T16:15:00Z,,,,,False,0.0,0.0,178.0,-10.10388884145821,-0.0567634204576303,PIT,14.0,5.0,Final,0.0
2026-07-12,823602,BOS,NYM,Payton Tolle,Zach Thornton,NYM,0.5282992720603943,0.4717007279396057,2026-07-12T17:40:00Z,,,,,False,0.0,0.0,178.0,-10.10388884145821,-0.0567634204576303,BOS,2.0,3.0,Final,0.0
2026-07-12,823681,LAA,MIN,José Soriano,Taj Bradley,MIN,0.5079218745231628,0.4920781254768371,2026-07-12T18:10:00Z,,,,,False,0.0,0.0,178.0,-10.10388884145821,-0.0567634204576303,MIN,4.0,2.0,Final,1.0
2026-07-12,823842,CLE,MIA,Joey Cantillo,Tyler Phillips,MIA,0.5034440755844116,0.4965559244155884,2026-07-12T17:40:00Z,,,,,False,0.0,0.0,178.0,-10.10388884145821,-0.0567634204576303,CLE,2.0,5.0,Final,0.0
2026-07-12,823925,AZ,LAD,Mitch Bratt,Emmet Sheehan,LAD,0.5204529166221619,0.4795470833778381,2026-07-12T20:10:00Z,600.0,-1100.0,2.643170416355133,600.0,True,1.0,-1.0,179.0,-11.10388884145821,-0.0620328985556324,AZ,3.0,5.0,Final,0.0
2026-07-12,824250,PHI,DET,Zack Wheeler,Tarik Skubal,PHI,0.4873579740524292,0.5126420259475708,2026-07-12T17:40:00Z,,,,,False,0.0,0.0,179.0,-11.10388884145821,-0.0620328985556324,PHI,0.0,5.0,Final,1.0
2026-07-12,824491,CHC,CIN,Matthew Boyd,Andrew Abbott,CIN,0.5159803032875061,0.4840196967124939,2026-07-12T17:40:00Z,,,,,False,0.0,0.0,179.0,-11.10388884145821,-0.0620328985556324,CHC,4.0,8.0,Final,0.0
2026-07-12,824574,ATH,CWS,J.T. Ginn,Noah Schultz,ATH,0.4836503565311432,0.5163496732711792,2026-07-12T18:10:00Z,,,,,False,0.0,0.0,179.0,-11.10388884145821,-0.0620328985556324,CWS,9.0,1.0,Final,0.0
2026-07-12,824814,KC,BAL,Seth Lugo,Shane Baz,KC,0.4860755503177643,0.5139244794845581,2026-07-12T17:35:00Z,,,,,False,0.0,0.0,179.0,-11.10388884145821,-0.0620328985556324,BAL,8.0,2.0,Final,0.0
2026-07-14,823443,AL,NL,Dylan Cease,Cristopher Sánchez,NL,0.5101157426834106,0.4898842573165893,2026-07-15T00:00:00Z,,,,,False,0.0,0.0,179.0,-11.10388884145821,-0.0620328985556324,AL,0.0,4.0,Final,0.0
2026-07-16,823440,NYM,PHI,Christian Scott,Aaron Nola,PHI,0.5291624665260315,0.4708375334739685,2026-07-16T22:10:00Z,104.0,-128.0,0.0794914317131042,104.0,True,1.0,-1.0,180.0,-12.10388884145821,-0.06724382689699,NYM,1.0,4.0,Final,0.0
2026-07-17,822789,CWS,TOR,Anthony Kay,Spencer Miles,TOR,0.5257824659347534,0.4742175340652466,2026-07-17T23:15:00Z,-102.0,113.0,0.0412554717531391,-102.0,True,1.0,-1.0,181.0,-13.10388884145821,-0.0723971759196586,CWS,4.0,12.0,Final,0.0
2026-07-17,823115,SF,SEA,Landen Roupp,Bryce Miller,SEA,0.5098667144775391,0.4901332855224609,2026-07-18T02:10:00Z,-135.0,155.0,-0.1124542377613209,-135.0,False,0.0,0.0,181.0,-13.10388884145821,-0.0723971759196586,SF,0.0,7.0,Final,0.0
2026-07-17,823524,LAD,NYY,Roki Sasaki,Gerrit Cole,NYY,0.5278976559638977,0.4721023440361023,2026-07-17T23:05:00Z,-104.0,-110.0,0.035491555929184,-104.0,True,1.0,-1.0,182.0,-14.10388884145821,-0.0774938947332868,LAD,1.0,2.0,Final,0.0
2026-07-17,823766,MIA,MIL,Sandy Alcantara,Logan Henderson,MIL,0.5313376784324646,0.4686623215675354,2026-07-17T23:40:00Z,-135.0,130.0,-0.0750788560620061,-135.0,False,0.0,0.0,182.0,-14.10388884145821,-0.0774938947332868,MIL,2.0,1.0,Final,1.0
2026-07-17,824009,DET,LAA,Troy Melton,Reid Detmers,DET,0.4871895015239715,0.512810468673706,2026-07-18T01:38:00Z,164.0,-106.0,-0.0034060703133637,-106.0,False,0.0,0.0,182.0,-14.10388884145821,-0.0774938947332868,DET,1.0,2.0,Final,1.0
2026-07-17,824090,SD,KC,Michael King,Seth Lugo,KC,0.5321646332740784,0.4678353667259216,2026-07-18T00:10:00Z,104.0,-120.0,0.0856158518791199,104.0,True,1.0,1.04,183.0,-13.063888841458208,-0.0713873707183508,KC,7.0,6.0,Final,1.0
2026-07-17,824170,BAL,HOU,Dean Kremer,Peter Lambert,HOU,0.5262425541877747,0.4737574458122253,2026-07-18T00:10:00Z,-112.0,100.0,-0.0038980224302836,-112.0,False,0.0,0.0,183.0,-13.063888841458208,-0.0713873707183508,BAL,2.0,3.0,Final,0.0
2026-07-17,824332,CIN,COL,Brady Singer,Gabriel Hughes,CIN,0.4922200441360473,0.5077799558639526,2026-07-18T00:40:00Z,-112.0,-102.0,0.0056034420050827,-102.0,False,0.0,0.0,183.0,-13.063888841458208,-0.0713873707183508,CIN,2.0,7.0,Final,1.0
2026-07-17,824655,MIN,CHC,Bailey Ober,Colin Rea,CHC,0.5273182988166809,0.4726817011833191,2026-07-18T00:05:00Z,-142.0,129.0,-0.1013307865236846,-142.0,False,0.0,0.0,183.0,-13.063888841458208,-0.0713873707183508,MIN,2.0,5.0,Final,0.0
2026-07-17,824737,TB,BOS,Mason Englert,Eduardo Rivera,BOS,0.5019946098327637,0.4980053901672363,2026-07-17T23:10:00Z,-120.0,109.0,-0.0796765486399331,-120.0,False,0.0,0.0,183.0,-13.063888841458208,-0.0713873707183508,BOS,5.0,3.0,Final,1.0
2026-07-17,824766,TB,BOS,Griffin Jax,Jake Bennett,BOS,0.5019946098327637,0.4980053901672363,2026-07-17T17:35:00Z,-120.0,109.0,-0.0796765486399331,-120.0,False,0.0,0.0,183.0,-13.063888841458208,-0.0713873707183508,,,,Postponed,
2026-07-17,824766,TB,BOS,Griffin Jax,Jake Bennett,BOS,0.5019946098327637,0.4980053901672363,2026-07-17T17:35:00Z,-120.0,109.0,-0.0796765486399331,-120.0,False,0.0,0.0,183.0,-13.063888841458208,-0.0713873707183508,BOS,10.0,0.0,Final,1.0
2026-07-17,824901,TEX,ATL,Cal Quantrill,Chris Sale,ATL,0.5079485177993774,0.4920514822006225,2026-07-17T23:15:00Z,-115.0,180.0,-0.0503571188968161,-115.0,False,0.0,0.0,183.0,-13.063888841458208,-0.0713873707183508,ATL,15.0,1.0,Final,1.0
2026-07-17,824981,WSH,ATH,Cade Cavalli,Gage Jump,ATH,0.5223995447158813,0.4776004552841186,2026-07-18T01:40:00Z,116.0,110.0,0.1283830165863038,116.0,True,1.0,-1.0,184.0,-14.063888841458208,-0.0764341784861859,WSH,4.0,23.0,Final,0.0
2026-07-17,825060,STL,AZ,Michael McGreevy,Merrill Kelly,AZ,0.5362969040870667,0.4637030959129333,2026-07-18T01:40:00Z,-112.0,100.0,0.0151334255933761,-112.0,False,0.0,0.0,184.0,-14.063888841458208,-0.0764341784861859,STL,4.0,5.0,Final,0.0
2026-07-18,822790,CWS,TOR,Davis Martin,Shane Bieber,TOR,0.5257824659347534,0.4742175340652466,2026-07-18T19:07:00Z,100.0,-114.0,0.0515649318695068,100.0,True,1.0,1.0,185.0,-13.063888841458208,-0.0706156153592335,TOR,1.0,0.0,Final,1.0
2026-07-18,823116,SF,SEA,Logan Webb,Bryan Woo,SEA,0.5098667144775391,0.4901332855224609,2026-07-19T00:08:00Z,-158.0,152.0,-0.1674328333214868,-158.0,False,0.0,0.0,185.0,-13.063888841458208,-0.0706156153592335,SEA,4.0,3.0,Final,1.0
2026-07-18,823441,NYM,PHI,Sean Manaea,Jesús Luzardo,PHI,0.5291624665260315,0.4708375334739685,2026-07-18T19:05:00Z,114.0,-130.0,0.1324076783657072,114.0,True,1.0,1.14,186.0,-11.923888841458208,-0.0641069292551516,PHI,6.0,1.0,Final,1.0
2026-07-18,823763,MIA,MIL,Max Meyer,Shane Drohan,MIL,0.5313376784324646,0.4686623215675354,2026-07-18T20:10:00Z,-130.0,110.0,-0.0599410304656395,-130.0,False,0.0,0.0,186.0,-11.923888841458208,-0.0641069292551516,MIL,8.0,6.0,Final,1.0
2026-07-18,824008,DET,LAA,Tarik Skubal,Grayson Rodriguez,DET,0.4871895015239715,0.512810468673706,2026-07-19T02:07:00Z,168.0,-142.0,-0.1260553984574868,-142.0,False,0.0,0.0,186.0,-11.923888841458208,-0.0641069292551516,DET,0.0,7.0,Final,1.0
2026-07-18,824088,SD,KC,Griffin Canning,Randy Dobnak,KC,0.5321646332740784,0.4678353667259216,2026-07-18T20:10:00Z,-129.0,114.0,-0.0553046432576437,-129.0,False,0.0,0.0,186.0,-11.923888841458208,-0.0641069292551516,KC,6.0,1.0,Final,1.0
2026-07-18,824169,BAL,HOU,Trevor Rogers,Spencer Arrighetti,HOU,0.5262425541877747,0.4737574458122253,2026-07-18T20:10:00Z,180.0,100.0,0.4734791517257689,180.0,True,1.0,-1.0,187.0,-12.923888841458208,-0.0691117050345358,BAL,2.0,4.0,Final,0.0
2026-07-18,824331,CIN,COL,Rhett Lowder,Tomoyuki Sugano,CIN,0.4922200441360473,0.5077799558639526,2026-07-18T19:10:00Z,120.0,-141.0,-0.1320924158637405,-141.0,False,0.0,0.0,187.0,-12.923888841458208,-0.0691117050345358,COL,10.0,3.0,Final,0.0
2026-07-18,824412,PIT,CLE,Mason Montgomery,Logan Allen,CLE,0.510554850101471,0.489445149898529,2026-07-18T23:10:00Z,109.0,-104.0,0.0670596367120741,109.0,True,1.0,1.09,188.0,-11.833888841458208,-0.0629462172417989,CLE,5.0,3.0,Final,1.0
2026-07-18,824414,PIT,CLE,Jared Jones,Gavin Williams,CLE,0.510554850101471,0.489445149898529,2026-07-18T17:10:00Z,109.0,-104.0,0.0670596367120741,109.0,True,1.0,-1.0,190.0,-12.833888841458208,-0.0675467833760958,,,,Postponed,
2026-07-18,824414,PIT,CLE,Jared Jones,Gavin Williams,CLE,0.510554850101471,0.489445149898529,2026-07-18T17:10:00Z,109.0,-104.0,0.0670596367120741,109.0,True,1.0,-1.0,190.0,-12.833888841458208,-0.0675467833760958,PIT,1.0,7.0,Final,0.0
2026-07-18,824657,MIN,CHC,Taj Bradley,Matthew Boyd,CHC,0.5273182988166809,0.4726817011833191,2026-07-18T18:20:00Z,-162.0,142.0,-0.1471765784569728,-162.0,False,0.0,0.0,190.0,-12.833888841458208,-0.0675467833760958,CHC,6.0,2.0,Final,1.0
2026-07-18,824738,TB,BOS,Ian Seymour,Patrick Sandoval,BOS,0.5019946098327637,0.4980053901672363,2026-07-18T20:10:00Z,240.0,110.0,0.7067816734313965,240.0,True,1.0,2.4,191.0,-10.433888841458208,-0.0546276902694147,BOS,7.0,6.0,Final,1.0
2026-07-18,824899,TEX,ATL,MacKenzie Gore,Owen Murphy,ATL,0.5079485177993774,0.4920514822006225,2026-07-18T20:10:00Z,390.0,-118.0,1.4889477372169495,390.0,True,1.0,-1.0,192.0,-11.433888841458208,-0.0595515043825948,TEX,6.0,7.0,Final,0.0
2026-07-18,824979,WSH,ATH,Zack Littell,J.T. Ginn,ATH,0.5223995447158813,0.4776004552841186,2026-07-19T02:05:00Z,118.0,-110.0,0.1388310074806211,118.0,True,1.0,1.18,193.0,-10.253888841458208,-0.0531289577277627,ATH,15.0,1.0,Final,1.0
2026-07-18,825059,STL,AZ,Dustin May,Brandon Pfaadt,AZ,0.5362969040870667,0.4637030959129333,2026-07-18T20:10:00Z,-116.0,3500.0,-0.0013781785964966,-116.0,False,0.0,0.0,193.0,-10.253888841458208,-0.0531289577277627,AZ,5.0,3.0,Final,1.0
2026-07-19,822786,CWS,TOR,Sean Burke,Trey Yesavage,TOR,0.5257824659347534,0.4742175340652466,2026-07-19T16:15:00Z,,,,,False,0.0,0.0,193.0,-10.253888841458208,-0.0531289577277627,CWS,0.0,3.0,Final,0.0
2026-07-19,823113,SF,SEA,Robbie Ray,Logan Gilbert,SEA,0.5098667144775391,0.4901332855224609,2026-07-19T20:10:00Z,,,,,False,0.0,0.0,193.0,-10.253888841458208,-0.0531289577277627,SEA,6.0,3.0,Final,1.0
2026-07-19,823439,NYM,PHI,Nolan McLean,Alan Rangel,PHI,0.5291624665260315,0.4708375334739685,2026-07-19T17:35:00Z,,,,,False,0.0,0.0,193.0,-10.253888841458208,-0.0531289577277627,NYM,1.0,6.0,Final,0.0
2026-07-19,823521,LAD,NYY,Will Klein,Ryan Yarbrough,NYY,0.5278976559638977,0.4721023440361023,2026-07-19T23:20:00Z,118.0,-136.0,0.1508168900012968,118.0,True,1.0,1.18,194.0,-9.073888841458208,-0.0467726228941144,NYY,2.0,1.0,Final,1.0
2026-07-19,823523,LAD,NYY,Yoshinobu Yamamoto,Cam Schlittler,NYY,0.5278976559638977,0.4721023440361023,2026-07-19T16:35:00Z,118.0,-136.0,0.1508168900012968,118.0,True,1.0,-1.0,196.0,-10.073888841458208,-0.0513973920482561,,,,Postponed,
2026-07-19,823523,LAD,NYY,Yoshinobu Yamamoto,Cam Schlittler,NYY,0.5278976559638977,0.4721023440361023,2026-07-19T16:35:00Z,118.0,-136.0,0.1508168900012968,118.0,True,1.0,-1.0,196.0,-10.073888841458208,-0.0513973920482561,LAD,2.0,8.0,Final,0.0
2026-07-19,823764,MIA,MIL,Eury Pérez,Robert Gasser,MIL,0.5313376784324646,0.4686623215675354,2026-07-19T18:10:00Z,,,,,False,0.0,0.0,196.0,-10.073888841458208,-0.0513973920482561,MIL,3.0,1.0,Final,1.0
2026-07-19,824007,DET,LAA,Casey Mize,Ryan Johnson,DET,0.4871895015239715,0.512810468673706,2026-07-19T20:07:00Z,-7000.0,1500.0,7.204967498779297,1500.0,True,1.0,-1.0,197.0,-11.073888841458208,-0.0562126337129858,LAA,3.0,2.0,Final,0.0
2026-07-19,824086,SD,KC,Germán Márquez,Noah Cameron,KC,0.5321646332740784,0.4678353667259216,2026-07-19T18:10:00Z,,,,,False,0.0,0.0,197.0,-11.073888841458208,-0.0562126337129858,SD,2.0,19.0,Final,0.0
2026-07-19,824168,BAL,HOU,Brandon Young,Hunter Brown,HOU,0.5262425541877747,0.4737574458122253,2026-07-19T18:10:00Z,,,,,False,0.0,0.0,197.0,-11.073888841458208,-0.0562126337129858,BAL,2.0,5.0,Final,0.0
2026-07-19,824330,CIN,COL,Hunter Greene,Ryan Feltner,CIN,0.4922200441360473,0.5077799558639526,2026-07-19T19:10:00Z,,,,,False,0.0,0.0,197.0,-11.073888841458208,-0.0562126337129858,CIN,6.0,9.0,Final,1.0
2026-07-19,824411,PIT,CLE,Paul Skenes,Joey Cantillo,CLE,0.510554850101471,0.489445149898529,2026-07-19T17:40:00Z,,,,,False,0.0,0.0,197.0,-11.073888841458208,-0.0562126337129858,PIT,1.0,7.0,Final,0.0
2026-07-19,824653,MIN,CHC,Zebby Matthews,Shota Imanaga,CHC,0.5273182988166809,0.4726817011833191,2026-07-19T18:20:00Z,,,,,False,0.0,0.0,197.0,-11.073888841458208,-0.0562126337129858,CHC,10.0,1.0,Final,1.0
2026-07-19,824739,TB,BOS,Shane McClanahan,Sonny Gray,BOS,0.5019946098327637,0.4980053901672363,2026-07-19T17:35:00Z,,,,,False,0.0,0.0,197.0,-11.073888841458208,-0.0562126337129858,BOS,6.0,1.0,Final,1.0
2026-07-19,824897,TEX,ATL,Nathan Eovaldi,Grant Holmes,ATL,0.5079485177993774,0.4920514822006225,2026-07-19T17:35:00Z,,,,,False,0.0,0.0,197.0,-11.073888841458208,-0.0562126337129858,ATL,8.0,5.0,Final,1.0
2026-07-19,824978,WSH,ATH,Foster Griffin,Jacob Lopez,ATH,0.5223995447158813,0.4776004552841186,2026-07-19T20:05:00Z,1800.0,-10000.0,8.925591349601746,1800.0,True,1.0,-1.0,198.0,-12.073888841458208,-0.0609792365730212,WSH,2.0,5.0,Final,0.0
2026-07-19,825057,STL,AZ,Andre Pallante,Eduardo Rodriguez,AZ,0.5362969040870667,0.4637030959129333,2026-07-19T20:10:00Z,520.0,-820.0,2.325040805339813,520.0,True,1.0,5.2,199.0,-6.873888841458208,-0.034542154982202,AZ,8.0,7.0,Final,1.0
2026-07-20,822788,TB,TOR,Nick Martinez,Dylan Cease,TOR,0.5035598278045654,0.4964401721954345,2026-07-20T23:07:00Z,-104.0,162.0,-0.01224803007566,-104.0,False,0.0,0.0,199.0,-6.873888841458208,-0.034542154982202,TB,1.0,7.0,Final,0.0
2026-07-20,822874,CWS,TEX,Erick Fedde,Jacob deGrom,TEX,0.5234299898147583,0.4765700101852417,2026-07-21T00:05:00Z,-168.0,142.0,-0.1650045400574093,-168.0,False,0.0,0.0,199.0,-6.873888841458208,-0.034542154982202,CWS,3.0,10.0,Final,0.0
2026-07-20,823112,CIN,SEA,Andrew Abbott,George Kirby,SEA,0.5029487013816833,0.4970512986183166,2026-07-21T01:40:00Z,-114.0,125.0,-0.055868227230875,-114.0,False,0.0,0.0,199.0,-6.873888841458208,-0.034542154982202,SEA,8.0,0.0,Final,1.0
2026-07-20,823436,LAD,PHI,Emmet Sheehan,Cristopher Sánchez,PHI,0.527618944644928,0.472381055355072,2026-07-20T23:10:00Z,-136.0,162.0,-0.0844259489985073,-136.0,False,0.0,0.0,199.0,-6.873888841458208,-0.034542154982202,PHI,10.0,7.0,Final,1.0
2026-07-20,823522,PIT,NYY,Braxton Ashcraft,Ryan Weathers,NYY,0.5248388648033142,0.4751611351966858,2026-07-20T23:05:00Z,-149.0,600.0,-0.1229202863354011,-149.0,False,0.0,0.0,199.0,-6.873888841458208,-0.034542154982202,NYY,8.0,5.0,Final,1.0
2026-07-20,823762,NYM,MIL,Freddy Peralta,Jacob Misiorowski,MIL,0.5052722096443176,0.4947277903556824,2026-07-20T23:40:00Z,-142.0,183.0,-0.1389022906061629,-142.0,False,0.0,0.0,199.0,-6.873888841458208,-0.034542154982202,MIL,8.0,3.0,Final,1.0
2026-07-20,824006,STL,LAA,Kyle Leahy,José Soriano,LAA,0.5078651309013367,0.4921348690986633,2026-07-21T02:10:00Z,-104.0,-104.0,-0.0038030124627626,-104.0,False,0.0,0.0,199.0,-6.873888841458208,-0.034542154982202,LAA,3.0,2.0,Final,1.0
2026-07-20,824087,SF,KC,Trevor McDonald,Michael Wacha,KC,0.5217600464820862,0.4782399535179138,2026-07-20T23:40:00Z,-114.0,104.0,-0.0205557022178382,-114.0,False,0.0,0.0,199.0,-6.873888841458208,-0.034542154982202,KC,4.0,3.0,Final,1.0
2026-07-20,824167,MIA,HOU,Janson Junk,Ronel Blanco,HOU,0.5063682198524475,0.4936317801475525,2026-07-21T00:10:00Z,-125.0,116.0,-0.0885372042655944,-125.0,False,0.0,0.0,199.0,-6.873888841458208,-0.034542154982202,HOU,8.0,5.0,Final,1.0
2026-07-20,824328,WSH,COL,Andrew Alvarez,Kyle Freeland,COL,0.506767749786377,0.493232250213623,2026-07-21T00:40:00Z,109.0,-102.0,0.0591445970535278,109.0,True,1.0,-1.0,200.0,-7.873888841458208,-0.039369444207291,WSH,3.0,7.0,Final,0.0
2026-07-20,824410,MIN,CLE,Joe Ryan,Tanner Bibee,CLE,0.508821964263916,0.491178035736084,2026-07-20T22:40:00Z,-148.0,600.0,-0.147379411233438,-148.0,False,0.0,0.0,200.0,-7.873888841458208,-0.039369444207291,CLE,13.0,4.0,Final,1.0
2026-07-20,824654,DET,CHC,Jack Flaherty,Jameson Taillon,CHC,0.503416895866394,0.4965831041336059,2026-07-21T00:05:00Z,-108.0,-102.0,-0.0304563487017595,-108.0,False,0.0,0.0,200.0,-7.873888841458208,-0.039369444207291,DET,6.0,8.0,Final,0.0
2026-07-20,824736,BAL,BOS,Shane Baz,Payton Tolle,BOS,0.5251781940460205,0.4748218059539795,2026-07-20T23:10:00Z,-108.0,-117.0,0.0114542996441877,-108.0,False,0.0,0.0,200.0,-7.873888841458208,-0.039369444207291,BOS,6.0,5.0,Final,1.0
2026-07-20,824898,SD,ATL,JP Sears,Bryce Elder,ATL,0.5045654773712158,0.4954345226287842,2026-07-20T23:15:00Z,-142.0,154.0,-0.1401067216631392,-142.0,False,0.0,0.0,200.0,-7.873888841458208,-0.039369444207291,ATL,3.0,2.0,Final,1.0
2026-07-20,825058,ATH,AZ,Jeffrey Springs,Mitch Bratt,ATH,0.4834527969360351,0.5165472030639648,2026-07-21T01:40:00Z,-142.0,122.0,0.1467347908020018,122.0,True,1.0,1.22,201.0,-6.653888841458208,-0.0331039245843692,ATH,2.0,5.0,Final,1.0
2026-07-21,822787,TB,TOR,Drew Rasmussen,Kevin Gausman,TOR,0.5035598278045654,0.4964401721954345,2026-07-21T23:07:00Z,340.0,-470.0,1.2156632423400882,340.0,True,1.0,-1.0,202.0,-7.653888841458208,-0.0378905388191,TB,2.0,12.0,Final,0.0
2026-07-21,822871,CWS,TEX,Noah Schultz,Kumar Rocker,TEX,0.5234299898147583,0.4765700101852417,2026-07-22T00:05:00Z,-112.0,102.0,-0.0092218049934932,-112.0,False,0.0,0.0,202.0,-7.653888841458208,-0.0378905388191,TEX,10.0,0.0,Final,1.0
2026-07-21,823114,CIN,SEA,Chase Burns,Luis Castillo,SEA,0.5029487013816833,0.4970512986183166,2026-07-22T01:40:00Z,-118.0,132.0,-0.0708235855829917,-118.0,False,0.0,0.0,202.0,-7.653888841458208,-0.0378905388191,CIN,2.0,4.0,Final,0.0
2026-07-21,823437,LAD,PHI,Justin Wrobleski,Zack Wheeler,PHI,0.527618944644928,0.472381055355072,2026-07-21T22:40:00Z,-110.0,100.0,0.0072725306857716,-110.0,False,0.0,0.0,202.0,-7.653888841458208,-0.0378905388191,LAD,1.0,2.0,Final,0.0
2026-07-21,823760,NYM,MIL,Zac Thornton,Brandon Sproat,MIL,0.5052722096443176,0.4947277903556824,2026-07-21T23:40:00Z,-134.0,123.0,-0.1176589771882811,-134.0,False,0.0,0.0,202.0,-7.653888841458208,-0.0378905388191,NYM,0.0,4.0,Final,0.0
2026-07-21,824005,STL,LAA,Matthew Liberatore,Walbert Ureña,LAA,0.5078651309013367,0.4921348690986633,2026-07-22T01:38:00Z,-109.0,102.0,-0.0262035563451434,-109.0,False,0.0,0.0,202.0,-7.653888841458208,-0.0378905388191,LAA,5.0,1.0,Final,1.0
2026-07-21,824085,SF,KC,Tyler Mahle,Luinder Avila,KC,0.5217600464820862,0.4782399535179138,2026-07-21T23:40:00Z,-102.0,-110.0,0.0332895038174648,-102.0,True,1.0,0.9803921568627452,203.0,-6.673496684595463,-0.0328743679044111,KC,3.0,2.0,Final,1.0
2026-07-21,824165,MIA,HOU,Tyler Phillips,Tatsuya Imai,HOU,0.5063682198524475,0.4936317801475525,2026-07-22T00:10:00Z,-120.0,108.0,-0.0716582636038461,-120.0,False,0.0,0.0,203.0,-6.673496684595463,-0.0328743679044111,HOU,5.0,3.0,Final,1.0
2026-07-21,824329,WSH,COL,Carson Palmquist,Michael Lorenzen,COL,0.506767749786377,0.493232250213623,2026-07-22T00:40:00Z,114.0,-112.0,0.0844829845428465,114.0,True,1.0,1.14,204.0,-5.533496684595463,-0.0271249837480169,COL,8.0,7.0,Final,1.0
2026-07-21,824409,MIN,CLE,Kendry Rojas,Parker Messick,CLE,0.508821964263916,0.491178035736084,2026-07-21T22:40:00Z,-126.0,172.0,-0.0873510799710713,-126.0,False,0.0,0.0,204.0,-5.533496684595463,-0.0271249837480169,CLE,5.0,2.0,Final,1.0
2026-07-21,824652,DET,CHC,Framber Valdez,David Peterson,CHC,0.503416895866394,0.4965831041336059,2026-07-22T00:05:00Z,-115.0,106.0,-0.0588292816410894,-115.0,False,0.0,0.0,204.0,-5.533496684595463,-0.0271249837480169,CHC,11.0,2.0,Final,1.0
2026-07-21,824895,SD,ATL,Walker Buehler,Reynaldo López,ATL,0.5045654773712158,0.4954345226287842,2026-07-21T23:15:00Z,-104.0,-103.0,-0.0102754097718458,-104.0,False,0.0,0.0,204.0,-5.533496684595463,-0.0271249837480169,SD,3.0,8.0,Final,0.0
2026-07-21,825056,ATH,AZ,Jack Perkins,Kohl Drake,ATH,0.4834527969360351,0.5165472030639648,2026-07-22T01:40:00Z,-118.0,116.0,0.1157419586181641,116.0,True,1.0,-1.0,205.0,-6.533496684595463,-0.031870715534612,AZ,6.0,5.0,Final,0.0
2026-07-22,822784,TB,TOR,Griffin Jax,Braydon Fisher,TOR,0.5035598278045654,0.4964401721954345,2026-07-22T23:07:00Z,-106.0,164.0,-0.0213837308703728,-106.0,False,0.0,0.0,205.0,-6.533496684595463,-0.031870715534612,TB,2.0,4.0,Final,0.0
2026-07-22,822873,CWS,TEX,Anthony Kay,Tyler Alexander,TEX,0.5234299898147583,0.4765700101852417,2026-07-23T00:05:00Z,104.0,-122.0,0.0677971792221069,104.0,True,1.0,-1.0,206.0,-7.533496684595463,-0.0365703722553177,CWS,2.0,4.0,Final,0.0
2026-07-22,823110,CIN,SEA,Brady Singer,Emerson Hancock,SEA,0.5029487013816833,0.4970512986183166,2026-07-22T19:40:00Z,,,,,False,0.0,0.0,206.0,-7.533496684595463,-0.0365703722553177,CIN,3.0,5.0,Final,0.0
2026-07-22,823438,LAD,PHI,Eric Lauer,Aaron Nola,PHI,0.527618944644928,0.472381055355072,2026-07-22T22:40:00Z,-134.0,108.0,-0.0786355742767676,-134.0,False,0.0,0.0,206.0,-7.533496684595463,-0.0365703722553177,LAD,5.0,9.0,Final,0.0
2026-07-22,823518,PIT,NYY,Mitch Keller,Gerrit Cole,NYY,0.5248388648033142,0.4751611351966858,2026-07-22T17:05:00Z,-185.0,146.0,-0.1914644515192186,-185.0,False,0.0,0.0,206.0,-7.533496684595463,-0.0365703722553177,PIT,3.0,5.0,Final,0.0
2026-07-22,823519,PIT,NYY,Bubba Chandler,Max Fried,NYY,0.5248388648033142,0.4751611351966858,2026-07-22T23:05:00Z,-185.0,146.0,-0.1914644515192186,-185.0,False,0.0,0.0,206.0,-7.533496684595463,-0.0365703722553177,,,,Postponed,
2026-07-22,823519,PIT,NYY,Bubba Chandler,Max Fried,NYY,0.5248388648033142,0.4751611351966858,2026-07-22T23:05:00Z,-185.0,146.0,-0.1914644515192186,-185.0,False,0.0,0.0,206.0,-7.533496684595463,-0.0365703722553177,NYY,2.0,0.0,Final,1.0
2026-07-22,823761,NYM,MIL,Christian Scott,Logan Henderson,MIL,0.5052722096443176,0.4947277903556824,2026-07-22T18:10:00Z,,,,,False,0.0,0.0,206.0,-7.533496684595463,-0.0365703722553177,MIL,4.0,3.0,Final,1.0
2026-07-22,824004,STL,LAA,Hunter Dobbins,Reid Detmers,LAA,0.5078651309013367,0.4921348690986633,2026-07-22T20:07:00Z,,,,,False,0.0,0.0,206.0,-7.533496684595463,-0.0365703722553177,STL,0.0,1.0,Final,0.0
2026-07-22,824083,SF,KC,Landen Roupp,Seth Lugo,KC,0.5217600464820862,0.4782399535179138,2026-07-22T18:10:00Z,,,,,False,0.0,0.0,206.0,-7.533496684595463,-0.0365703722553177,KC,5.0,4.0,Final,1.0
2026-07-22,824166,MIA,HOU,Sandy Alcantara,Peter Lambert,HOU,0.5063682198524475,0.4936317801475525,2026-07-23T00:10:00Z,-110.0,-105.0,-0.0332970348271456,-110.0,False,0.0,0.0,206.0,-7.533496684595463,-0.0365703722553177,HOU,5.0,2.0,Final,1.0
2026-07-22,824327,WSH,COL,Cade Cavalli,Gabriel Hughes,COL,0.506767749786377,0.493232250213623,2026-07-22T19:10:00Z,,,,,False,0.0,0.0,206.0,-7.533496684595463,-0.0365703722553177,WSH,0.0,8.0,Final,0.0
2026-07-22,824408,MIN,CLE,Bailey Ober,Slade Cecconi,CLE,0.508821964263916,0.491178035736084,2026-07-22T22:40:00Z,-130.0,148.0,-0.0997765247638409,-130.0,False,0.0,0.0,206.0,-7.533496684595463,-0.0365703722553177,MIN,6.0,10.0,Final,0.0
2026-07-22,824650,DET,CHC,Keider Montero,Colin Rea,CHC,0.503416895866394,0.4965831041336059,2026-07-23T00:10:00Z,-124.0,106.0,-0.0906017364994172,-124.0,False,0.0,0.0,206.0,-7.533496684595463,-0.0365703722553177,DET,1.0,5.0,Final,0.0
2026-07-22,824732,BAL,BOS,Kyle Bradish,Eduardo Rivera,BOS,0.5251781940460205,0.4748218059539795,2026-07-22T23:10:00Z,430.0,-518.0,1.7834444284439086,430.0,True,1.0,-1.0,207.0,-8.533496684595463,-0.0412246216647123,BAL,1.0,5.0,Final,0.0
2026-07-22,824735,BAL,BOS,Dean Kremer,Jake Bennett,BOS,0.5251781940460205,0.4748218059539795,2026-07-22T17:35:00Z,430.0,-518.0,1.7834444284439086,430.0,True,1.0,4.3,209.0,-4.233496684595463,-0.0202559649980644,,,,Postponed,
2026-07-22,824735,BAL,BOS,Dean Kremer,Jake Bennett,BOS,0.5251781940460205,0.4748218059539795,2026-07-22T17:35:00Z,430.0,-518.0,1.7834444284439086,430.0,True,1.0,4.3,209.0,-4.233496684595463,-0.0202559649980644,BOS,6.0,3.0,Final,1.0
2026-07-22,824896,SD,ATL,Michael King,Martín Pérez,ATL,0.5045654773712158,0.4954345226287842,2026-07-22T23:15:00Z,-225.0,200.0,-0.2711831993526883,-225.0,False,0.0,0.0,209.0,-4.233496684595463,-0.0202559649980644,ATL,7.0,6.0,Final,1.0
2026-07-22,825055,ATH,AZ,Gage Jump,Merrill Kelly,ATH,0.4834527969360351,0.5165472030639648,2026-07-22T19:40:00Z,,,,,False,0.0,0.0,209.0,-4.233496684595463,-0.0202559649980644,AZ,15.0,5.0,Final,0.0
2026-07-23,822785,TB,TOR,Casey Legumina,Shane Bieber,TOR,0.5035598278045654,0.4964401721954345,2026-07-23T19:07:00Z,,,,,False,0.0,0.0,209.0,-4.233496684595463,-0.0202559649980644,TOR,3.0,1.0,Final,1.0
2026-07-23,823042,AZ,STL,Brandon Pfaadt,Michael McGreevy,AZ,0.4827255606651306,0.5172744393348694,2026-07-23T21:15:00Z,,,,,False,0.0,0.0,209.0,-4.233496684595463,-0.0202559649980644,,,,Postponed,
2026-07-23,823042,AZ,STL,Brandon Pfaadt,Michael McGreevy,AZ,0.4827255606651306,0.5172744393348694,2026-07-23T21:15:00Z,,,,,False,0.0,0.0,209.0,-4.233496684595463,-0.0202559649980644,AZ,6.0,10.0,Final,1.0
2026-07-23,824247,KC,DET,Randy Dobnak,Troy Melton,DET,0.5033546090126038,0.4966453909873962,2026-07-23T22:40:00Z,-215.0,235.0,-0.2625269681908364,-215.0,False,0.0,0.0,209.0,-4.233496684595463,-0.0202559649980644,DET,4.0,3.0,Final,1.0
2026-07-23,824406,MIN,CLE,Taj Bradley,Gavin Williams,CLE,0.508821964263916,0.491178035736084,2026-07-23T17:10:00Z,,,,,False,0.0,0.0,209.0,-4.233496684595463,-0.0202559649980644,MIN,1.0,3.0,Final,0.0
2026-07-23,824893,SD,ATL,Kyle Hart,Chris Sale,ATL,0.5045654773712158,0.4954345226287842,2026-07-23T16:15:00Z,,,,,False,0.0,0.0,209.0,-4.233496684595463,-0.0202559649980644,ATL,6.0,5.0,Final,1.0
2026-07-24,822707,AZ,WSH,Eduardo Rodriguez,Carson Palmquist,AZ,0.4912465214729309,0.5087534785270691,2026-07-24T22:45:00Z,230.0,116.0,0.0989075136184692,116.0,True,1.0,1.16,210.0,-3.0734966845954625,-0.0146356984980736,AZ,2.0,3.0,Final,1.0
2026-07-24,822872,SEA,TEX,Bryce Miller,MacKenzie Gore,TEX,0.5040885806083679,0.4959114193916321,2026-07-25T00:05:00Z,-102.0,-110.0,-0.0017069285991144,-102.0,False,0.0,0.0,210.0,-3.0734966845954625,-0.0146356984980736,TEX,5.0,4.0,Final,1.0
2026-07-24,822952,CLE,TB,Joey Cantillo,Shane McClanahan,TB,0.5269255042076111,0.4730744957923889,2026-07-24T23:10:00Z,-134.0,134.0,-0.0798465075777538,-134.0,False,0.0,0.0,210.0,-3.0734966845954625,-0.0146356984980736,TB,11.0,3.0,Final,1.0
2026-07-24,823031,CIN,STL,Rhett Lowder,Dustin May,CIN,0.4947606921195984,0.5052393078804016,2026-07-25T00:15:00Z,-118.0,128.0,0.1519456219673157,128.0,True,1.0,1.28,211.0,-1.7934966845954623,-0.0084999842871822,CIN,2.0,4.0,Final,1.0
2026-07-24,823196,LAA,SF,Grayson Rodriguez,Logan Webb,SF,0.5344412922859192,0.4655587077140808,2026-07-25T02:15:00Z,-126.0,136.0,-0.0413989519316053,-126.0,False,0.0,0.0,211.0,-1.7934966845954623,-0.0084999842871822,SF,7.0,6.0,Final,1.0
2026-07-24,823352,CHC,PIT,Matthew Boyd,Jared Jones,CHC,0.4981332719326019,0.5018666982650757,2026-07-24T22:40:00Z,-132.0,113.0,0.0689760673046111,113.0,True,1.0,1.13,212.0,-0.6634966845954626,-0.0031297013424314,CHC,2.0,3.0,Final,1.0
2026-07-24,823434,NYY,PHI,Cam Schlittler,Jesús Luzardo,NYY,0.4979170560836792,0.5020829439163208,2026-07-24T22:45:00Z,130.0,-118.0,-0.0724230358156107,-118.0,False,0.0,0.0,212.0,-0.6634966845954626,-0.0031297013424314,NYY,0.0,1.0,Final,1.0
2026-07-24,823601,LAD,NYM,Roki Sasaki,Sean Manaea,NYM,0.5200337767601013,0.4799662232398987,2026-07-24T23:10:00Z,129.0,-115.0,0.190877348780632,129.0,True,1.0,-1.0,213.0,-1.6634966845954626,-0.00780984358965,LAD,2.0,4.0,Final,0.0
2026-07-24,823680,ATH,MIN,Jacob Lopez,Zebby Matthews,ATH,0.4870859682559967,0.5129140615463257,2026-07-25T00:10:00Z,-137.0,139.0,0.2258646070957182,139.0,True,1.0,1.39,214.0,-0.2734966845954627,-0.001278021890633,ATH,0.0,2.0,Final,1.0
2026-07-24,823759,COL,MIL,Tomoyuki Sugano,Shane Drohan,MIL,0.5401517748832703,0.4598482251167297,2026-07-24T20:10:00Z,-215.0,183.0,-0.2086148414500924,-215.0,False,0.0,0.0,214.0,-0.2734966845954627,-0.001278021890633,COL,2.0,5.0,Final,0.0
2026-07-24,823843,SD,MIA,Germán Márquez,Ryan Gusto,MIA,0.5067836046218872,0.4932163953781128,2026-07-24T23:10:00Z,-130.0,132.0,-0.1033828533612765,-130.0,False,0.0,0.0,214.0,-0.2734966845954627,-0.001278021890633,SD,2.0,4.0,Final,0.0
2026-07-24,824248,KC,DET,Beck Way,Tarik Skubal,DET,0.5033546090126038,0.4966453909873962,2026-07-24T22:40:00Z,-178.0,520.0,-0.2138619027780682,-178.0,False,0.0,0.0,214.0,-0.2734966845954627,-0.001278021890633,DET,2.0,1.0,Final,1.0
2026-07-24,824573,HOU,CWS,Spencer Arrighetti,Davis Martin,HOU,0.4939588010311126,0.5060411691665649,2026-07-24T23:40:00Z,-116.0,116.0,0.0930489253997803,116.0,True,1.0,1.16,215.0,0.8865033154045372,0.0041232712344397,HOU,5.0,9.0,Final,1.0
2026-07-24,824733,TOR,BOS,Trey Yesavage,Patrick Sandoval,BOS,0.5093610882759094,0.4906389117240906,2026-07-24T23:15:00Z,-112.0,134.0,-0.0358522257634572,-112.0,False,0.0,0.0,215.0,0.8865033154045372,0.0041232712344397,BOS,6.0,4.0,Final,1.0
2026-07-24,824812,ATL,BAL,Grant Holmes,Trevor Rogers,ATL,0.4971352219581604,0.5028647780418396,2026-07-24T23:05:00Z,-112.0,125.0,0.1314457505941391,125.0,True,1.0,1.25,216.0,2.1365033154045374,0.0098912190527987,ATL,6.0,7.0,Final,1.0
2026-07-25,822704,AZ,WSH,Mitch Bratt,Foster Griffin,AZ,0.4912465214729309,0.5087534785270691,2026-07-25T20:05:00Z,103.0,-118.0,-0.0600995057720249,-118.0,False,0.0,0.0,216.0,2.1365033154045374,0.0098912190527987,WSH,5.0,3.0,Final,0.0
2026-07-25,822869,SEA,TEX,Bryan Woo,Nathan Eovaldi,TEX,0.5040885806083679,0.4959114193916321,2026-07-25T23:15:00Z,-108.0,200.0,-0.0291627336431432,-108.0,False,0.0,0.0,216.0,2.1365033154045374,0.0098912190527987,TEX,7.0,1.0,Final,1.0
2026-07-25,822948,CLE,TB,Tanner Bibee,Nick Martinez,TB,0.5269255042076111,0.4730744957923889,2026-07-25T22:10:00Z,-134.0,127.0,-0.0798465075777538,-134.0,False,0.0,0.0,216.0,2.1365033154045374,0.0098912190527987,TB,3.0,0.0,Final,1.0
2026-07-25,823027,CIN,STL,Hunter Greene,Andre Pallante,CIN,0.4947606921195984,0.5052393078804016,2026-07-25T23:15:00Z,-132.0,267.0,0.854228259921074,267.0,True,1.0,-1.0,217.0,1.1365033154045374,0.005237342467302,STL,7.0,0.0,Final,0.0
2026-07-25,823197,LAA,SF,Ryan Johnson,Robbie Ray,SF,0.5344412922859192,0.4655587077140808,2026-07-25T20:05:00Z,-110.0,-102.0,0.0202970125458457,-110.0,True,1.0,0.9090909090909092,218.0,2.0455942244954466,0.0093834597453919,SF,9.0,2.0,Final,1.0
2026-07-25,823355,CHC,PIT,Shota Imanaga,Paul Skenes,CHC,0.4981332719326019,0.5018666982650757,2026-07-25T22:40:00Z,-122.0,106.0,0.0338453984260559,106.0,True,1.0,1.06,219.0,3.105594224495446,0.0141807955456413,CHC,0.0,11.0,Final,1.0
2026-07-25,823435,NYY,PHI,Ryan Weathers,Tim Mayza,NYY,0.4979170560836792,0.5020829439163208,2026-07-25T22:05:00Z,114.0,136.0,0.1849157476425172,136.0,True,1.0,1.36,220.0,4.465594224495447,0.0202981555658883,NYY,1.0,3.0,Final,1.0
2026-07-25,823600,LAD,NYM,Yoshinobu Yamamoto,Nolan McLean,NYM,0.5200337767601013,0.4799662232398987,2026-07-25T23:15:00Z,135.0,-152.0,0.2220793753862381,135.0,True,1.0,-1.0,221.0,3.4655942244954465,0.0156814218302961,LAD,3.0,4.0,Final,0.0
2026-07-25,823679,ATH,MIN,Brady Basso,Mike Paredes,ATH,0.4870859682559967,0.5129140615463257,2026-07-25T23:10:00Z,-146.0,144.0,0.2515103101730346,144.0,True,1.0,-1.0,222.0,2.4655942244954465,0.01110628029052,MIN,2.0,0.0,Final,0.0
2026-07-25,823758,COL,MIL,Ryan Feltner,Robert Gasser,MIL,0.5401517748832703,0.4598482251167297,2026-07-25T23:10:00Z,-263.0,240.0,-0.2544673221192886,-263.0,False,0.0,0.0,222.0,2.4655942244954465,0.01110628029052,MIL,8.0,5.0,Final,1.0
2026-07-25,823841,SD,MIA,Randy Vásquez,Eury Pérez,MIA,0.5067836046218872,0.4932163953781128,2026-07-25T20:10:00Z,-126.0,109.0,-0.0910071853607421,-126.0,False,0.0,0.0,222.0,2.4655942244954465,0.01110628029052,SD,2.0,7.0,Final,0.0
2026-07-25,824244,KC,DET,Michael Wacha,Casey Mize,DET,0.5033546090126038,0.4966453909873962,2026-07-25T17:10:00Z,-184.0,154.0,-0.2230831034805463,-184.0,False,0.0,0.0,222.0,2.4655942244954465,0.01110628029052,KC,2.0,3.0,Final,0.0
2026-07-25,824571,HOU,CWS,Hunter Brown,Sean Burke,HOU,0.4939588010311126,0.5060411691665649,2026-07-25T23:10:00Z,-104.0,-104.0,-0.0073807835578917,-104.0,False,0.0,0.0,222.0,2.4655942244954465,0.01110628029052,HOU,1.0,4.0,Final,1.0
2026-07-25,824734,TOR,BOS,Dylan Cease,Sonny Gray,BOS,0.5093610882759094,0.4906389117240906,2026-07-25T20:10:00Z,-135.0,116.0,-0.1133344018900835,-135.0,False,0.0,0.0,222.0,2.4655942244954465,0.01110628029052,TOR,0.0,6.0,Final,0.0
2026-07-25,824811,ATL,BAL,Bryce Elder,Brandon Young,ATL,0.4971352219581604,0.5028647780418396,2026-07-25T23:05:00Z,-110.0,-106.0,-0.0227344879564249,-106.0,False,0.0,0.0,222.0,2.4655942244954465,0.01110628029052,BAL,3.0,2.0,Final,0.0
2026-07-26,822706,AZ,WSH,Kohl Drake,Miles Mikolas,AZ,0.4912465214729309,0.5087534785270691,2026-07-26T17:35:00Z,,,,,False,0.0,0.0,222.0,2.4655942244954465,0.01110628029052,WSH,10.0,7.0,Final,0.0
2026-07-26,822870,SEA,TEX,Logan Gilbert,Jacob deGrom,TEX,0.5040885806083679,0.4959114193916321,2026-07-26T18:35:00Z,112.0,-131.0,0.06866779088974,112.0,True,1.0,-1.0,223.0,1.4655942244954463,0.0065721714102934,SEA,4.0,6.0,Final,0.0
2026-07-26,822950,CLE,TB,Parker Messick,Drew Rasmussen,TB,0.5269255042076111,0.4730744957923889,2026-07-26T16:15:00Z,,,,,False,0.0,0.0,223.0,1.4655942244954463,0.0065721714102934,TB,1.0,0.0,Final,1.0
2026-07-26,823028,CIN,STL,Andrew Abbott,Kyle Leahy,CIN,0.4947606921195984,0.5052393078804016,2026-07-26T18:15:00Z,,,,,False,0.0,0.0,223.0,1.4655942244954463,0.0065721714102934,CIN,3.0,5.0,Final,1.0
2026-07-26,823194,LAA,SF,José Soriano,Carson Whisenhunt,SF,0.5344412922859192,0.4655587077140808,2026-07-26T20:05:00Z,,,,,False,0.0,0.0,223.0,1.4655942244954463,0.0065721714102934,LAA,3.0,4.0,Final,0.0
2026-07-26,823354,CHC,PIT,Jameson Taillon,Braxton Ashcraft,CHC,0.4981332719326019,0.5018666982650757,2026-07-26T17:35:00Z,,,,,False,0.0,0.0,223.0,1.4655942244954463,0.0065721714102934,PIT,8.0,7.0,Final,0.0
2026-07-26,823433,NYY,PHI,Will Warren,Cristopher Sánchez,NYY,0.4979170560836792,0.5020829439163208,2026-07-26T23:20:00Z,-265.0,206.0,0.5363738083839418,206.0,True,1.0,-1.0,224.0,0.4655942244954465,0.0020785456450689,PHI,11.0,4.0,Final,0.0
2026-07-26,823599,LAD,NYM,Emmet Sheehan,Freddy Peralta,NYM,0.5200337767601013,0.4799662232398987,2026-07-26T17:40:00Z,,,,,False,0.0,0.0,224.0,0.4655942244954465,0.0020785456450689,NYM,8.0,3.0,Final,1.0
2026-07-26,823678,ATH,MIN,Jeffrey Springs,Connor Prielipp,ATH,0.4870859682559967,0.5129140615463257,2026-07-26T18:10:00Z,,,,,False,0.0,0.0,224.0,0.4655942244954465,0.0020785456450689,MIN,11.0,8.0,Final,0.0
2026-07-26,823755,COL,MIL,Kyle Freeland,Jacob Misiorowski,MIL,0.5401517748832703,0.4598482251167297,2026-07-26T18:10:00Z,,,,,False,0.0,0.0,224.0,0.4655942244954465,0.0020785456450689,MIL,11.0,2.0,Final,1.0
2026-07-26,823840,SD,MIA,Walker Buehler,Janson Junk,MIA,0.5067836046218872,0.4932163953781128,2026-07-26T17:40:00Z,,,,,False,0.0,0.0,224.0,0.4655942244954465,0.0020785456450689,SD,3.0,5.0,Final,0.0
2026-07-26,824246,KC,DET,Luinder Avila,Framber Valdez,DET,0.5033546090126038,0.4966453909873962,2026-07-26T17:40:00Z,,,,,False,0.0,0.0,224.0,0.4655942244954465,0.0020785456450689,KC,4.0,5.0,Final,0.0
2026-07-26,824572,HOU,CWS,Ronel Blanco,Erick Fedde,HOU,0.4939588010311126,0.5060411691665649,2026-07-26T18:10:00Z,,,,,False,0.0,0.0,224.0,0.4655942244954465,0.0020785456450689,CWS,12.0,3.0,Final,0.0
2026-07-26,824730,TOR,BOS,Kevin Gausman,Ranger Suarez,BOS,0.5093610882759094,0.4906389117240906,2026-07-26T17:35:00Z,,,,,False,0.0,0.0,224.0,0.4655942244954465,0.0020785456450689,BOS,6.0,1.0,Final,1.0
2026-07-26,824810,ATL,BAL,Reynaldo López,Shane Baz,ATL,0.4971352219581604,0.5028647780418396,2026-07-26T17:35:00Z,,,,,False,0.0,0.0,224.0,0.4655942244954465,0.0020785456450689,ATL,2.0,3.0,Final,1.0
2026-07-27,822705,TOR,WSH,Max Scherzer,Eddy Yean,TOR,0.4839686453342438,0.5160313844680786,2026-07-27T22:45:00Z,-101.0,120.0,0.135269045829773,120.0,True,1.0,1.2,225.0,1.6655942244954465,0.0074026409977575,TOR,2.0,3.0,Final,1.0
2026-07-27,822868,SEA,TEX,George Kirby,Kumar Rocker,TEX,0.5040885806083679,0.4959114193916321,2026-07-27T18:35:00Z,,,,,False,0.0,0.0,225.0,1.6655942244954465,0.0074026409977575,TEX,7.0,3.0,Final,1.0
2026-07-27,823025,CHC,STL,David Peterson,Matthew Liberatore,CHC,0.4898040890693664,0.5101959109306335,2026-07-27T23:45:00Z,104.0,-122.0,-0.071610719454093,-122.0,False,0.0,0.0,225.0,1.6655942244954465,0.0074026409977575,CHC,3.0,7.0,Final,1.0
2026-07-27,823195,MIL,SF,Brandon Sproat,Tyler Mahle,SF,0.5113605856895447,0.4886394143104553,2026-07-28T01:45:00Z,119.0,-132.0,0.1198796826601028,119.0,True,1.0,1.19,226.0,2.855594224495446,0.0126353726747586,SF,3.0,0.0,Final,1.0
2026-07-27,823353,AZ,PIT,Merrill Kelly,Mitch Keller,PIT,0.5046542286872864,0.4953457713127136,2026-07-27T22:40:00Z,-112.0,125.0,-0.0447616385562079,-112.0,False,0.0,0.0,226.0,2.855594224495446,0.0126353726747586,PIT,3.0,2.0,Final,1.0
2026-07-27,823597,ATL,NYM,Martín Pérez,Zac Thornton,NYM,0.5184587836265564,0.4815412163734436,2026-07-27T23:10:00Z,136.0,-108.0,0.2235627293586732,136.0,True,1.0,1.36,227.0,4.215594224495447,0.0185708996673808,NYM,14.0,3.0,Final,1.0
2026-07-27,823839,PHI,MIA,Zack Wheeler,Tyler Phillips,MIA,0.5005932450294495,0.4994067549705505,2026-07-27T22:40:00Z,-108.0,350.0,-0.0358944910543935,-108.0,False,0.0,0.0,227.0,4.215594224495447,0.0185708996673808,MIA,8.0,7.0,Final,1.0
2026-07-27,824001,HOU,LAA,Tatsuya Imai,Walbert Ureña,LAA,0.5075592994689941,0.4924407005310058,2026-07-28T01:38:00Z,-108.0,-106.0,-0.022478386207863,-108.0,False,0.0,0.0,227.0,4.215594224495447,0.0185708996673808,HOU,4.0,6.0,Final,0.0
2026-07-27,824245,BAL,DET,Kyle Bradish,Keider Montero,DET,0.5283852219581604,0.4716147780418396,2026-07-27T22:40:00Z,265.0,120.0,0.9286060601472854,265.0,True,1.0,-1.0,228.0,3.2155942244954465,0.0141034834407695,BAL,5.0,8.0,Final,0.0
2026-07-27,824570,NYY,CWS,Max Fried,Noah Schultz,NYY,0.4836609661579132,0.5163390636444092,2026-07-27T23:40:00Z,124.0,-134.0,-0.0983332769194645,-134.0,False,0.0,0.0,228.0,3.2155942244954465,0.0141034834407695,NYY,5.0,9.0,Final,1.0
2026-07-27,824977,BOS,ATH,Payton Tolle,Jack Perkins,ATH,0.5129849910736084,0.4870150089263916,2026-07-28T01:40:00Z,158.0,-144.0,0.3235012769699097,158.0,True,1.0,-1.0,229.0,2.2155942244954465,0.0096750839497617,BOS,2.0,4.0,Final,0.0
2026-07-28,822703,TOR,WSH,Shane Bieber,Cade Cavalli,TOR,0.4839686453342438,0.5160313844680786,2026-07-28T22:45:00Z,106.0,120.0,0.135269045829773,120.0,True,1.0,-1.0,230.0,1.2155942244954463,0.0052851922804149,WSH,8.0,6.0,Final,0.0
2026-07-28,822949,TEX,TB,Cal Quantrill,Griffin Jax,TB,0.5230594873428345,0.4769405126571655,2026-07-28T22:40:00Z,174.0,118.0,0.4331829953193665,174.0,True,1.0,-1.0,231.0,0.2155942244954465,0.0009333083311491,TEX,1.0,4.0,Final,0.0
2026-07-28,823026,CHC,STL,Colin Rea,Michael McGreevy,CHC,0.4898040890693664,0.5101959109306335,2026-07-28T23:45:00Z,100.0,-108.0,-0.0174004678372983,-108.0,False,0.0,0.0,231.0,0.2155942244954465,0.0009333083311491,CHC,2.0,10.0,Final,1.0
2026-07-28,823193,MIL,SF,Logan Henderson,Landen Roupp,SF,0.5113605856895447,0.4886394143104553,2026-07-29T01:45:00Z,130.0,-116.0,0.1761293470859526,130.0,True,1.0,-1.0,232.0,-0.7844057755045535,-0.0033810593771747,MIL,2.0,8.0,Final,0.0
2026-07-28,823275,COL,SD,Michael Lorenzen,Michael King,SD,0.5330512523651123,0.4669487476348877,2026-07-29T01:40:00Z,-136.0,192.0,-0.0749992973664227,-136.0,False,0.0,0.0,232.0,-0.7844057755045535,-0.0033810593771747,SD,8.0,7.0,Final,1.0
2026-07-28,823350,AZ,PIT,Brandon Pfaadt,Bubba Chandler,PIT,0.5046542286872864,0.4953457713127136,2026-07-28T22:40:00Z,460.0,118.0,1.8260636806488035,460.0,True,1.0,-1.0,233.0,-1.7844057755045537,-0.0076583938862856,AZ,7.0,8.0,Final,0.0
2026-07-28,823676,KC,MIN,Seth Lugo,Taj Bradley,MIN,0.5047525763511658,0.4952474236488342,2026-07-28T23:40:00Z,-171.0,154.0,-0.2000704784142343,-171.0,False,0.0,0.0,233.0,-1.7844057755045537,-0.0076583938862856,MIN,3.0,2.0,Final,1.0
2026-07-28,823838,PHI,MIA,Aaron Nola,Sandy Alcantara,MIA,0.5005932450294495,0.4994067549705505,2026-07-28T22:40:00Z,136.0,220.0,0.1814000582695009,136.0,True,1.0,1.36,234.0,-0.4244057755045534,-0.0018136998953186,MIA,1.0,0.0,Final,1.0
2026-07-28,823923,SEA,LAD,Luis Castillo,Justin Wrobleski,LAD,0.5020252466201782,0.4979747533798218,2026-07-29T02:10:00Z,-148.0,194.0,-0.1587685056634851,-148.0,False,0.0,0.0,234.0,-0.4244057755045534,-0.0018136998953186,SEA,6.0,7.0,Final,0.0
2026-07-28,824003,HOU,LAA,Peter Lambert,Reid Detmers,LAA,0.5075592994689941,0.4924407005310058,2026-07-29T01:38:00Z,108.0,-110.0,0.0557233428955078,108.0,True,1.0,-1.0,235.0,-1.4244057755045534,-0.0060613011723598,HOU,2.0,3.0,Final,0.0
2026-07-28,824243,BAL,DET,Dean Kremer,Troy Melton,DET,0.5283852219581604,0.4716147780418396,2026-07-28T22:40:00Z,-168.0,1500.0,-0.1570997649715059,-168.0,False,0.0,0.0,235.0,-1.4244057755045534,-0.0060613011723598,DET,14.0,0.0,Final,1.0
2026-07-28,824489,CLE,CIN,Gavin Williams,Caleb Ferguson,CIN,0.5341514945030212,0.4658485054969787,2026-07-28T23:10:00Z,114.0,-113.0,0.1430841982364652,114.0,True,1.0,1.14,236.0,-0.2844057755045535,-0.0012051092182396,CIN,2.0,0.0,Final,1.0
2026-07-28,824490,CLE,CIN,Slade Cecconi,Chase Burns,CIN,0.5341514945030212,0.4658485054969787,2026-07-28T17:40:00Z,114.0,-113.0,0.1430841982364652,114.0,True,1.0,-1.0,238.0,-1.2844057755045537,-0.005396662922288,,,,Postponed,
2026-07-28,824490,CLE,CIN,Slade Cecconi,Chase Burns,CIN,0.5341514945030212,0.4658485054969787,2026-07-28T17:40:00Z,114.0,-113.0,0.1430841982364652,114.0,True,1.0,-1.0,238.0,-1.2844057755045537,-0.005396662922288,CLE,5.0,6.0,Final,0.0
2026-07-28,824569,NYY,CWS,Gerrit Cole,Anthony Kay,NYY,0.4836609661579132,0.5163390636444092,2026-07-28T23:40:00Z,126.0,-118.0,-0.0460854586908373,-118.0,False,0.0,0.0,238.0,-1.2844057755045537,-0.005396662922288,NYY,2.0,3.0,Final,1.0
2026-07-28,824976,BOS,ATH,Jake Bennett,Gage Jump,ATH,0.5129849910736084,0.4870150089263916,2026-07-29T01:40:00Z,129.0,-142.0,0.1747356295585632,129.0,True,1.0,1.29,239.0,0.0055942244954465,2.340679705207763e-05,ATH,4.0,3.0,Final,1.0
2026-07-29,822702,TOR,WSH,Trey Yesavage,Zack Littell,TOR,0.4839686453342438,0.5160313844680786,2026-07-29T17:05:00Z,,,,,False,0.0,0.0,239.0,0.0055942244954465,2.340679705207763e-05,TOR,2.0,5.0,Final,1.0
2026-07-29,822947,TEX,TB,MacKenzie Gore,Casey Legumina,TB,0.5230594873428345,0.4769405126571655,2026-07-29T22:40:00Z,-125.0,680.0,-0.0584929227828979,-125.0,False,0.0,0.0,239.0,0.0055942244954465,2.340679705207763e-05,TB,3.0,0.0,Final,1.0
2026-07-29,823022,CHC,STL,Matthew Boyd,Dustin May,CHC,0.4898040890693664,0.5101959109306335,2026-07-29T23:45:00Z,-109.0,102.0,0.0305957400798797,102.0,True,1.0,-1.0,240.0,-0.9944057755045534,-0.0041433573979356,STL,3.0,2.0,Final,0.0
2026-07-29,823192,MIL,SF,Thomas Pannone,Logan Webb,SF,0.5113605856895447,0.4886394143104553,2026-07-29T19:45:00Z,,,,,False,0.0,0.0,240.0,-0.9944057755045534,-0.0041433573979356,SF,16.0,3.0,Final,1.0
2026-07-29,823273,COL,SD,Gabriel Hughes,Kyle Hart,SD,0.5330512523651123,0.4669487476348877,2026-07-29T20:10:00Z,,,,,False,0.0,0.0,240.0,-0.9944057755045534,-0.0041433573979356,SD,3.0,1.0,Final,1.0
2026-07-29,823351,AZ,PIT,Eduardo Rodriguez,Jared Jones,PIT,0.5046542286872864,0.4953457713127136,2026-07-29T16:35:00Z,,,,,False,0.0,0.0,240.0,-0.9944057755045534,-0.0041433573979356,AZ,0.0,3.0,Final,0.0
2026-07-29,823596,ATL,NYM,AJ Smith-Shawver,Sean Manaea,NYM,0.5184587836265564,0.4815412163734436,2026-07-29T17:10:00Z,118.0,-146.0,0.1302401483058928,118.0,True,1.0,1.18,241.0,0.1855942244954465,0.0007701005165786,NYM,3.0,2.0,Final,1.0
2026-07-29,823598,ATL,NYM,Chris Sale,Christian Scott,NYM,0.5184587836265564,0.4815412163734436,2026-07-29T23:10:00Z,118.0,-146.0,0.1302401483058928,118.0,True,1.0,-1.0,243.0,-0.8144057755045535,-0.0033514640967265,,,,Postponed,
2026-07-29,823598,ATL,NYM,Chris Sale,Christian Scott,NYM,0.5184587836265564,0.4815412163734436,2026-07-29T23:10:00Z,118.0,-146.0,0.1302401483058928,118.0,True,1.0,-1.0,243.0,-0.8144057755045535,-0.0033514640967265,ATL,0.0,1.0,Final,0.0
2026-07-29,823677,KC,MIN,Randy Dobnak,Joe Ryan,MIN,0.5047525763511658,0.4952474236488342,2026-07-29T23:40:00Z,-136.0,169.0,-0.124105823390624,-136.0,False,0.0,0.0,243.0,-0.8144057755045535,-0.0033514640967265,KC,0.0,4.0,Final,0.0
2026-07-29,823837,PHI,MIA,Jesús Luzardo,Ryan Gusto,MIA,0.5005932450294495,0.4994067549705505,2026-07-29T16:10:00Z,,,,,False,0.0,0.0,243.0,-0.8144057755045535,-0.0033514640967265,MIA,8.0,6.0,Final,1.0
2026-07-29,823924,SEA,LAD,Emerson Hancock,Eric Lauer,LAD,0.5020252466201782,0.4979747533798218,2026-07-30T02:10:00Z,-154.0,148.0,-0.1719843334965891,-154.0,False,0.0,0.0,243.0,-0.8144057755045535,-0.0033514640967265,LAD,4.0,2.0,Final,1.0
2026-07-29,824002,HOU,LAA,Hayden Wesneski,Grayson Rodriguez,LAA,0.5075592994689941,0.4924407005310058,2026-07-30T01:38:00Z,114.0,-126.0,0.0861769008636472,114.0,True,1.0,-1.0,244.0,-1.8144057755045533,-0.0074360892438711,HOU,4.0,7.0,Final,0.0
2026-07-29,824242,BAL,DET,Trevor Rogers,Tarik Skubal,DET,0.5283852219581604,0.4716147780418396,2026-07-29T17:10:00Z,,,,,False,0.0,0.0,244.0,-1.8144057755045533,-0.0074360892438711,BAL,9.0,10.0,Final,0.0
2026-07-29,824487,CLE,CIN,Joey Cantillo,Brady Singer,CIN,0.5341514945030212,0.4658485054969787,2026-07-29T23:10:00Z,120.0,-142.0,0.1751332879066468,120.0,True,1.0,-1.0,245.0,-2.8144057755045537,-0.0114873705122634,CLE,1.0,6.0,Final,0.0
2026-07-29,824567,NYY,CWS,Cam Schlittler,Davis Martin,NYY,0.4836609661579132,0.5163390636444092,2026-07-29T23:40:00Z,124.0,-104.0,0.0128189325332642,-104.0,False,0.0,0.0,245.0,-2.8144057755045537,-0.0114873705122634,CWS,6.0,5.0,Final,0.0
2026-07-29,824973,BOS,ATH,Patrick Sandoval,Jacob Lopez,ATH,0.5129849910736084,0.4870150089263916,2026-07-30T01:40:00Z,135.0,-154.0,0.2055147290229797,135.0,True,1.0,-1.0,246.0,-3.8144057755045537,-0.0155057145345713,BOS,2.0,4.0,Final,0.0
2026-07-30,822946,TEX,TB,Cole Winn,Shane McClanahan,TB,0.5230594873428345,0.4769405126571655,2026-07-30T16:10:00Z,,,,,False,0.0,0.0,246.0,-3.8144057755045537,-0.0155057145345713,TB,3.0,2.0,Final,1.0
2026-07-30,823023,CHC,STL,Javier Assad,Andre Pallante,CHC,0.4898040890693664,0.5101959109306335,2026-07-30T18:15:00Z,,,,,False,0.0,0.0,246.0,-3.8144057755045537,-0.0155057145345713,CHC,2.0,4.0,Final,1.0
2026-07-30,823271,SF,SD,,JP Sears,SD,0.5056779384613037,0.4943220615386963,2026-07-31T01:40:00Z,-166.0,142.0,-0.1896967974053808,-166.0,False,0.0,0.0,246.0,-3.8144057755045537,-0.0155057145345713,SF,1.0,4.0,Final,0.0
2026-07-30,823595,MIA,NYM,Eury Pérez,Nolan McLean,NYM,0.5281730890274048,0.4718269109725952,2026-07-30T23:10:00Z,-126.0,114.0,-0.0526419196810041,-126.0,False,0.0,0.0,246.0,-3.8144057755045537,-0.0155057145345713,NYM,4.0,2.0,Final,1.0
2026-07-30,823674,KC,MIN,Noah Cameron,Bailey Ober,MIN,0.5047525763511658,0.4952474236488342,2026-07-30T17:40:00Z,,,,,False,0.0,0.0,246.0,-3.8144057755045537,-0.0155057145345713,MIN,4.0,3.0,Final,1.0
2026-07-30,823921,SEA,LAD,Bryan Woo,Roki Sasaki,LAD,0.5020252466201782,0.4979747533798218,2026-07-31T02:10:00Z,-144.0,129.0,-0.1493461098935869,-144.0,False,0.0,0.0,246.0,-3.8144057755045537,-0.0155057145345713,LAD,6.0,2.0,Final,1.0
2026-07-30,824488,PIT,CIN,Yohan Ramírez,Rhett Lowder,CIN,0.5243019461631775,0.4756980538368225,2026-07-30T23:10:00Z,108.0,-104.0,0.0905480480194091,108.0,True,1.0,1.08,247.0,-2.7344057755045537,-0.011070468726739,CIN,3.0,2.0,Final,1.0
2026-07-30,824568,NYY,CWS,Ryan Weathers,Sean Burke,NYY,0.4836609661579132,0.5163390636444092,2026-07-30T18:10:00Z,,,,,False,0.0,0.0,247.0,-2.7344057755045537,-0.011070468726739,CWS,2.0,1.0,Final,0.0
2026-07-30,824894,WSH,ATL,Jake Irvin,Grant Holmes,ATL,0.5369292497634888,0.4630707502365112,2026-07-30T23:15:00Z,-126.0,109.0,-0.0369364250273932,-126.0,False,0.0,0.0,247.0,-2.7344057755045537,-0.011070468726739,ATL,5.0,4.0,Final,1.0
2026-07-30,824974,BOS,ATH,Sonny Gray,Mason Barnett,ATH,0.5129849910736084,0.4870150089263916,2026-07-31T01:40:00Z,160.0,-190.0,0.3337609767913818,160.0,True,1.0,-1.0,248.0,-3.7344057755045537,-0.0150580878044538,BOS,4.0,5.0,Final,0.0
2026-07-31,822782,STL,TOR,Kyle Leahy,Dylan Cease,TOR,0.5273118615150452,0.4726881384849548,2026-07-31T23:07:00Z,-130.0,185.0,-0.0670636296272278,-130.0,False,0.0,0.0,248.0,-3.7344057755045537,-0.0150580878044538,TOR,3.0,1.0,Final,1.0
2026-07-31,822945,CWS,TB,Erick Fedde,Nick Martinez,TB,0.526607096195221,0.473392903804779,2026-07-31T23:10:00Z,135.0,148.0,0.2375266760587693,135.0,True,1.0,-1.0,249.0,-4.734405775504554,-0.0190136778132713,CWS,1.0,6.0,Final,0.0
2026-07-31,823111,MIN,SEA,Zebby Matthews,Bryce Miller,SEA,0.527010977268219,0.472989022731781,2026-08-01T02:10:00Z,-160.0,150.0,-0.1436071619391441,-160.0,False,0.0,0.0,249.0,-4.734405775504554,-0.0190136778132713,MIN,3.0,5.0,Final,0.0
2026-07-31,823272,SF,SD,Carson Whisenhunt,Bradgley Rodriguez,SD,0.5056779384613037,0.4943220615386963,2026-08-01T01:45:00Z,-142.0,132.0,-0.1382108372701725,-142.0,False,0.0,0.0,249.0,-4.734405775504554,-0.0190136778132713,SD,7.0,0.0,Final,1.0
2026-07-31,823593,MIA,NYM,Janson Junk,Kodai Senga,NYM,0.5281730890274048,0.4718269109725952,2026-07-31T23:10:00Z,-126.0,118.0,-0.0526419196810041,-126.0,False,0.0,0.0,249.0,-4.734405775504554,-0.0190136778132713,MIA,2.0,5.0,Final,0.0
2026-07-31,823922,BOS,LAD,Ranger Suarez,Edgardo Henriquez,LAD,0.5088015198707581,0.4911984801292419,2026-08-01T02:10:00Z,-128.0,142.0,-0.0936972927302122,-128.0,False,0.0,0.0,249.0,-4.734405775504554,-0.0190136778132713,BOS,4.0,9.0,Final,0.0
2026-07-31,823999,MIL,LAA,Shane Drohan,Ryan Johnson,MIL,0.4882248938083648,0.5117751359939575,2026-08-01T01:38:00Z,148.0,-114.0,-0.039299306116606,-114.0,False,0.0,0.0,249.0,-4.734405775504554,-0.0190136778132713,MIL,2.0,6.0,Final,1.0
2026-07-31,824164,TEX,HOU,Nathan Eovaldi,Hunter Brown,HOU,0.5026702284812927,0.4973297715187073,2026-08-01T00:15:00Z,110.0,112.0,0.0556074798107147,110.0,True,1.0,1.1,250.0,-3.6344057755045536,-0.0145376231020182,HOU,11.0,2.0,Final,1.0
2026-07-31,824325,KC,COL,Michael Wacha,Tomoyuki Sugano,KC,0.4966328740119934,0.5033671259880066,2026-08-01T00:40:00Z,-102.0,104.0,0.0268689370155335,104.0,True,1.0,-1.0,251.0,-4.634405775504554,-0.0184637680298986,COL,3.0,1.0,Final,0.0
2026-07-31,824407,AZ,CLE,Mitch Bratt,Tanner Bibee,AZ,0.4850607216358185,0.5149393081665039,2026-07-31T23:10:00Z,-154.0,240.0,0.7507936477661132,240.0,True,1.0,2.4,252.0,-2.234405775504554,-0.0088666895853355,AZ,1.0,4.0,Final,1.0
2026-07-31,824486,PIT,CIN,Paul Skenes,Hunter Greene,CIN,0.5243019461631775,0.4756980538368225,2026-07-31T22:10:00Z,106.0,292.0,0.0800620090961456,106.0,True,1.0,1.06,253.0,-1.174405775504554,-0.0046419200612828,CIN,8.0,7.0,Final,1.0
2026-07-31,824651,NYY,CHC,Will Warren,Shota Imanaga,NYY,0.497420996427536,0.5025789737701416,2026-07-31T18:20:00Z,114.0,-124.0,-0.0921154022216796,-124.0,False,0.0,0.0,253.0,-1.174405775504554,-0.0046419200612828,NYY,0.0,2.0,Final,1.0
2026-07-31,824809,PHI,BAL,Andrew Painter,Brandon Young,PHI,0.4827167987823486,0.5172832012176514,2026-07-31T23:05:00Z,120.0,125.0,0.1638872027397155,125.0,True,1.0,-1.0,254.0,-2.174405775504554,-0.0085606526594667,BAL,6.0,4.0,Final,0.0
2026-07-31,824892,WSH,ATL,Foster Griffin,Bryce Elder,ATL,0.5369292497634888,0.4630707502365112,2026-07-31T23:15:00Z,-184.0,170.0,-0.1712613753650499,-184.0,False,0.0,0.0,254.0,-2.174405775504554,-0.0085606526594667,ATL,6.0,2.0,Final,1.0
2026-07-31,824975,DET,ATH,Tyler Holton,Jeffrey Springs,ATH,0.5022492408752441,0.4977507591247558,2026-08-01T01:40:00Z,122.0,-132.0,0.1149933147430418,122.0,True,1.0,-1.0,255.0,-3.174405775504554,-0.0124486501000178,DET,1.0,13.0,Final,0.0
2026-08-01,822781,STL,TOR,Quinn Mathews,Kevin Gausman,TOR,0.5273118615150452,0.4726881384849548,2026-08-01T19:07:00Z,-110.0,100.0,0.0066862810741771,-110.0,False,0.0,0.0,255.0,-3.174405775504554,-0.0124486501000178,TOR,5.0,1.0,Final,1.0
2026-08-01,822944,CWS,TB,Jordan Hicks,Drew Rasmussen,TB,0.526607096195221,0.473392903804779,2026-08-01T20:10:00Z,-138.0,128.0,-0.0917935587357783,-138.0,False,0.0,0.0,255.0,-3.174405775504554,-0.0124486501000178,TB,1.0,0.0,Final,1.0
2026-08-01,823109,MIN,SEA,Connor Prielipp,Logan Gilbert,SEA,0.527010977268219,0.472989022731781,2026-08-01T20:10:00Z,-136.0,380.0,-0.0854809512110317,-136.0,False,0.0,0.0,255.0,-3.174405775504554,-0.0124486501000178,SEA,4.0,3.0,Final,1.0
2026-08-01,823269,SF,SD,Tyler Mahle,Walker Buehler,SD,0.5056779384613037,0.4943220615386963,2026-08-02T00:40:00Z,-138.0,134.0,-0.1278887727986211,-138.0,False,0.0,0.0,255.0,-3.174405775504554,-0.0124486501000178,SD,6.0,5.0,Final,1.0
2026-08-01,823594,MIA,NYM,Tyler Phillips,Zac Thornton,NYM,0.5281730890274048,0.4718269109725952,2026-08-01T20:10:00Z,106.0,-114.0,0.0880365633964539,106.0,True,1.0,-1.0,256.0,-4.174405775504554,-0.0163062725605646,MIA,2.0,6.0,Final,0.0
2026-08-01,823920,BOS,LAD,Payton Tolle,Yoshinobu Yamamoto,LAD,0.5088015198707581,0.4911984801292419,2026-08-02T01:10:00Z,-154.0,152.0,-0.1608078828105679,-154.0,False,0.0,0.0,256.0,-4.174405775504554,-0.0163062725605646,BOS,2.0,3.0,Final,0.0
2026-08-01,824000,MIL,LAA,Robert Gasser,Brent Suter,MIL,0.4882248938083648,0.5117751359939575,2026-08-02T01:38:00Z,198.0,-146.0,-0.1376939489416879,-146.0,False,0.0,0.0,256.0,-4.174405775504554,-0.0163062725605646,MIL,1.0,3.0,Final,1.0
2026-08-01,824162,TEX,HOU,Jacob deGrom,Ronel Blanco,HOU,0.5026702284812927,0.4973297715187073,2026-08-01T23:10:00Z,-105.0,112.0,-0.0185962205841427,-105.0,False,0.0,0.0,256.0,-4.174405775504554,-0.0163062725605646,HOU,5.0,4.0,Final,1.0
2026-08-01,824326,KC,COL,Luinder Avila,Ryan Feltner,KC,0.4966328740119934,0.5033671259880066,2026-08-02T00:10:00Z,-110.0,114.0,0.0772056496143339,114.0,True,1.0,-1.0,257.0,-5.174405775504554,-0.0201338746128581,COL,12.0,6.0,Final,0.0
2026-08-01,824405,AZ,CLE,Kohl Drake,Parker Messick,AZ,0.4850607216358185,0.5149393081665039,2026-08-01T23:15:00Z,-138.0,195.0,0.5190709590911866,195.0,True,1.0,1.95,258.0,-3.224405775504554,-0.0124976968042812,AZ,8.0,12.0,Final,1.0
2026-08-01,824485,PIT,CIN,Braxton Ashcraft,Andrew Abbott,CIN,0.5243019461631775,0.4756980538368225,2026-08-01T22:40:00Z,490.0,134.0,2.0933814823627475,490.0,True,1.0,-1.0,259.0,-4.224405775504554,-0.01631044700967,PIT,1.0,4.0,Final,0.0
2026-08-01,824649,NYY,CHC,Max Fried,David Peterson,NYY,0.497420996427536,0.5025789737701416,2026-08-01T23:15:00Z,116.0,160.0,0.3067053318023682,160.0,True,1.0,-1.0,260.0,-5.224405775504554,-0.0200938683673252,CHC,5.0,2.0,Final,0.0
2026-08-01,824808,PHI,BAL,Cristopher Sánchez,Shane Baz,PHI,0.4827167987823486,0.5172832012176514,2026-08-01T23:05:00Z,120.0,-115.0,-0.0329053194626518,-115.0,False,0.0,0.0,260.0,-5.224405775504554,-0.0200938683673252,PHI,0.0,5.0,Final,1.0
2026-08-01,824890,WSH,ATL,Miles Mikolas,Martín Pérez,ATL,0.5369292497634888,0.4630707502365112,2026-08-01T23:15:00Z,-120.0,350.0,-0.0156297087669372,-120.0,False,0.0,0.0,260.0,-5.224405775504554,-0.0200938683673252,ATL,8.0,3.0,Final,1.0
2026-08-01,824972,DET,ATH,Framber Valdez,Jack Perkins,ATH,0.5022492408752441,0.4977507591247558,2026-08-02T01:40:00Z,160.0,-106.0,0.3058480262756348,160.0,True,1.0,-1.0,261.0,-6.224405775504554,-0.0238482979904389,DET,6.0,8.0,Final,0.0
2026-08-02,822783,STL,TOR,Matthew Liberatore,Max Scherzer,TOR,0.5273118615150452,0.4726881384849548,2026-08-02T17:37:00Z,,,,,False,0.0,0.0,261.0,-6.224405775504554,-0.0238482979904389,STL,1.0,5.0,Final,0.0
2026-08-02,822943,CWS,TB,Anthony Kay,Griffin Jax,TB,0.526607096195221,0.473392903804779,2026-08-02T17:40:00Z,,,,,False,0.0,0.0,261.0,-6.224405775504554,-0.0238482979904389,CWS,1.0,9.0,Final,0.0
2026-08-02,823107,MIN,SEA,Taj Bradley,George Kirby,SEA,0.527010977268219,0.472989022731781,2026-08-02T20:10:00Z,,,,,False,0.0,0.0,261.0,-6.224405775504554,-0.0238482979904389,SEA,7.0,6.0,Final,1.0
2026-08-02,823270,SF,SD,Landen Roupp,Kyle Hart,SD,0.5056779384613037,0.4943220615386963,2026-08-02T20:10:00Z,,,,,False,0.0,0.0,261.0,-6.224405775504554,-0.0238482979904389,SD,5.0,4.0,Final,1.0
2026-08-02,823592,MIA,NYM,Sandy Alcantara,Robert Stock,NYM,0.5281730890274048,0.4718269109725952,2026-08-02T17:40:00Z,,,,,False,0.0,0.0,261.0,-6.224405775504554,-0.0238482979904389,MIA,0.0,2.0,Final,0.0
2026-08-02,823919,BOS,LAD,Jake Bennett,Emmet Sheehan,LAD,0.5088015198707581,0.4911984801292419,2026-08-02T23:20:00Z,-160.0,140.0,-0.1731975302100181,-160.0,False,0.0,0.0,261.0,-6.224405775504554,-0.0238482979904389,BOS,4.0,8.0,Final,0.0
2026-08-02,823996,MIL,LAA,Jacob Misiorowski,Walbert Ureña,MIL,0.4882248938083648,0.5117751359939575,2026-08-02T19:15:00Z,,,,,False,0.0,0.0,261.0,-6.224405775504554,-0.0238482979904389,LAA,3.0,0.0,Final,0.0
2026-08-02,824163,TEX,HOU,Kumar Rocker,Peter Lambert,HOU,0.5026702284812927,0.4973297715187073,2026-08-02T18:10:00Z,,,,,False,0.0,0.0,261.0,-6.224405775504554,-0.0238482979904389,HOU,7.0,3.0,Final,1.0
2026-08-02,824323,KC,COL,Seth Lugo,Kyle Freeland,KC,0.4966328740119934,0.5033671259880066,2026-08-02T19:10:00Z,,,,,False,0.0,0.0,261.0,-6.224405775504554,-0.0238482979904389,COL,8.0,1.0,Final,0.0
2026-08-02,824404,AZ,CLE,Merrill Kelly,Gavin Williams,AZ,0.4850607216358185,0.5149393081665039,2026-08-02T17:40:00Z,,,,,False,0.0,0.0,261.0,-6.224405775504554,-0.0238482979904389,CLE,5.0,0.0,Final,0.0
2026-08-02,824483,PIT,CIN,Mitch Keller,Chase Burns,CIN,0.5243019461631775,0.4756980538368225,2026-08-02T17:40:00Z,,,,,False,0.0,0.0,261.0,-6.224405775504554,-0.0238482979904389,CIN,10.0,2.0,Final,1.0
2026-08-02,824648,NYY,CHC,Gerrit Cole,Colin Rea,NYY,0.497420996427536,0.5025789737701416,2026-08-02T18:20:00Z,,,,,False,0.0,0.0,261.0,-6.224405775504554,-0.0238482979904389,NYY,1.0,2.0,Final,1.0
2026-08-02,824807,PHI,BAL,Zack Wheeler,Kyle Bradish,PHI,0.4827167987823486,0.5172832012176514,2026-08-02T17:35:00Z,,,,,False,0.0,0.0,261.0,-6.224405775504554,-0.0238482979904389,PHI,0.0,8.0,Completed Early,1.0
2026-08-02,824891,WSH,ATL,Cade Cavalli,JR Ritchie,ATL,0.5369292497634888,0.4630707502365112,2026-08-02T17:35:00Z,,,,,False,0.0,0.0,261.0,-6.224405775504554,-0.0238482979904389,ATL,4.0,2.0,Final,1.0
2026-08-02,824971,DET,ATH,Keider Montero,Gage Jump,ATH,0.5022492408752441,0.4977507591247558,2026-08-02T20:05:00Z,,,,,False,0.0,0.0,261.0,-6.224405775504554,-0.0238482979904389,DET,0.0,11.0,Final,0.0
2026-08-03,822867,SF,TEX,Logan Webb,Cal Quantrill,TEX,0.5231785774230957,0.4768214225769043,2026-08-04T00:05:00Z,-130.0,166.0,-0.0743763630206768,-130.0,False,0.0,0.0,261.0,-6.224405775504554,-0.0238482979904389,SF,1.0,5.0,Final,0.0
2026-08-03,823431,WSH,PHI,Andrew Alvarez,Aaron Nola,PHI,0.5378069281578064,0.4621930718421936,2026-08-03T22:40:00Z,260.0,198.0,0.9361049413681032,260.0,True,1.0,2.6,262.0,-3.624405775504554,-0.01383360983017,PHI,6.0,3.0,Final,1.0
2026-08-03,823520,STL,NYY,Michael McGreevy,Cam Schlittler,NYY,0.5320799946784973,0.4679200053215027,2026-08-03T23:05:00Z,125.0,140.0,0.1971799880266189,125.0,True,1.0,-1.0,263.0,-4.624405775504554,-0.0175832919220705,STL,7.0,13.0,Final,0.0
2026-08-03,823757,PIT,MIL,Bubba Chandler,Brandon Sproat,MIL,0.5124495625495911,0.4875504374504089,2026-08-03T23:40:00Z,-144.0,136.0,-0.1316826856798595,-144.0,False,0.0,0.0,263.0,-4.624405775504554,-0.0175832919220705,PIT,3.0,4.0,Final,0.0
2026-08-03,824160,TOR,HOU,Shane Bieber,Cristian Javier,TOR,0.4900389909744262,0.5099610090255737,2026-08-04T00:10:00Z,-131.0,134.0,0.1933087611198424,134.0,True,1.0,1.34,264.0,-3.2844057755045544,-0.0124409309678202,TOR,1.0,3.0,Final,1.0
2026-08-03,824324,TB,COL,Ian Seymour,Michael Lorenzen,COL,0.5028969645500183,0.4971030354499817,2026-08-04T00:40:00Z,158.0,-130.0,0.2974741685390473,158.0,True,1.0,-1.0,265.0,-4.284405775504554,-0.0161675689641681,TB,9.0,13.0,Final,0.0
2026-08-03,824647,LAD,CHC,Justin Wrobleski,Matthew Boyd,CHC,0.516752302646637,0.483247697353363,2026-08-04T00:05:00Z,176.0,-122.0,0.4262363553047179,176.0,True,1.0,1.76,266.0,-2.5244057755045546,-0.0094902472763329,CHC,10.0,5.0,Final,1.0
2026-08-03,825095,SD,AZ,Michael King,Brandon Pfaadt,AZ,0.5167202949523926,0.4832797050476074,2026-08-04T01:40:00Z,-110.0,112.0,-0.0135339823636141,-110.0,False,0.0,0.0,266.0,-2.5244057755045546,-0.0094902472763329,AZ,5.0,1.0,Final,1.0
2026-08-04,822865,SF,TEX,Blade Tidwell,MacKenzie Gore,TEX,0.5231785774230957,0.4768214225769043,2026-08-05T00:05:00Z,-187.0,176.0,-0.1970467822436981,-187.0,False,0.0,0.0,266.0,-2.5244057755045546,-0.0094902472763329,TEX,5.0,4.0,Final,1.0
2026-08-04,823108,DET,SEA,Troy Melton,Emerson Hancock,SEA,0.5080679059028625,0.4919320940971374,2026-08-05T01:40:00Z,-118.0,124.0,-0.061366072145559,-118.0,False,0.0,0.0,266.0,-2.5244057755045546,-0.0094902472763329,DET,0.0,8.0,Final,0.0
2026-08-04,823432,WSH,PHI,Carson Palmquist,Jesús Luzardo,PHI,0.5378069281578064,0.4621930718421936,2026-08-04T22:40:00Z,-164.0,1500.0,-0.1342620180874335,-164.0,False,0.0,0.0,266.0,-2.5244057755045546,-0.0094902472763329,PHI,5.0,0.0,Final,1.0
2026-08-04,823517,STL,NYY,Hunter Dobbins,Ryan Weathers,NYY,0.5320799946784973,0.4679200053215027,2026-08-04T23:05:00Z,-152.0,230.0,-0.1178673772435439,-152.0,False,0.0,0.0,266.0,-2.5244057755045546,-0.0094902472763329,NYY,2.0,0.0,Final,1.0
2026-08-04,823756,PIT,MIL,Jared Jones,Logan Henderson,MIL,0.5124495625495911,0.4875504374504089,2026-08-04T23:40:00Z,-130.0,132.0,-0.0933584662584158,-130.0,False,0.0,0.0,266.0,-2.5244057755045546,-0.0094902472763329,MIL,4.0,2.0,Final,1.0
2026-08-04,824084,MIN,KC,Joe Ryan,Randy Dobnak,KC,0.5281887650489807,0.4718112349510193,2026-08-04T23:40:00Z,138.0,-104.0,0.257089260816574,138.0,True,1.0,1.38,267.0,-1.1444057755045547,-0.0042861639532005,KC,8.0,2.0,Final,1.0
2026-08-04,824161,TOR,HOU,Trey Yesavage,Hayden Wesneski,TOR,0.4900389909744262,0.5099610090255737,2026-08-05T00:10:00Z,-136.0,140.0,0.2239064216613768,140.0,True,1.0,-1.0,268.0,-2.1444057755045547,-0.0080015140877035,HOU,7.0,2.0,Final,0.0
2026-08-04,824321,TB,COL,Freddy Peralta,Gabriel Hughes,COL,0.5028969645500183,0.4971030354499817,2026-08-05T00:40:00Z,159.0,-154.0,0.3025031381845473,159.0,True,1.0,-1.0,269.0,-3.1444057755045547,-0.0116892408011321,TB,7.0,9.0,Final,0.0
2026-08-04,824403,NYM,CLE,Sean Manaea,Joey Cantillo,NYM,0.4845889508724212,0.5154110193252563,2026-08-04T22:40:00Z,384.0,-118.0,-0.0477999812465603,-118.0,False,0.0,0.0,269.0,-3.1444057755045547,-0.0116892408011321,NYM,2.0,6.0,Final,1.0
2026-08-04,824484,ATH,CIN,J.T. Ginn,Brady Singer,CIN,0.5162203311920166,0.4837796688079834,2026-08-04T22:40:00Z,125.0,124.0,0.1614957451820373,125.0,True,1.0,1.25,270.0,-1.8944057755045547,-0.0070163176870539,CIN,5.0,4.0,Final,1.0
2026-08-04,824645,LAD,CHC,Tarik Skubal,Javier Assad,CHC,0.516752302646637,0.483247697353363,2026-08-05T00:05:00Z,176.0,106.0,0.4262363553047179,176.0,True,1.0,1.76,271.0,-0.1344057755045546,-0.0004959622712345,CHC,5.0,1.0,Final,1.0
2026-08-04,824731,CWS,BOS,Davis Martin,Patrick Sandoval,BOS,0.5207661390304565,0.4792338609695434,2026-08-04T23:10:00Z,-116.0,2000.0,-0.0302975342191499,-116.0,False,0.0,0.0,271.0,-0.1344057755045546,-0.0004959622712345,BOS,14.0,2.0,Final,1.0
2026-08-04,824805,LAA,BAL,Grayson Rodriguez,Cade Povich,BAL,0.5006291270256042,0.4993708729743957,2026-08-04T22:35:00Z,-136.0,370.0,-0.1312612207496867,-136.0,False,0.0,0.0,271.0,-0.1344057755045546,-0.0004959622712345,BAL,3.0,1.0,Final,1.0
2026-08-04,824888,MIA,ATL,Ryan Gusto,Grant Holmes,ATL,0.512153148651123,0.4878468513488769,2026-08-04T23:15:00Z,-126.0,154.0,-0.0813760984511603,-126.0,False,0.0,0.0,271.0,-0.1344057755045546,-0.0004959622712345,ATL,4.0,2.0,Final,1.0
2026-08-04,825054,SD,AZ,Randy Vásquez,Eduardo Rodriguez,AZ,0.5167202949523926,0.4832797050476074,2026-08-05T01:40:00Z,-108.0,105.0,-0.0048349874990957,-108.0,False,0.0,0.0,271.0,-0.1344057755045546,-0.0004959622712345,SD,4.0,9.0,Final,0.0
2026-08-05,822866,SF,TEX,Carson Whisenhunt,Cody Bradford,TEX,0.5231785774230957,0.4768214225769043,2026-08-05T18:35:00Z,,,,,False,0.0,0.0,271.0,-0.1344057755045546,-0.0004959622712345,TEX,6.0,0.0,Final,1.0
2026-08-05,823106,DET,SEA,Drew Anderson,Bryan Woo,SEA,0.5080679059028625,0.4919320940971374,2026-08-06T01:40:00Z,-130.0,138.0,-0.1011106280180124,-130.0,False,0.0,0.0,271.0,-0.1344057755045546,-0.0004959622712345,SEA,4.0,2.0,Final,1.0
2026-08-05,823429,WSH,PHI,Jake Irvin,Andrew Painter,PHI,0.5378069281578064,0.4621930718421936,2026-08-05T22:40:00Z,-120.0,270.0,-0.0140206317106881,-120.0,False,0.0,0.0,271.0,-0.1344057755045546,-0.0004959622712345,WSH,4.0,10.0,Final,0.0
2026-08-05,823516,STL,NYY,Andre Pallante,Will Warren,NYY,0.5320799946784973,0.4679200053215027,2026-08-05T23:05:00Z,-150.0,144.0,-0.1132000088691712,-150.0,False,0.0,0.0,271.0,-0.1344057755045546,-0.0004959622712345,STL,1.0,3.0,Final,0.0
2026-08-05,823753,PIT,MIL,Paul Skenes,Kyle Harrison,MIL,0.5124495625495911,0.4875504374504089,2026-08-05T23:40:00Z,-126.0,120.0,-0.080844435426924,-126.0,False,0.0,0.0,271.0,-0.1344057755045546,-0.0004959622712345,MIL,4.0,2.0,Final,1.0
2026-08-05,824082,MIN,KC,Dean Kremer,Noah Cameron,KC,0.5281887650489807,0.4718112349510193,2026-08-05T23:40:00Z,-113.0,107.0,-0.0043875490669655,-113.0,False,0.0,0.0,271.0,-0.1344057755045546,-0.0004959622712345,KC,2.0,1.0,Final,1.0
2026-08-05,824158,TOR,HOU,Jameson Taillon,Hunter Brown,TOR,0.4900389909744262,0.5099610090255737,2026-08-05T18:10:00Z,,,,,False,0.0,0.0,271.0,-0.1344057755045546,-0.0004959622712345,TOR,4.0,5.0,Final,1.0
2026-08-05,824322,TB,COL,Nick Martinez,Tomoyuki Sugano,COL,0.5028969645500183,0.4971030354499817,2026-08-05T19:10:00Z,,,,,False,0.0,0.0,271.0,-0.1344057755045546,-0.0004959622712345,TB,0.0,4.0,Final,0.0
2026-08-05,824402,NYM,CLE,Christian Scott,Tanner Bibee,NYM,0.4845889508724212,0.5154110193252563,2026-08-05T22:40:00Z,230.0,-110.0,-0.0160335085608742,-110.0,False,0.0,0.0,271.0,-0.1344057755045546,-0.0004959622712345,NYM,5.0,6.0,Final,1.0
2026-08-05,824482,ATH,CIN,Jacob Lopez,Rhett Lowder,CIN,0.5162203311920166,0.4837796688079834,2026-08-05T22:40:00Z,-156.0,170.0,-0.1528692000951522,-156.0,False,0.0,0.0,271.0,-0.1344057755045546,-0.0004959622712345,CIN,3.0,2.0,Final,1.0
2026-08-05,824646,LAD,CHC,Eric Lauer,Shota Imanaga,CHC,0.516752302646637,0.483247697353363,2026-08-05T18:20:00Z,,,,,False,0.0,0.0,271.0,-0.1344057755045546,-0.0004959622712345,CHC,7.0,6.0,Final,1.0
2026-08-05,824728,CWS,BOS,Sean Burke,Sonny Gray,BOS,0.5207661390304565,0.4792338609695434,2026-08-05T23:10:00Z,-178.0,220.0,-0.1866686143232195,-178.0,False,0.0,0.0,271.0,-0.1344057755045546,-0.0004959622712345,BOS,4.0,0.0,Final,1.0
2026-08-05,824806,LAA,BAL,Reid Detmers,Trevor Rogers,BAL,0.5006291270256042,0.4993708729743957,2026-08-05T22:35:00Z,-159.0,155.0,-0.1845097867947705,-159.0,False,0.0,0.0,271.0,-0.1344057755045546,-0.0004959622712345,BAL,5.0,2.0,Final,1.0
2026-08-05,824889,MIA,ATL,Eury Pérez,Bryce Elder,ATL,0.512153148651123,0.4878468513488769,2026-08-05T23:15:00Z,-125.0,134.0,-0.0781243324279785,-125.0,False,0.0,0.0,271.0,-0.1344057755045546,-0.0004959622712345,ATL,4.0,1.0,Final,1.0
2026-08-05,825052,SD,AZ,Casey Mize,Mitch Bratt,AZ,0.5167202949523926,0.4832797050476074,2026-08-06T01:40:00Z,120.0,-102.0,0.1367846488952637,120.0,True,1.0,1.2,272.0,1.0655942244954453,0.0039176258253509,AZ,10.0,4.0,Final,1.0
2026-08-06,823105,DET,SEA,Framber Valdez,Bryce Miller,SEA,0.5080679059028625,0.4919320940971374,2026-08-06T20:10:00Z,,,,,False,0.0,0.0,272.0,1.0655942244954453,0.0039176258253509,DET,0.0,11.0,Final,0.0
2026-08-06,823430,WSH,PHI,Miles Mikolas,Cristopher Sánchez,PHI,0.5378069281578064,0.4621930718421936,2026-08-06T22:05:00Z,,,,,False,0.0,0.0,272.0,1.0655942244954453,0.0039176258253509,PHI,7.0,3.0,Final,1.0
2026-08-06,823754,PIT,MIL,Braxton Ashcraft,Dustin May,MIL,0.5124495625495911,0.4875504374504089,2026-08-06T18:10:00Z,,,,,False,0.0,0.0,272.0,1.0655942244954453,0.0039176258253509,MIL,5.0,2.0,Final,1.0
2026-08-06,824080,MIN,KC,Bailey Ober,Michael Wacha,KC,0.5281887650489807,0.4718112349510193,2026-08-06T23:40:00Z,-800.0,610.0,-0.4057876393198967,-800.0,False,0.0,0.0,272.0,1.0655942244954453,0.0039176258253509,MIN,3.0,4.0,Final,0.0
2026-08-06,824401,NYM,CLE,Nolan McLean,Foster Griffin,NYM,0.4845889508724212,0.5154110193252563,2026-08-06T17:10:00Z,,,,,False,0.0,0.0,272.0,1.0655942244954453,0.0039176258253509,NYM,6.0,13.0,Final,1.0
2026-08-06,824481,ATH,CIN,Mason Barnett,Andrew Abbott,CIN,0.5162203311920166,0.4837796688079834,2026-08-06T16:40:00Z,,,,,False,0.0,0.0,272.0,1.0655942244954453,0.0039176258253509,CIN,6.0,5.0,Final,1.0
2026-08-06,824664,TOR,CHC,Dylan Cease,David Peterson,CHC,0.5080572366714478,0.4919427633285522,2026-08-06T18:20:00Z,,,,,False,0.0,0.0,272.0,1.0655942244954453,0.0039176258253509,,,,Postponed,
2026-08-06,824664,TOR,CHC,Dylan Cease,David Peterson,CHC,0.5080572366714478,0.4919427633285522,2026-08-06T18:20:00Z,,,,,False,0.0,0.0,272.0,1.0655942244954453,0.0039176258253509,CHC,3.0,2.0,Final,1.0
2026-08-06,824729,CWS,BOS,Luis Castillo,Ranger Suarez,BOS,0.5207661390304565,0.4792338609695434,2026-08-06T23:10:00Z,150.0,-170.0,0.3019153475761413,150.0,True,1.0,1.5,273.0,2.5655942244954453,0.0093977810421078,BOS,12.0,11.0,Final,1.0
2026-08-06,824804,LAA,BAL,Ryan Johnson,Brandon Young,BAL,0.5006291270256042,0.4993708729743957,2026-08-06T16:35:00Z,,,,,False,0.0,0.0,273.0,2.5655942244954453,0.0093977810421078,LAA,1.0,4.0,Final,0.0
2026-08-06,824885,MIA,ATL,Janson Junk,Martín Pérez,ATL,0.512153148651123,0.4878468513488769,2026-08-06T23:15:00Z,-585.0,600.0,-0.4002993045709072,-585.0,False,0.0,0.0,273.0,2.5655942244954453,0.0093977810421078,ATL,11.0,3.0,Final,1.0
2026-08-06,825053,SD,AZ,Walker Buehler,Kohl Drake,AZ,0.5167202949523926,0.4832797050476074,2026-08-07T01:40:00Z,100.0,-106.0,0.0334405899047851,100.0,True,1.0,-1.0,274.0,1.5655942244954453,0.0057138475346549,SD,1.0,5.0,Final,0.0
2026-08-07,822699,CIN,WSH,Chase Petty,Cade Cavalli,CIN,0.4919545352458954,0.5080454349517822,2026-08-07T22:45:00Z,130.0,111.0,0.0719758677482607,111.0,True,1.0,-1.0,275.0,0.5655942244954453,0.0020567062708925,WSH,5.0,3.0,Final,0.0
2026-08-07,822863,BAL,TEX,Shane Baz,Nathan Eovaldi,TEX,0.5256237983703613,0.4743762016296386,2026-08-08T00:15:00Z,-138.0,129.0,-0.0934893912163333,-138.0,False,0.0,0.0,275.0,0.5655942244954453,0.0020567062708925,TEX,2.0,1.0,Final,1.0
2026-08-07,823024,COL,STL,Ryan Feltner,Kyle Leahy,STL,0.5406366586685181,0.4593633413314819,2026-08-08T00:15:00Z,-152.0,153.0,-0.1036813290495621,-152.0,False,0.0,0.0,275.0,0.5655942244954453,0.0020567062708925,STL,3.0,2.0,Final,1.0
2026-08-07,823103,TB,SEA,Drew Rasmussen,Logan Gilbert,SEA,0.505324125289917,0.494675874710083,2026-08-08T01:45:00Z,-112.0,104.0,-0.0434936199869428,-112.0,False,0.0,0.0,275.0,0.5655942244954453,0.0020567062708925,TB,1.0,2.0,Final,0.0
2026-08-07,823191,DET,SF,Keider Montero,JT Brubaker,SF,0.5224815607070923,0.4775184392929077,2026-08-08T02:15:00Z,125.0,-112.0,0.1755835115909576,125.0,True,1.0,1.25,276.0,1.8155942244954453,0.006578239943824,SF,5.0,2.0,Final,1.0
2026-08-07,823266,HOU,SD,Ronel Blanco,Robbie Ray,SD,0.5144348740577698,0.4855651259422302,2026-08-08T01:40:00Z,-108.0,104.0,-0.0092365388517026,-108.0,False,0.0,0.0,276.0,1.8155942244954453,0.006578239943824,HOU,3.0,6.0,Final,0.0
2026-08-07,823349,NYM,PIT,Zac Thornton,Carmen Mlodzinski,NYM,0.4926423132419586,0.5073577165603638,2026-08-07T22:40:00Z,155.0,120.0,0.1161869764328004,120.0,True,1.0,1.2,277.0,3.015594224495445,0.010886621749081,NYM,4.0,6.0,Final,1.0
2026-08-07,823428,TOR,PHI,José Soriano,Zack Wheeler,PHI,0.5254248380661011,0.4745751619338989,2026-08-07T22:40:00Z,-152.0,187.0,-0.1289009263640955,-152.0,False,0.0,0.0,277.0,3.015594224495445,0.010886621749081,TOR,4.0,5.0,Final,0.0
2026-08-07,823515,ATL,NYY,Tyler Mahle,Max Fried,NYY,0.5299554467201233,0.4700445532798767,2026-08-07T23:05:00Z,112.0,114.0,0.1235055470466613,112.0,True,1.0,1.12,278.0,4.135594224495446,0.0148762382176095,NYY,3.0,2.0,Final,1.0
2026-08-07,823750,MIN,MIL,Zebby Matthews,Shane Drohan,MIL,0.5241471529006958,0.4758528470993042,2026-08-07T23:40:00Z,-148.0,158.0,-0.1216993654096448,-148.0,False,0.0,0.0,278.0,4.135594224495446,0.0148762382176095,MIN,6.0,8.0,Final,0.0
2026-08-07,823836,LAA,MIA,George Klassen,Tyler Phillips,LAA,0.4976746141910553,0.5023254156112671,2026-08-07T23:10:00Z,-155.0,157.0,0.2909763181209566,157.0,True,1.0,1.57,279.0,5.705594224495446,0.0204501585107363,LAA,3.0,4.0,Final,1.0
2026-08-07,824081,CHC,KC,Kevin Gausman,Daniel Lynch IV,KC,0.5309637784957886,0.4690362215042114,2026-08-08T00:10:00Z,153.0,-164.0,0.3433383595943452,153.0,True,1.0,-1.0,280.0,4.705594224495446,0.0168056936589123,CHC,4.0,6.0,Final,0.0
2026-08-07,824566,CLE,CWS,Parker Messick,Noah Schultz,CWS,0.5022341012954712,0.4977658987045288,2026-08-07T23:40:00Z,126.0,-130.0,0.1350490689277648,126.0,True,1.0,-1.0,281.0,3.705594224495446,0.0131871680587026,CLE,2.0,8.0,Final,0.0
2026-08-07,824727,ATH,BOS,Jack Perkins,Payton Tolle,BOS,0.5038236975669861,0.4961763024330139,2026-08-07T23:10:00Z,-215.0,289.0,-0.2618396989134856,-215.0,False,0.0,0.0,281.0,3.705594224495446,0.0131871680587026,BOS,13.0,1.0,Final,1.0
2026-08-07,825051,LAD,AZ,Roki Sasaki,Merrill Kelly,AZ,0.5077323317527771,0.4922676682472229,2026-08-08T01:40:00Z,158.0,-170.0,0.3099494159221649,158.0,True,1.0,1.58,282.0,5.285594224495446,0.0187432419308349,AZ,4.0,3.0,Final,1.0
2026-08-08,822701,CIN,WSH,Chase Burns,Andrew Alvarez,CIN,0.4919545352458954,0.5080454349517822,2026-08-08T22:45:00Z,115.0,-112.0,-0.038342569555555,-112.0,False,0.0,0.0,282.0,5.285594224495446,0.0187432419308349,WSH,8.0,2.0,Final,0.0
2026-08-08,822864,BAL,TEX,Kyle Bradish,Jacob deGrom,TEX,0.5256237983703613,0.4743762016296386,2026-08-08T23:15:00Z,-134.0,136.0,-0.0821196356816078,-134.0,False,0.0,0.0,282.0,5.285594224495446,0.0187432419308349,TEX,5.0,1.0,Final,1.0
2026-08-08,823021,COL,STL,Kyle Freeland,Matthew Liberatore,STL,0.5406366586685181,0.4593633413314819,2026-08-08T23:15:00Z,-154.0,143.0,-0.1083005759623143,-154.0,False,0.0,0.0,282.0,5.285594224495446,0.0187432419308349,COL,6.0,8.0,Final,0.0
2026-08-08,823102,TB,SEA,Griffin Jax,George Kirby,SEA,0.505324125289917,0.494675874710083,2026-08-09T01:50:00Z,-116.0,108.0,-0.0590516287704994,-116.0,False,0.0,0.0,282.0,5.285594224495446,0.0187432419308349,TB,2.0,3.0,Final,0.0
2026-08-08,823188,DET,SF,Jackson Jobe,Landen Roupp,SF,0.5224815607070923,0.4775184392929077,2026-08-08T23:15:00Z,108.0,-114.0,0.086761646270752,108.0,True,1.0,-1.0,283.0,4.285594224495446,0.0151434424893832,DET,0.0,8.0,Final,0.0
2026-08-08,823267,HOU,SD,Peter Lambert,Michael King,SD,0.5144348740577698,0.4855651259422302,2026-08-08T23:15:00Z,-116.0,108.0,-0.0420867862372563,-116.0,False,0.0,0.0,283.0,4.285594224495446,0.0151434424893832,SD,3.0,2.0,Final,1.0
2026-08-08,823348,NYM,PIT,Robert Stock,Bubba Chandler,NYM,0.4926423132419586,0.5073577165603638,2026-08-08T22:40:00Z,-137.0,379.0,1.4302434623241425,379.0,True,1.0,-1.0,284.0,3.285594224495446,0.0115689937482234,PIT,9.0,0.0,Final,0.0
2026-08-08,823426,TOR,PHI,Max Scherzer,Aaron Nola,PHI,0.5254248380661011,0.4745751619338989,2026-08-08T22:05:00Z,145.0,168.0,0.2872908532619477,145.0,True,1.0,-1.0,285.0,2.285594224495446,0.0080196288578787,TOR,5.0,7.0,Final,0.0
2026-08-08,823514,ATL,NYY,Chris Sale,Gerrit Cole,NYY,0.5299554467201233,0.4700445532798767,2026-08-08T19:05:00Z,-150.0,134.0,-0.1167409221331279,-150.0,False,0.0,0.0,285.0,2.285594224495446,0.0080196288578787,NYY,5.0,4.0,Final,1.0
2026-08-08,823752,MIN,MIL,Taj Bradley,Robert Gasser,MIL,0.5241471529006958,0.4758528470993042,2026-08-08T23:10:00Z,-140.0,199.0,-0.1014620235988071,-140.0,False,0.0,0.0,285.0,2.285594224495446,0.0080196288578787,MIL,4.0,3.0,Final,1.0
2026-08-08,823834,LAA,MIA,Walbert Ureña,Sandy Alcantara,LAA,0.4976746141910553,0.5023254156112671,2026-08-08T20:10:00Z,-156.0,134.0,0.1754414725303649,134.0,True,1.0,-1.0,286.0,1.285594224495446,0.004495084701033,MIA,7.0,0.0,Final,0.0
2026-08-08,824079,CHC,KC,Clay Holmes,Seth Lugo,KC,0.5309637784957886,0.4690362215042114,2026-08-08T23:10:00Z,140.0,-148.0,0.2743130683898925,140.0,True,1.0,1.4,287.0,2.685594224495446,0.0093574711654893,KC,6.0,3.0,Final,1.0
2026-08-08,824565,CLE,CWS,Gavin Williams,Anthony Kay,CWS,0.5022341012954712,0.4977658987045288,2026-08-08T23:15:00Z,117.0,-105.0,0.0898479998111724,117.0,True,1.0,1.17,288.0,3.8555942244954458,0.0133874799461647,CWS,6.0,3.0,Final,1.0
2026-08-08,824726,ATH,BOS,Gage Jump,Jake Bennett,BOS,0.5038236975669861,0.4961763024330139,2026-08-08T20:10:00Z,2600.0,-3000.0,12.603239834308624,2600.0,True,1.0,-1.0,289.0,2.8555942244954458,0.0098809488736866,ATH,3.0,7.0,Final,0.0
2026-08-08,825049,LAD,AZ,Yoshinobu Yamamoto,Brandon Pfaadt,AZ,0.5077323317527771,0.4922676682472229,2026-08-09T00:10:00Z,178.0,-142.0,0.4114958822727205,178.0,True,1.0,-1.0,290.0,1.8555942244954453,0.0063986007741222,LAD,1.0,2.0,Final,0.0
2026-08-09,822700,CIN,WSH,Brady Singer,Brad Lord,CIN,0.4919545352458954,0.5080454349517822,2026-08-09T16:15:00Z,,,,,False,0.0,0.0,290.0,1.8555942244954453,0.0063986007741222,WSH,7.0,1.0,Final,0.0
2026-08-09,822862,BAL,TEX,Cade Povich,Kumar Rocker,TEX,0.5256237983703613,0.4743762016296386,2026-08-09T18:35:00Z,,,,,False,0.0,0.0,290.0,1.8555942244954453,0.0063986007741222,BAL,5.0,10.0,Final,0.0
2026-08-09,823020,COL,STL,Michael Lorenzen,Michael McGreevy,STL,0.5406366586685181,0.4593633413314819,2026-08-09T18:15:00Z,,,,,False,0.0,0.0,290.0,1.8555942244954453,0.0063986007741222,STL,7.0,4.0,Final,1.0
2026-08-09,823104,TB,SEA,Ian Seymour,Emerson Hancock,SEA,0.505324125289917,0.494675874710083,2026-08-09T20:10:00Z,1960.0,-6400.0,9.409676980972293,1960.0,True,1.0,-1.0,291.0,0.8555942244954458,0.0029401863384723,TB,1.0,4.0,Final,0.0
2026-08-09,823190,DET,SF,Troy Melton,Logan Webb,SF,0.5224815607070923,0.4775184392929077,2026-08-09T20:05:00Z,,,,,False,0.0,0.0,291.0,0.8555942244954458,0.0029401863384723,DET,1.0,3.0,Final,0.0
2026-08-09,823268,HOU,SD,Cristian Javier,Randy Vásquez,SD,0.5144348740577698,0.4855651259422302,2026-08-10T00:20:00Z,-111.0,106.0,-0.0221102844487438,-111.0,False,0.0,0.0,291.0,0.8555942244954458,0.0029401863384723,SD,7.0,2.0,Final,1.0
2026-08-09,823345,NYM,PIT,Sean Manaea,Jared Jones,NYM,0.4926423132419586,0.5073577165603638,2026-08-09T17:35:00Z,,,,,False,0.0,0.0,291.0,0.8555942244954458,0.0029401863384723,NYM,1.0,11.0,Final,1.0
2026-08-09,823425,TOR,PHI,Shane Bieber,Jesús Luzardo,PHI,0.5254248380661011,0.4745751619338989,2026-08-09T17:35:00Z,,,,,False,0.0,0.0,291.0,0.8555942244954458,0.0029401863384723,PHI,7.0,6.0,Final,1.0
2026-08-09,823513,ATL,NYY,Grant Holmes,Cam Schlittler,NYY,0.5299554467201233,0.4700445532798767,2026-08-09T17:35:00Z,,,,,False,0.0,0.0,291.0,0.8555942244954458,0.0029401863384723,ATL,1.0,2.0,Final,0.0
2026-08-09,823751,MIN,MIL,Connor Prielipp,Jacob Misiorowski,MIL,0.5241471529006958,0.4758528470993042,2026-08-09T18:10:00Z,,,,,False,0.0,0.0,291.0,0.8555942244954458,0.0029401863384723,MIL,4.0,3.0,Final,1.0
2026-08-09,823835,LAA,MIA,Grayson Rodriguez,Ryan Gusto,LAA,0.4976746141910553,0.5023254156112671,2026-08-09T17:40:00Z,,,,,False,0.0,0.0,291.0,0.8555942244954458,0.0029401863384723,MIA,12.0,3.0,Final,0.0
2026-08-09,824078,CHC,KC,Matthew Boyd,Randy Dobnak,KC,0.5309637784957886,0.4690362215042114,2026-08-09T18:10:00Z,,,,,False,0.0,0.0,291.0,0.8555942244954458,0.0029401863384723,CHC,2.0,10.0,Final,0.0
2026-08-09,824564,CLE,CWS,Joey Cantillo,Davis Martin,CWS,0.5022341012954712,0.4977658987045288,2026-08-09T18:10:00Z,-4000.0,3200.0,-0.4852100461721421,-4000.0,False,0.0,0.0,291.0,0.8555942244954458,0.0029401863384723,CWS,5.0,3.0,Final,1.0
2026-08-09,824724,ATH,BOS,J.T. Ginn,Erik Miller,BOS,0.5038236975669861,0.4961763024330139,2026-08-09T17:35:00Z,,,,,False,0.0,0.0,291.0,0.8555942244954458,0.0029401863384723,ATH,3.0,4.0,Final,0.0
2026-08-09,825050,LAD,AZ,Justin Wrobleski,Eduardo Rodriguez,AZ,0.5077323317527771,0.4922676682472229,2026-08-09T20:10:00Z,,,,,False,0.0,0.0,291.0,0.8555942244954458,0.0029401863384723,AZ,4.0,2.0,Final,1.0
2026-08-10,822780,BOS,TOR,Sonny Gray,Jameson Taillon,TOR,0.5084466934204102,0.4915533065795898,2026-08-10T23:07:00Z,161.0,130.0,0.3270458698272707,161.0,True,1.0,1.61,292.0,2.4655942244954456,0.0084438158373131,TOR,2.0,1.0,Final,1.0
2026-08-10,823018,PHI,STL,Andrew Painter,Hunter Dobbins,PHI,0.4862315654754638,0.5137684345245361,2026-08-10T23:45:00Z,141.0,-116.0,-0.0433277426094844,-116.0,False,0.0,0.0,292.0,2.4655942244954456,0.0084438158373131,PHI,5.0,6.0,Final,1.0
2026-08-10,823189,HOU,SF,Hayden Wesneski,Blade Tidwell,SF,0.5144658088684082,0.4855341911315918,2026-08-11T01:45:00Z,168.0,-142.0,0.3787683677673338,168.0,True,1.0,-1.0,293.0,1.4655942244954456,0.0050020280699503,HOU,3.0,6.0,Final,0.0
2026-08-10,823265,MIL,SD,Logan Henderson,Casey Mize,SD,0.5059023499488831,0.4940976500511169,2026-08-11T01:40:00Z,119.0,-120.0,0.1079261463880538,119.0,True,1.0,1.19,294.0,2.6555942244954456,0.0090326334166511,SD,3.0,2.0,Final,1.0
2026-08-10,823675,BAL,MIN,Trevor Rogers,Dean Kremer,MIN,0.525568962097168,0.474431037902832,2026-08-10T23:40:00Z,-102.0,-102.0,0.0408326504277248,-102.0,True,1.0,0.9803921568627452,295.0,3.635986381358191,0.012325377563926,MIN,9.0,5.0,Final,1.0
2026-08-10,823918,KC,LAD,Noah Cameron,Tarik Skubal,LAD,0.5076940655708313,0.4923059344291687,2026-08-11T02:10:00Z,-270.0,259.0,-0.3042710953288609,-270.0,False,0.0,0.0,295.0,3.635986381358191,0.012325377563926,LAD,6.0,5.0,Final,1.0
2026-08-10,823998,TEX,LAA,MacKenzie Gore,Reid Detmers,LAA,0.5008454322814941,0.4991545677185058,2026-08-11T01:38:00Z,122.0,-106.0,0.1118768596649169,122.0,True,1.0,-1.0,296.0,2.6359863813581907,0.0089053593964803,TEX,1.0,4.0,Final,0.0
2026-08-10,824887,NYM,ATL,Christian Scott,Bryce Elder,ATL,0.5059688687324524,0.4940311312675476,2026-08-10T23:15:00Z,-126.0,130.0,-0.0924685370354426,-126.0,False,0.0,0.0,296.0,2.6359863813581907,0.0089053593964803,NYM,5.0,8.0,Final,0.0
2026-08-10,824969,TB,ATH,Freddy Peralta,Jacob Lopez,ATH,0.5101128816604614,0.4898871183395386,2026-08-11T01:40:00Z,143.0,-154.0,0.2395743024349211,143.0,True,1.0,-1.0,297.0,1.6359863813581907,0.0055083716544046,TB,6.0,10.0,Final,0.0
2026-08-10,825048,COL,AZ,Gabriel Hughes,Michael Soroka,AZ,0.5444654226303101,0.4555345773696899,2026-08-11T01:40:00Z,-168.0,189.0,-0.1314480162802196,-168.0,False,0.0,0.0,297.0,1.6359863813581907,0.0055083716544046,AZ,9.0,0.0,Final,1.0
2026-08-11,822697,CHC,WSH,Shota Imanaga,Jake Irvin,CHC,0.4833657741546631,0.5166342258453369,2026-08-11T22:45:00Z,162.0,-164.0,-0.1683449047367746,-164.0,False,0.0,0.0,297.0,1.6359863813581907,0.0055083716544046,CHC,6.0,8.0,Final,1.0
2026-08-11,822778,BOS,TOR,Patrick Sandoval,Dylan Cease,TOR,0.5084466934204102,0.4915533065795898,2026-08-11T23:07:00Z,109.0,124.0,0.0626535892486571,109.0,True,1.0,1.09,298.0,2.725986381358191,0.0091476053065711,TOR,5.0,3.0,Final,1.0
2026-08-11,823019,PHI,STL,Cristopher Sánchez,Andre Pallante,PHI,0.4862315654754638,0.5137684345245361,2026-08-11T23:45:00Z,150.0,-154.0,-0.1526156989010897,-154.0,False,0.0,0.0,298.0,2.725986381358191,0.0091476053065711,STL,2.0,0.0,Final,0.0
2026-08-11,823186,HOU,SF,Hunter Brown,Carson Whisenhunt,SF,0.5144658088684082,0.4855341911315918,2026-08-12T01:45:00Z,166.0,-176.0,0.3684790515899658,166.0,True,1.0,1.66,299.0,4.385986381358191,0.0146688507737732,SF,4.0,1.0,Final,1.0
2026-08-11,823264,MIL,SD,Kyle Harrison,Walker Buehler,SD,0.5059023499488831,0.4940976500511169,2026-08-12T01:40:00Z,115.0,-118.0,0.0876900523900985,115.0,True,1.0,1.15,300.0,5.535986381358191,0.0184532879378606,SD,11.0,2.0,Final,1.0
2026-08-11,823512,SEA,NYY,Bryan Woo,Ryan Weathers,NYY,0.5241527557373047,0.4758472442626953,2026-08-11T23:05:00Z,-118.0,120.0,-0.0316499936378608,-118.0,False,0.0,0.0,300.0,5.535986381358191,0.0184532879378606,NYY,4.0,1.0,Final,1.0
2026-08-11,823673,BAL,MIN,Brandon Young,Bailey Ober,MIN,0.525568962097168,0.474431037902832,2026-08-11T23:40:00Z,-109.0,102.0,0.0077423218193404,-109.0,False,0.0,0.0,300.0,5.535986381358191,0.0184532879378606,BAL,2.0,5.0,Final,0.0
2026-08-11,823832,PIT,MIA,Paul Skenes,Eury Pérez,MIA,0.5004889369010925,0.4995110630989074,2026-08-11T22:40:00Z,-102.0,-105.0,-0.0088356347645029,-102.0,False,0.0,0.0,300.0,5.535986381358191,0.0184532879378606,MIA,2.0,0.0,Final,1.0
2026-08-11,823917,KC,LAD,Michael Wacha,Blake Snell,LAD,0.5076940655708313,0.4923059344291687,2026-08-12T02:10:00Z,-210.0,249.0,-0.2505468555859156,-210.0,False,0.0,0.0,300.0,5.535986381358191,0.0184532879378606,LAD,5.0,4.0,Final,1.0
2026-08-11,823997,TEX,LAA,Cody Bradford,Ryan Johnson,LAA,0.5008454322814941,0.4991545677185058,2026-08-12T01:38:00Z,138.0,-145.0,0.192012128829956,138.0,True,1.0,1.38,301.0,6.915986381358191,0.0229766989413893,LAA,3.0,2.0,Final,1.0
2026-08-11,824240,CLE,DET,Tanner Bibee,Drew Anderson,DET,0.5223015546798706,0.4776984453201294,2026-08-11T22:40:00Z,-130.0,131.0,-0.0759280186433059,-130.0,False,0.0,0.0,301.0,6.915986381358191,0.0229766989413893,DET,6.0,4.0,Final,1.0
2026-08-11,824563,CIN,CWS,Nick Lodolo,Sean Burke,CIN,0.4922820925712585,0.5077179074287415,2026-08-11T23:40:00Z,-144.0,142.0,0.2286773359775542,142.0,True,1.0,1.42,302.0,8.33598638135819,0.027602603911782,CIN,4.0,5.0,Final,1.0
2026-08-11,824886,NYM,ATL,Nolan McLean,Martín Pérez,ATL,0.5059688687324524,0.4940311312675476,2026-08-11T23:15:00Z,-122.0,138.0,-0.0793025503393079,-122.0,False,0.0,0.0,302.0,8.33598638135819,0.027602603911782,ATL,4.0,0.0,Final,1.0
2026-08-11,824970,TB,ATH,Nick Martinez,Mason Barnett,ATH,0.5101128816604614,0.4898871183395386,2026-08-12T01:40:00Z,170.0,-180.0,0.3773047804832459,170.0,True,1.0,-1.0,303.0,7.33598638135819,0.0242111761760996,TB,4.0,12.0,Final,0.0
2026-08-11,825046,COL,AZ,Tomoyuki Sugano,Mitch Bratt,AZ,0.5444654226303101,0.4555345773696899,2026-08-12T01:40:00Z,-166.0,158.0,-0.1275433589176959,-166.0,False,0.0,0.0,303.0,7.33598638135819,0.0242111761760996,COL,2.0,3.0,Final,0.0
2026-08-12,822698,CHC,WSH,David Peterson,Jackson Kent,CHC,0.4833657741546631,0.5166342258453369,2026-08-12T22:45:00Z,142.0,-138.0,-0.1089931467305058,-138.0,False,0.0,0.0,303.0,7.33598638135819,0.0242111761760996,CHC,6.0,12.0,Final,1.0
2026-08-12,822779,BOS,TOR,Ranger Suarez,José Soriano,TOR,0.5084466934204102,0.4915533065795898,2026-08-12T23:07:00Z,138.0,-126.0,0.2101031303405761,138.0,True,1.0,1.38,304.0,8.715986381358189,0.028671007833415,TOR,6.0,4.0,Final,1.0
2026-08-12,823017,PHI,STL,Zack Wheeler,Kyle Leahy,PHI,0.4862315654754638,0.5137684345245361,2026-08-12T18:15:00Z,,,,,False,0.0,0.0,304.0,8.715986381358189,0.028671007833415,STL,7.0,1.0,Final,0.0
2026-08-12,823187,HOU,SF,Bryan King,Adrian Houser,SF,0.5144658088684082,0.4855341911315918,2026-08-12T19:45:00Z,1200.0,-1450.0,5.688055515289307,1200.0,True,1.0,-1.0,305.0,7.715986381358189,0.025298316004453,HOU,1.0,2.0,Final,0.0
2026-08-12,823263,MIL,SD,Dustin May,Robbie Ray,SD,0.5059023499488831,0.4940976500511169,2026-08-12T20:10:00Z,260.0,-300.0,0.821248459815979,260.0,True,1.0,2.6,306.0,10.315986381358188,0.0337123737952882,SD,4.0,3.0,Final,1.0
2026-08-12,823511,SEA,NYY,Bryce Miller,Will Warren,NYY,0.5241527557373047,0.4758472442626953,2026-08-12T23:05:00Z,-128.0,129.0,-0.066352903842926,-128.0,False,0.0,0.0,306.0,10.315986381358188,0.0337123737952882,NYY,10.0,5.0,Final,1.0
2026-08-12,823672,BAL,MIN,Shane Baz,Zebby Matthews,MIN,0.525568962097168,0.474431037902832,2026-08-12T17:40:00Z,,,,,False,0.0,0.0,306.0,10.315986381358188,0.0337123737952882,MIN,7.0,5.0,Final,1.0
2026-08-12,823833,PIT,MIA,Carmen Mlodzinski,Janson Junk,MIA,0.5004889369010925,0.4995110630989074,2026-08-12T22:40:00Z,110.0,111.0,0.0510267674922944,110.0,True,1.0,1.1,307.0,11.415986381358188,0.0371856233920462,MIA,8.0,2.0,Final,1.0
2026-08-12,823916,KC,LAD,Daniel Lynch IV,Eric Lauer,LAD,0.5076940655708313,0.4923059344291687,2026-08-13T02:10:00Z,-210.0,200.0,-0.2505468555859156,-210.0,False,0.0,0.0,307.0,11.415986381358188,0.0371856233920462,LAD,4.0,2.0,Final,1.0
2026-08-12,823994,TEX,LAA,Cal Quantrill,George Klassen,LAA,0.5008454322814941,0.4991545677185058,2026-08-13T02:10:00Z,128.0,-136.0,0.1419275856018067,128.0,True,1.0,1.28,308.0,12.695986381358187,0.0412207350044096,LAA,5.0,2.0,Final,1.0
2026-08-12,824241,CLE,DET,Foster Griffin,Framber Valdez,DET,0.5223015546798706,0.4776984453201294,2026-08-12T22:40:00Z,104.0,116.0,0.065495171546936,104.0,True,1.0,-1.0,309.0,11.695986381358187,0.0378510886128096,CLE,4.0,6.0,Final,0.0
2026-08-12,824562,CIN,CWS,Rhett Lowder,Luis Castillo,CIN,0.4922820925712585,0.5077179074287415,2026-08-12T23:40:00Z,-136.0,132.0,0.1779055452346802,132.0,True,1.0,-1.0,310.0,10.695986381358187,0.0345031818753489,CWS,5.0,0.0,Final,0.0
2026-08-12,824883,NYM,ATL,Zac Thornton,Tyler Mahle,ATL,0.5059688687324524,0.4940311312675476,2026-08-12T23:15:00Z,-170.0,158.0,-0.1964023849543402,-170.0,False,0.0,0.0,310.0,10.695986381358187,0.0345031818753489,ATL,6.0,3.0,Final,1.0
2026-08-12,824967,TB,ATH,Drew Rasmussen,Jack Perkins,ATH,0.5101128816604614,0.4898871183395386,2026-08-12T19:05:00Z,,,,,False,0.0,0.0,310.0,10.695986381358187,0.0345031818753489,TB,4.0,8.0,Final,0.0
2026-08-12,825047,COL,AZ,Ryan Feltner,Merrill Kelly,AZ,0.5444654226303101,0.4555345773696899,2026-08-12T19:40:00Z,740.0,-600.0,3.573509550094605,740.0,True,1.0,-1.0,311.0,9.695986381358187,0.031176805084753,COL,4.0,6.0,Final,0.0
2026-08-13,822696,CHC,WSH,Kevin Gausman,Cade Cavalli,CHC,0.4833657741546631,0.5166342258453369,2026-08-13T20:05:00Z,,,,,False,0.0,0.0,311.0,9.695986381358187,0.031176805084753,WSH,7.0,0.0,Final,0.0
2026-08-13,822776,BOS,TOR,Payton Tolle,Max Scherzer,TOR,0.5084466934204102,0.4915533065795898,2026-08-13T19:07:00Z,,,,,False,0.0,0.0,311.0,9.695986381358187,0.031176805084753,BOS,0.0,7.0,Final,0.0
2026-08-13,823508,SEA,NYY,Logan Gilbert,Max Fried,NYY,0.5241527557373047,0.4758472442626953,2026-08-13T17:35:00Z,,,,,False,0.0,0.0,311.0,9.695986381358187,0.031176805084753,SEA,0.0,1.0,Final,0.0
2026-08-13,823669,PHI,MIN,Aaron Nola,Taj Bradley,PHI,0.4902448952198028,0.5097551345825195,2026-08-13T23:30:00Z,-104.0,-104.0,-9.569754967314605e-05,-104.0,False,0.0,0.0,311.0,9.695986381358187,0.031176805084753,PHI,1.0,7.0,Final,1.0
2026-08-13,823829,PIT,MIA,Braxton Ashcraft,Tyler Phillips,MIA,0.5004889369010925,0.4995110630989074,2026-08-13T17:10:00Z,,,,,False,0.0,0.0,311.0,9.695986381358187,0.031176805084753,PIT,1.0,13.0,Final,0.0
2026-08-13,823915,MIL,LAD,Shane Drohan,Roki Sasaki,LAD,0.5064858794212341,0.4935141205787658,2026-08-14T02:10:00Z,-137.0,152.0,-0.1238163983734854,-137.0,False,0.0,0.0,311.0,9.695986381358187,0.031176805084753,MIL,4.0,5.0,Final,0.0
2026-08-13,823995,TEX,LAA,Jacob deGrom,Walbert Ureña,LAA,0.5008454322814941,0.4991545677185058,2026-08-14T02:07:00Z,138.0,-141.0,0.192012128829956,138.0,True,1.0,1.38,312.0,11.075986381358188,0.035499956350507,LAA,7.0,0.0,Final,1.0
2026-08-13,824238,CLE,DET,Parker Messick,Keider Montero,DET,0.5223015546798706,0.4776984453201294,2026-08-13T17:10:00Z,,,,,False,0.0,0.0,312.0,11.075986381358188,0.035499956350507,DET,3.0,0.0,Final,1.0
2026-08-13,824561,CIN,CWS,Andrew Abbott,Davis Martin,CIN,0.4922820925712585,0.5077179074287415,2026-08-13T17:10:00Z,,,,,False,0.0,0.0,312.0,11.075986381358188,0.035499956350507,CIN,8.0,9.0,Final,1.0
2026-08-14,822777,NYY,TOR,Gerrit Cole,Shane Bieber,TOR,0.5056023001670837,0.4943976998329162,2026-08-14T23:15:00Z,137.0,-140.0,0.1982774513959885,137.0,True,1.0,1.37,313.0,12.445986381358187,0.0397635347647226,TOR,3.0,1.0,Final,1.0
2026-08-14,822942,BAL,TB,Chris Bassitt,Steven Matz,TB,0.5255050659179688,0.4744949340820312,2026-08-14T23:10:00Z,-136.0,142.0,-0.0880941503188189,-136.0,False,0.0,0.0,313.0,12.445986381358187,0.0397635347647226,BAL,5.0,6.0,Final,0.0
2026-08-14,823185,COL,SF,Kyle Freeland,Landen Roupp,SF,0.5413957834243774,0.4586042165756225,2026-08-15T02:15:00Z,-130.0,160.0,-0.0421459216337937,-130.0,False,0.0,0.0,313.0,12.445986381358187,0.0397635347647226,COL,2.0,5.0,Final,0.0
2026-08-14,823346,BOS,PIT,Jake Bennett,Bubba Chandler,BOS,0.4867699146270752,0.5132300853729248,2026-08-14T22:40:00Z,106.0,-114.0,-0.0365680853525797,-114.0,False,0.0,0.0,313.0,12.445986381358187,0.0397635347647226,PIT,8.0,4.0,Final,0.0
2026-08-14,823591,WSH,NYM,Andrew Alvarez,Robert Stock,NYM,0.5319219827651978,0.4680780172348022,2026-08-14T23:10:00Z,-114.0,106.0,-0.0014797867390147,-114.0,False,0.0,0.0,313.0,12.445986381358187,0.0397635347647226,NYM,4.0,1.0,Final,1.0
2026-08-14,823913,MIL,LAD,Robert Gasser,Yoshinobu Yamamoto,LAD,0.5064858794212341,0.4935141205787658,2026-08-15T02:10:00Z,120.0,166.0,0.1142689347267151,120.0,True,1.0,1.2,314.0,13.645986381358188,0.0434585553546439,LAD,3.0,1.0,Final,1.0
2026-08-14,823993,KC,LAA,Seth Lugo,Grayson Rodriguez,KC,0.4862315058708191,0.5137684941291809,2026-08-15T01:38:00Z,100.0,134.0,0.2022182762622832,134.0,True,1.0,1.34,315.0,14.985986381358188,0.0475745599408196,KC,6.0,7.0,Final,1.0
2026-08-14,824159,SEA,HOU,George Kirby,Peter Lambert,HOU,0.5046780705451965,0.4953219294548034,2026-08-15T00:10:00Z,-118.0,112.0,-0.0676286493317555,-118.0,False,0.0,0.0,315.0,14.985986381358188,0.0475745599408196,HOU,10.0,7.0,Final,1.0
2026-08-14,824237,CWS,DET,Sean Newcomb,Jackson Jobe,DET,0.5258490443229675,0.4741509556770324,2026-08-14T22:40:00Z,-128.0,125.0,-0.063331389799714,-128.0,False,0.0,0.0,315.0,14.985986381358188,0.0475745599408196,CWS,5.0,9.0,Final,0.0
2026-08-14,824399,SD,CLE,Michael King,Gavin Williams,SD,0.4822288453578949,0.5177711248397827,2026-08-14T23:10:00Z,-116.0,111.0,0.0924970734119416,111.0,True,1.0,1.11,316.0,16.095986381358188,0.0509366657637917,SD,5.0,7.0,Final,1.0
2026-08-14,824479,MIA,CIN,Sandy Alcantara,Chase Burns,CIN,0.5316691398620605,0.4683308601379394,2026-08-14T22:10:00Z,-112.0,106.0,0.0063737290246145,-112.0,False,0.0,0.0,316.0,16.095986381358188,0.0509366657637917,CIN,1.0,0.0,Final,1.0
2026-08-14,824643,STL,CHC,Matthew Liberatore,Clay Holmes,CHC,0.5232184529304504,0.4767815470695495,2026-08-14T18:20:00Z,-174.0,149.0,-0.1760812867646929,-174.0,False,0.0,0.0,316.0,16.095986381358188,0.0509366657637917,CHC,3.0,0.0,Final,1.0
2026-08-14,824882,AZ,ATL,Brandon Pfaadt,Chris Sale,AZ,0.4820367693901062,0.5179632306098938,2026-08-14T23:15:00Z,-134.0,180.0,0.4502970457077025,180.0,True,1.0,1.8,317.0,17.89598638135819,0.0564542157140636,AZ,0.0,2.0,Final,1.0
2026-08-14,824968,TEX,ATH,Kumar Rocker,,ATH,0.5055260062217712,0.4944739937782287,2026-08-15T01:40:00Z,124.0,-103.0,0.1323782539367677,124.0,True,1.0,1.24,318.0,19.135986381358187,0.0601760578030131,ATH,8.0,3.0,Final,1.0
2026-08-15,822775,NYY,TOR,Cam Schlittler,Braydon Fisher,TOR,0.5056023001670837,0.4943976998329162,2026-08-15T19:07:00Z,-120.0,102.0,-0.0730624496936797,-120.0,False,0.0,0.0,318.0,19.135986381358187,0.0601760578030131,TOR,4.0,1.0,Final,1.0
2026-08-15,822941,BAL,TB,Kyle Bradish,Ian Seymour,TB,0.5255050659179688,0.4744949340820312,2026-08-15T22:10:00Z,-144.0,230.0,-0.1095608605278862,-144.0,False,0.0,0.0,318.0,19.135986381358187,0.0601760578030131,BAL,3.0,4.0,Final,0.0
2026-08-15,823184,COL,SF,Michael Lorenzen,Logan Webb,SF,0.5413957834243774,0.4586042165756225,2026-08-15T20:05:00Z,-134.0,116.0,-0.0545775125275797,-134.0,False,0.0,0.0,318.0,19.135986381358187,0.0601760578030131,SF,7.0,1.0,Final,1.0
2026-08-15,823347,BOS,PIT,Sonny Gray,Jared Jones,BOS,0.4867699146270752,0.5132300853729248,2026-08-15T23:15:00Z,110.0,102.0,0.036724772453308,102.0,True,1.0,1.02,319.0,20.155986381358183,0.0631849102863893,BOS,0.0,4.0,Final,1.0
2026-08-15,823588,WSH,NYM,Brad Lord,Sean Manaea,NYM,0.5319219827651978,0.4680780172348022,2026-08-15T20:10:00Z,-120.0,408.0,-0.024809698263804,-120.0,False,0.0,0.0,319.0,20.155986381358183,0.0631849102863893,NYM,5.0,4.0,Final,1.0
2026-08-15,823671,PHI,MIN,Jesús Luzardo,Connor Prielipp,PHI,0.4902448952198028,0.5097551345825195,2026-08-15T23:10:00Z,123.0,-108.0,-0.018249370433666,-108.0,False,0.0,0.0,319.0,20.155986381358183,0.0631849102863893,PHI,1.0,9.0,Final,1.0
2026-08-15,823914,MIL,LAD,Jacob Misiorowski,Justin Wrobleski,LAD,0.5064858794212341,0.4935141205787658,2026-08-15T23:15:00Z,114.0,144.0,0.0838797819614408,114.0,True,1.0,-1.0,320.0,19.155986381358183,0.0598624574417443,MIL,1.0,4.0,Final,0.0
2026-08-15,823990,KC,LAA,Randy Dobnak,Reid Detmers,KC,0.4862315058708191,0.5137684941291809,2026-08-16T01:38:00Z,102.0,142.0,0.2433197557926177,142.0,True,1.0,-1.0,321.0,18.155986381358183,0.0565607052378759,LAA,1.0,0.0,Final,0.0
2026-08-15,824157,SEA,HOU,Emerson Hancock,Hayden Wesneski,HOU,0.5046780705451965,0.4953219294548034,2026-08-15T23:10:00Z,-118.0,116.0,-0.0676286493317555,-118.0,False,0.0,0.0,321.0,18.155986381358183,0.0565607052378759,SEA,5.0,10.0,Final,0.0
2026-08-15,824239,CWS,DET,Anthony Kay,Troy Melton,DET,0.5258490443229675,0.4741509556770324,2026-08-15T17:10:00Z,-104.0,-108.0,0.031473125402744,-104.0,True,1.0,-1.0,322.0,17.155986381358186,0.0532794608116713,CWS,3.0,4.0,Final,0.0
2026-08-15,824400,SD,CLE,Wandy Peralta,Joey Cantillo,SD,0.4822288453578949,0.5177711248397827,2026-08-15T23:10:00Z,-104.0,101.0,0.0407199609279631,101.0,True,1.0,-1.0,323.0,16.155986381358186,0.0500185336884154,CLE,6.0,1.0,Final,0.0
2026-08-15,824480,MIA,CIN,Ryan Gusto,Brady Singer,CIN,0.5316691398620605,0.4683308601379394,2026-08-15T22:40:00Z,104.0,-110.0,0.0846050453186035,104.0,True,1.0,-1.0,324.0,15.155986381358186,0.0467777357449326,MIA,4.0,8.0,Final,0.0
2026-08-15,824644,STL,CHC,Michael McGreevy,Matthew Boyd,CHC,0.5232184529304504,0.4767815470695495,2026-08-15T18:20:00Z,-162.0,136.0,-0.1538071934087776,-162.0,False,0.0,0.0,324.0,15.155986381358186,0.0467777357449326,STL,4.0,8.0,Final,0.0
2026-08-15,824884,AZ,ATL,Eduardo Rodriguez,Grant Holmes,AZ,0.4820367693901062,0.5179632306098938,2026-08-15T23:15:00Z,-126.0,123.0,0.1550580042600631,123.0,True,1.0,1.23,325.0,16.385986381358187,0.0504184196349482,AZ,3.0,10.0,Final,1.0
2026-08-15,824966,TEX,ATH,MacKenzie Gore,J.T. Ginn,ATH,0.5055260062217712,0.4944739937782287,2026-08-16T01:40:00Z,144.0,-138.0,0.2334834551811218,144.0,True,1.0,-1.0,326.0,15.385986381358189,0.04719627724343,TEX,3.0,5.0,Final,0.0
2026-08-16,822774,NYY,TOR,Ryan Weathers,Dylan Cease,TOR,0.5056023001670837,0.4943976998329162,2026-08-16T17:37:00Z,,,,,False,0.0,0.0,326.0,15.385986381358189,0.04719627724343,NYY,3.0,4.0,Final,0.0
2026-08-16,822940,BAL,TB,Trevor Rogers,Freddy Peralta,TB,0.5255050659179688,0.4744949340820312,2026-08-16T16:15:00Z,-156.0,135.0,-0.1376327123397436,-156.0,False,0.0,0.0,326.0,15.385986381358189,0.04719627724343,BAL,2.0,10.0,Final,0.0
2026-08-16,823182,COL,SF,Gabriel Hughes,Blade Tidwell,SF,0.5413957834243774,0.4586042165756225,2026-08-16T20:05:00Z,,,,,False,0.0,0.0,326.0,15.385986381358189,0.04719627724343,COL,7.0,13.0,Final,0.0
2026-08-16,823344,BOS,PIT,Patrick Sandoval,Lake Bachar,BOS,0.4867699146270752,0.5132300853729248,2026-08-16T17:35:00Z,,,,,False,0.0,0.0,326.0,15.385986381358189,0.04719627724343,PIT,8.0,3.0,Final,0.0
2026-08-16,823590,WSH,NYM,Jake Irvin,Christian Scott,NYM,0.5319219827651978,0.4680780172348022,2026-08-16T17:40:00Z,,,,,False,0.0,0.0,326.0,15.385986381358189,0.04719627724343,NYM,4.0,3.0,Final,1.0
2026-08-16,823670,PHI,MIN,Andrew Painter,Dean Kremer,PHI,0.4902448952198028,0.5097551345825195,2026-08-16T18:10:00Z,,,,,False,0.0,0.0,326.0,15.385986381358189,0.04719627724343,PHI,5.0,7.0,Final,1.0
2026-08-16,823912,MIL,LAD,Logan Henderson,Tarik Skubal,LAD,0.5064858794212341,0.4935141205787658,2026-08-16T20:10:00Z,,,,,False,0.0,0.0,326.0,15.385986381358189,0.04719627724343,MIL,2.0,6.0,Final,0.0
2026-08-16,823991,KC,LAA,Noah Cameron,Ryan Johnson,KC,0.4862315058708191,0.5137684941291809,2026-08-16T20:07:00Z,,,,,False,0.0,0.0,326.0,15.385986381358189,0.04719627724343,KC,0.0,3.0,Final,1.0
2026-08-16,824156,SEA,HOU,Bryan Woo,Hunter Brown,HOU,0.5046780705451965,0.4953219294548034,2026-08-16T23:20:00Z,-120.0,114.0,-0.0747568706671396,-120.0,False,0.0,0.0,326.0,15.385986381358189,0.04719627724343,SEA,2.0,3.0,Final,0.0
2026-08-16,824236,CWS,DET,Sean Burke,Drew Anderson,DET,0.5258490443229675,0.4741509556770324,2026-08-16T17:40:00Z,,,,,False,0.0,0.0,326.0,15.385986381358189,0.04719627724343,CWS,5.0,7.0,Final,0.0
2026-08-16,824397,SD,CLE,Casey Mize,Tanner Bibee,SD,0.4822288453578949,0.5177711248397827,2026-08-16T17:40:00Z,2500.0,-3000.0,-0.4649698376655578,-3000.0,False,0.0,0.0,326.0,15.385986381358189,0.04719627724343,SD,0.0,5.0,Final,1.0
2026-08-16,824477,MIA,CIN,Eury Pérez,Nick Lodolo,CIN,0.5316691398620605,0.4683308601379394,2026-08-16T17:40:00Z,,,,,False,0.0,0.0,326.0,15.385986381358189,0.04719627724343,MIA,1.0,7.0,Final,0.0
2026-08-16,824642,STL,CHC,Hunter Dobbins,Edward Cabrera,CHC,0.5232184529304504,0.4767815470695495,2026-08-16T19:15:00Z,,,,,False,0.0,0.0,326.0,15.385986381358189,0.04719627724343,STL,4.0,11.0,Final,0.0
2026-08-16,824880,AZ,ATL,Michael Soroka,Bryce Elder,AZ,0.4820367693901062,0.5179632306098938,2026-08-16T17:35:00Z,,,,,False,0.0,0.0,326.0,15.385986381358189,0.04719627724343,ATL,5.0,3.0,Final,0.0
2026-08-16,824965,TEX,ATH,Cody Bradford,Jacob Lopez,ATH,0.5055260062217712,0.4944739937782287,2026-08-16T20:05:00Z,,,,,False,0.0,0.0,326.0,15.385986381358189,0.04719627724343,ATH,5.0,2.0,Final,1.0
2026-08-17,822939,BAL,TB,Brandon Young,Shane McClanahan,TB,0.5255050659179688,0.4744949340820312,2026-08-17T22:05:00Z,-175.0,170.0,-0.1742063249860491,-175.0,False,0.0,0.0,326.0,15.385986381358189,0.04719627724343,TB,7.0,6.0,Final,1.0
2026-08-17,823343,DET,PIT,Framber Valdez,Carmen Mlodzinski,DET,0.4912928938865661,0.5087071061134338,2026-08-17T23:05:00Z,-103.0,122.0,0.129329775571823,122.0,True,1.0,1.22,327.0,16.605986381358186,0.0507828329705143,DET,5.0,8.0,Final,1.0
2026-08-17,823427,MIA,PHI,Janson Junk,Cristopher Sánchez,PHI,0.5325310230255127,0.4674689769744873,2026-08-17T22:40:00Z,-230.0,215.0,-0.2359337495720905,-230.0,False,0.0,0.0,327.0,16.605986381358186,0.0507828329705143,PHI,6.0,5.0,Final,1.0
2026-08-17,823589,SD,NYM,Walker Buehler,Nolan McLean,NYM,0.5259922742843628,0.4740077257156372,2026-08-17T23:10:00Z,-104.0,112.0,0.0317540764808655,-104.0,True,1.0,0.9615384615384616,328.0,17.567524842896646,0.0535595269600507,NYM,2.0,1.0,Final,1.0
2026-08-17,823668,ATL,MIN,Martín Pérez,Bailey Ober,MIN,0.5116836428642273,0.4883163571357727,2026-08-17T23:40:00Z,119.0,-124.0,0.1205871778726577,119.0,True,1.0,1.19,329.0,18.757524842896647,0.0570137533218743,MIN,4.0,2.0,Final,1.0
2026-08-17,824077,ATH,KC,Mason Barnett,Michael Wacha,KC,0.5133554935455322,0.4866445064544678,2026-08-17T23:40:00Z,-130.0,165.0,-0.0917556652655968,-130.0,False,0.0,0.0,329.0,18.757524842896647,0.0570137533218743,KC,9.0,5.0,Final,1.0
2026-08-17,824320,LAD,COL,Blake Snell,Tomoyuki Sugano,LAD,0.4874558448791504,0.5125441551208496,2026-08-18T00:40:00Z,249.0,-172.0,-0.1894650570181912,-172.0,False,0.0,0.0,329.0,18.757524842896647,0.0570137533218743,LAD,5.0,11.0,Final,1.0
2026-08-17,824478,STL,CIN,Andre Pallante,Rhett Lowder,CIN,0.5326178669929504,0.4673821330070495,2026-08-17T22:40:00Z,108.0,-112.0,0.107845163345337,108.0,True,1.0,1.08,330.0,19.83752484289665,0.0601137116451413,CIN,6.0,5.0,Final,1.0
2026-08-17,824514,STL,CIN,Quinn Mathews,Kent Emanuel,CIN,0.5326178669929504,0.4673821330070495,2026-08-17T17:40:00Z,108.0,-112.0,0.107845163345337,108.0,True,1.0,-1.0,332.0,18.83752484289665,0.0567395326593272,,,,Postponed,
2026-08-17,824514,STL,CIN,Quinn Mathews,Kent Emanuel,CIN,0.5326178669929504,0.4673821330070495,2026-08-17T17:40:00Z,108.0,-112.0,0.107845163345337,108.0,True,1.0,-1.0,332.0,18.83752484289665,0.0567395326593272,STL,1.0,2.0,Final,0.0
2026-08-17,824641,CWS,CHC,Luis Castillo,Shota Imanaga,CHC,0.5161214470863342,0.4838785529136657,2026-08-18T00:05:00Z,-154.0,145.0,-0.1487347561043578,-154.0,False,0.0,0.0,332.0,18.83752484289665,0.0567395326593272,CHC,7.0,5.0,Final,1.0
2026-08-17,824725,AZ,BOS,Mitch Bratt,Alec Gamboa,BOS,0.5210000276565552,0.4789999723434448,2026-08-17T23:10:00Z,-130.0,144.0,-0.0782307202999408,-130.0,False,0.0,0.0,332.0,18.83752484289665,0.0567395326593272,BOS,11.0,1.0,Final,1.0
2026-08-18,822859,WSH,TEX,Jackson Kent,Cal Quantrill,TEX,0.5248079895973206,0.4751920104026794,2026-08-19T00:05:00Z,-126.0,131.0,-0.0586777329444885,-126.0,False,0.0,0.0,332.0,18.83752484289665,0.0567395326593272,TEX,5.0,0.0,Final,1.0
2026-08-18,822938,TOR,TB,José Soriano,Nick Martinez,TB,0.5050612092018127,0.4949387907981872,2026-08-18T22:40:00Z,200.0,183.0,0.5151836276054382,200.0,True,1.0,-1.0,333.0,17.83752484289665,0.0535661406693593,TOR,5.0,10.0,Final,0.0
2026-08-18,823341,DET,PIT,Keider Montero,Braxton Ashcraft,DET,0.4912928938865661,0.5087071061134338,2026-08-18T22:40:00Z,-148.0,155.0,0.2972031205892562,155.0,True,1.0,-1.0,334.0,16.83752484289665,0.0504117510266366,PIT,4.0,1.0,Final,0.0
2026-08-18,823423,MIA,PHI,Cade Gibson,Zack Wheeler,PHI,0.5325310230255127,0.4674689769744873,2026-08-18T22:40:00Z,-131.0,308.0,-0.060956745657302,-131.0,False,0.0,0.0,334.0,16.83752484289665,0.0504117510266366,PHI,6.0,4.0,Final,1.0
2026-08-18,823586,SD,NYM,Robbie Ray,Zac Thornton,NYM,0.5259922742843628,0.4740077257156372,2026-08-18T23:10:00Z,120.0,-116.0,0.1571830034255982,120.0,True,1.0,-1.0,335.0,15.837524842896649,0.0472761935608855,SD,2.0,5.0,Final,0.0
2026-08-18,823667,ATL,MIN,Tyler Mahle,Zebby Matthews,MIN,0.5116836428642273,0.4883163571357727,2026-08-18T23:40:00Z,131.0,-102.0,0.1819892150163651,131.0,True,1.0,1.31,336.0,17.147524842896647,0.0510343001276685,MIN,4.0,1.0,Final,1.0
2026-08-18,823749,SEA,MIL,Bryce Miller,Kyle Harrison,MIL,0.5183560252189636,0.4816439747810364,2026-08-18T23:40:00Z,-122.0,156.0,-0.0567619868966399,-122.0,False,0.0,0.0,336.0,17.147524842896647,0.0510343001276685,MIL,22.0,0.0,Final,1.0
2026-08-18,824075,ATH,KC,Brady Basso,Daniel Lynch IV,KC,0.5133554935455322,0.4866445064544678,2026-08-18T23:40:00Z,-156.0,147.0,-0.1575704721304087,-156.0,False,0.0,0.0,336.0,17.147524842896647,0.0510343001276685,KC,4.0,3.0,Final,1.0
2026-08-18,824154,LAA,HOU,George Klassen,Cristian Javier,LAA,0.4935652911663055,0.5064346790313721,2026-08-19T00:10:00Z,-158.0,152.0,0.2762153911590576,152.0,True,1.0,1.52,337.0,18.667524842896647,0.0553932487919781,LAA,1.0,3.0,Final,1.0
2026-08-18,824319,LAD,COL,Eric Lauer,Ryan Feltner,LAD,0.4874558448791504,0.5125441551208496,2026-08-19T00:40:00Z,178.0,-190.0,-0.217695763236598,-190.0,False,0.0,0.0,337.0,18.667524842896647,0.0553932487919781,LAD,6.0,7.0,Final,1.0
2026-08-18,824398,SF,CLE,Carson Whisenhunt,Foster Griffin,SF,0.4919944107532501,0.5080056190490723,2026-08-18T22:40:00Z,-900.0,720.0,3.165646076202392,720.0,True,1.0,-1.0,338.0,17.667524842896647,0.0522707835588658,CLE,8.0,1.0,Final,0.0
2026-08-18,824475,STL,CIN,Kyle Leahy,Andrew Abbott,CIN,0.5326178669929504,0.4673821330070495,2026-08-18T22:40:00Z,107.0,124.0,0.1025189846754075,107.0,True,1.0,-1.0,339.0,16.667524842896647,0.0491667399495476,STL,0.0,3.0,Final,0.0
2026-08-18,824639,CWS,CHC,Bryan Hudson,Kevin Gausman,CHC,0.5161214470863342,0.4838785529136657,2026-08-19T00:05:00Z,-168.0,158.0,-0.1766634058384668,-168.0,False,0.0,0.0,339.0,16.667524842896647,0.0491667399495476,CHC,4.0,3.0,Final,1.0
2026-08-18,824723,AZ,BOS,Merrill Kelly,Ranger Suarez,BOS,0.5210000276565552,0.4789999723434448,2026-08-18T23:10:00Z,-144.0,156.0,-0.1171943975819481,-144.0,False,0.0,0.0,339.0,16.667524842896647,0.0491667399495476,BOS,9.0,4.0,Final,1.0
2026-08-18,824803,NYY,BAL,Carlos Rodón,Shane Baz,NYY,0.4828041493892669,0.5171958208084106,2026-08-18T22:35:00Z,-105.0,-106.0,0.0051164064767225,-106.0,False,0.0,0.0,339.0,16.667524842896647,0.0491667399495476,NYY,1.0,3.0,Final,1.0
2026-08-19,822860,WSH,TEX,Cade Cavalli,Kumar Rocker,TEX,0.5248079895973206,0.4751920104026794,2026-08-20T00:05:00Z,-119.0,146.0,-0.0341768930940066,-119.0,False,0.0,0.0,339.0,16.667524842896647,0.0491667399495476,WSH,0.0,6.0,Final,0.0
2026-08-19,822937,TOR,TB,Max Scherzer,Drew Rasmussen,TB,0.5050612092018127,0.4949387907981872,2026-08-19T22:40:00Z,-172.0,573.0,-0.2012985528901565,-172.0,False,0.0,0.0,339.0,16.667524842896647,0.0491667399495476,TB,7.0,6.0,Final,1.0
2026-08-19,823342,DET,PIT,Jackson Jobe,Paul Skenes,DET,0.4912928938865661,0.5087071061134338,2026-08-19T16:35:00Z,,,,,False,0.0,0.0,339.0,16.667524842896647,0.0491667399495476,PIT,4.0,3.0,Final,0.0
2026-08-19,823424,MIA,PHI,Sandy Alcantara,Aaron Nola,PHI,0.5325310230255127,0.4674689769744873,2026-08-19T22:05:00Z,-900.0,720.0,-0.4082988633049859,-900.0,False,0.0,0.0,339.0,16.667524842896647,0.0491667399495476,PHI,4.0,1.0,Final,1.0
2026-08-19,823587,SD,NYM,Michael King,Robert Stock,NYM,0.5259922742843628,0.4740077257156372,2026-08-19T17:10:00Z,,,,,False,0.0,0.0,339.0,16.667524842896647,0.0491667399495476,NYM,4.0,2.0,Final,1.0
2026-08-19,823664,ATL,MIN,AJ Smith-Shawver,Taj Bradley,MIN,0.5116836428642273,0.4883163571357727,2026-08-19T17:40:00Z,,,,,False,0.0,0.0,339.0,16.667524842896647,0.0491667399495476,MIN,6.0,4.0,Final,1.0
2026-08-19,823748,SEA,MIL,Logan Gilbert,Dustin May,MIL,0.5183560252189636,0.4816439747810364,2026-08-19T23:40:00Z,-116.0,112.0,-0.0347853323508953,-116.0,False,0.0,0.0,339.0,16.667524842896647,0.0491667399495476,SEA,5.0,7.0,Final,0.0
2026-08-19,824076,ATH,KC,Jeffrey Springs,Seth Lugo,KC,0.5133554935455322,0.4866445064544678,2026-08-19T23:40:00Z,-136.0,168.0,-0.1091772317886352,-136.0,False,0.0,0.0,339.0,16.667524842896647,0.0491667399495476,KC,9.0,7.0,Final,1.0
2026-08-19,824155,LAA,HOU,Walbert Ureña,Ethan Pecko,LAA,0.4935652911663055,0.5064346790313721,2026-08-20T00:10:00Z,-144.0,158.0,0.30660147190094,158.0,True,1.0,1.58,340.0,18.247524842896645,0.0536691907144019,HOU,3.0,2.0,Final,0.0
2026-08-19,824318,LAD,COL,Roki Sasaki,Kyle Freeland,LAD,0.4874558448791504,0.5125441551208496,2026-08-20T00:40:00Z,179.0,-190.0,-0.217695763236598,-190.0,False,0.0,0.0,340.0,18.247524842896645,0.0536691907144019,LAD,4.0,6.0,Final,1.0
2026-08-19,824394,SF,CLE,Matt Wilkinson,Parker Messick,SF,0.4919944107532501,0.5080056190490723,2026-08-19T22:40:00Z,-192.0,259.0,0.8237401723861693,259.0,True,1.0,2.59,341.0,20.837524842896645,0.0611071109762364,SF,0.0,1.0,Final,1.0
2026-08-19,824476,STL,CIN,Matthew Liberatore,Chase Burns,CIN,0.5326178669929504,0.4673821330070495,2026-08-19T22:40:00Z,100.0,145.0,0.0652357339859008,100.0,True,1.0,-1.0,342.0,19.837524842896645,0.0580044586049609,CIN,5.0,4.0,Final,1.0
2026-08-19,824640,CWS,CHC,Sean Newcomb,Clay Holmes,CHC,0.5161214470863342,0.4838785529136657,2026-08-19T18:20:00Z,,,,,False,0.0,0.0,342.0,19.837524842896645,0.0580044586049609,CWS,0.0,3.0,Final,0.0
2026-08-19,824722,AZ,BOS,Brandon Pfaadt,Payton Tolle,BOS,0.5210000276565552,0.4789999723434448,2026-08-19T20:10:00Z,-120.0,114.0,-0.0448332826296487,-120.0,False,0.0,0.0,342.0,19.837524842896645,0.0580044586049609,AZ,6.0,7.0,Final,0.0
2026-08-19,824801,NYY,BAL,Will Warren,Chris Bassitt,NYY,0.4828041493892669,0.5171958208084106,2026-08-19T22:35:00Z,102.0,125.0,0.1636905968189239,125.0,True,1.0,-1.0,343.0,18.837524842896645,0.0549198975011563,NYY,3.0,5.0,Final,1.0
2026-08-20,822861,WSH,TEX,Andrew Alvarez,Jacob deGrom,TEX,0.5248079895973206,0.4751920104026794,2026-08-21T00:05:00Z,,,,,,,,,,,TEX,2.0,0.0,Final,1.0
2026-08-20,822934,TOR,TB,Shane Bieber,Ian Seymour,TB,0.5050612092018127,0.4949387907981872,2026-08-20T17:10:00Z,,,,,,,,,,,TOR,1.0,5.0,Final,0.0
2026-08-20,823747,SEA,MIL,George Kirby,Robert Gasser,MIL,0.5183560252189636,0.4816439747810364,2026-08-20T18:10:00Z,,,,,,,,,,,MIL,7.0,4.0,Final,1.0
2026-08-20,824074,ATH,KC,Gage Jump,Randy Dobnak,KC,0.5133554935455322,0.4866445064544678,2026-08-20T18:10:00Z,,,,,,,,,,,KC,6.0,2.0,Final,1.0
2026-08-20,824153,LAA,HOU,Grayson Rodriguez,Peter Lambert,LAA,0.4935652911663055,0.5064346790313721,2026-08-21T00:10:00Z,,,,,,,,,,,LAA,3.0,18.0,Final,1.0
2026-08-20,824395,SF,CLE,Landen Roupp,Gavin Williams,SF,0.4919944107532501,0.5080056190490723,2026-08-20T17:10:00Z,,,,,,,,,,,CLE,5.0,2.0,Final,0.0
2026-08-20,824474,STL,CIN,Michael McGreevy,Brady Singer,CIN,0.5326178669929504,0.4673821330070495,2026-08-20T16:40:00Z,,,,,,,,,,,STL,9.0,10.0,Final,0.0
2026-08-20,824589,ATL,CWS,Grant Holmes,Anthony Kay,ATL,0.4986193180084228,0.5013806819915771,2026-08-20T18:10:00Z,,,,,,,,,,,,,,Postponed,
2026-08-20,824589,ATL,CWS,Grant Holmes,Anthony Kay,ATL,0.4986193180084228,0.5013806819915771,2026-08-20T18:10:00Z,,,,,,,,,,,ATL,0.0,2.0,Final,1.0
2026-08-20,824802,NYY,BAL,Gerrit Cole,Kyle Bradish,NYY,0.4828041493892669,0.5171958208084106,2026-08-20T22:35:00Z,,,,,,,,,,,NYY,1.0,6.0,Final,1.0
2026-08-21,822857,LAA,TEX,Reid Detmers,MacKenzie Gore,TEX,0.5304694175720215,0.4695305824279785,2026-08-22T00:15:00Z,,,,,,,,,,,TEX,2.0,1.0,Final,1.0
2026-08-21,823101,CHC,SEA,Matthew Boyd,Emerson Hancock,SEA,0.5314518809318542,0.4685481190681457,2026-08-22T02:10:00Z,,,,,,,,,,,SEA,6.0,5.0,Final,1.0
2026-08-21,823262,MIN,SD,Connor Prielipp,Randy Vásquez,SD,0.5184147357940674,0.4815852642059326,2026-08-22T01:40:00Z,,,,,,,,,,,SD,6.0,2.0,Final,1.0
2026-08-21,823420,STL,PHI,Hunter Dobbins,Jesús Luzardo,PHI,0.523497462272644,0.4765025377273559,2026-08-21T22:40:00Z,,,,,,,,,,,PHI,7.0,6.0,Final,1.0
2026-08-21,823510,TOR,NYY,Mason Fluharty,Cam Schlittler,NYY,0.5338860154151917,0.4661139845848083,2026-08-21T23:05:00Z,,,,,,,,,,,NYY,3.0,1.0,Final,1.0
2026-08-21,823746,ATL,MIL,Chris Sale,Jacob Misiorowski,MIL,0.5185949206352234,0.4814050793647766,2026-08-21T20:10:00Z,,,,,,,,,,,MIL,2.0,1.0,Final,1.0
2026-08-21,823830,WSH,MIA,Brad Lord,Ryan Gusto,MIA,0.5239284634590149,0.4760715365409851,2026-08-21T23:10:00Z,,,,,,,,,,,MIA,3.0,2.0,Final,1.0
2026-08-21,823911,PIT,LAD,Bubba Chandler,Yoshinobu Yamamoto,PIT,0.493295818567276,0.5067042112350464,2026-08-22T02:10:00Z,,,,,,,,,,,LAD,5.0,4.0,Final,0.0
2026-08-21,824072,DET,KC,Troy Melton,Noah Cameron,KC,0.5280359387397766,0.4719640612602234,2026-08-22T00:10:00Z,,,,,,,,,,,KC,5.0,2.0,Final,1.0
2026-08-21,824152,ATH,HOU,J.T. Ginn,Hayden Wesneski,ATH,0.4910565912723541,0.5089434385299683,2026-08-22T00:10:00Z,,,,,,,,,,,HOU,4.0,0.0,Final,0.0
2026-08-21,824317,CLE,COL,Joey Cantillo,Tanner Gordon,COL,0.5031079649925232,0.4968920350074768,2026-08-22T00:40:00Z,,,,,,,,,,,CLE,1.0,9.0,Final,0.0
2026-08-21,824559,NYM,CWS,Sean Manaea,Sean Burke,NYM,0.4872365891933441,0.5127633810043335,2026-08-21T23:40:00Z,,,,,,,,,,,CWS,6.0,4.0,Final,0.0
2026-08-21,824721,SF,BOS,Logan Webb,Sonny Gray,BOS,0.5051564574241638,0.4948435425758362,2026-08-21T23:10:00Z,,,,,,,,,,,BOS,6.0,4.0,Final,1.0
2026-08-21,824800,TB,BAL,Freddy Peralta,Trevor Rogers,TB,0.4842033386230469,0.5157966613769531,2026-08-21T23:15:00Z,,,,,,,,,,,BAL,5.0,3.0,Final,0.0
2026-08-21,825045,CIN,AZ,Nick Lodolo,Eduardo Rodriguez,AZ,0.5041594505310059,0.4958405494689941,2026-08-22T01:40:00Z,,,,,,,,,,,AZ,9.0,0.0,Final,1.0
2026-08-22,822858,LAA,TEX,Ryan Johnson,Cody Bradford,TEX,0.5304694175720215,0.4695305824279785,2026-08-22T23:05:00Z,,,,,,,,,,,LAA,0.0,3.0,Final,0.0
2026-08-22,823100,CHC,SEA,David Peterson,Kade Anderson,SEA,0.5314518809318542,0.4685481190681457,2026-08-22T23:15:00Z,,,,,,,,,,,SEA,5.0,4.0,Final,1.0
2026-08-22,823261,MIN,SD,Dean Kremer,Casey Mize,SD,0.5184147357940674,0.4815852642059326,2026-08-23T00:40:00Z,,,,,,,,,,,SD,7.0,5.0,Final,1.0
2026-08-22,823422,STL,PHI,Quinn Mathews,Andrew Painter,PHI,0.523497462272644,0.4765025377273559,2026-08-22T22:05:00Z,,,,,,,,,,,PHI,12.0,3.0,Final,1.0
2026-08-22,823509,TOR,NYY,Dylan Cease,Ryan Weathers,NYY,0.5338860154151917,0.4661139845848083,2026-08-22T17:35:00Z,,,,,,,,,,,TOR,3.0,4.0,Final,0.0
2026-08-22,823743,ATL,MIL,Martín Pérez,Logan Henderson,MIL,0.5185949206352234,0.4814050793647766,2026-08-22T18:10:00Z,,,,,,,,,,,MIL,4.0,1.0,Final,1.0
2026-08-22,823831,WSH,MIA,Jake Irvin,Eury Pérez,MIA,0.5239284634590149,0.4760715365409851,2026-08-22T20:10:00Z,,,,,,,,,,,MIA,4.0,2.0,Final,1.0
2026-08-22,823910,PIT,LAD,Jared Jones,Tarik Skubal,PIT,0.493295818567276,0.5067042112350464,2026-08-22T23:15:00Z,,,,,,,,,,,LAD,4.0,3.0,Final,0.0
2026-08-22,824073,DET,KC,Drew Anderson,Michael Wacha,KC,0.5280359387397766,0.4719640612602234,2026-08-22T23:15:00Z,,,,,,,,,,,KC,3.0,1.0,Final,1.0
2026-08-22,824151,ATH,HOU,Jacob Lopez,Hunter Brown,ATH,0.4910565912723541,0.5089434385299683,2026-08-22T23:10:00Z,,,,,,,,,,,ATH,3.0,4.0,Final,1.0
2026-08-22,824316,CLE,COL,Tanner Bibee,Gabriel Hughes,COL,0.5031079649925232,0.4968920350074768,2026-08-23T00:10:00Z,,,,,,,,,,,CLE,3.0,4.0,Final,0.0
2026-08-22,824560,NYM,CWS,Christian Scott,Luis Castillo,NYM,0.4872365891933441,0.5127633810043335,2026-08-22T23:10:00Z,,,,,,,,,,,NYM,5.0,10.0,Final,1.0
2026-08-22,824718,SF,BOS,Blade Tidwell,Patrick Sandoval,BOS,0.5051564574241638,0.4948435425758362,2026-08-22T23:15:00Z,,,,,,,,,,,BOS,3.0,2.0,Final,1.0
2026-08-22,824798,TB,BAL,Shane McClanahan,Brandon Young,TB,0.4842033386230469,0.5157966613769531,2026-08-22T23:05:00Z,,,,,,,,,,,BAL,3.0,2.0,Final,0.0
2026-08-22,825044,CIN,AZ,Rhett Lowder,Michael Soroka,AZ,0.5041594505310059,0.4958405494689941,2026-08-23T00:10:00Z,,,,,,,,,,,CIN,5.0,11.0,Final,0.0
2026-08-23,822856,LAA,TEX,Yusei Kikuchi,Cal Quantrill,TEX,0.5304694175720215,0.4695305824279785,2026-08-23T18:35:00Z,,,,,,,,,,,TEX,5.0,3.0,Final,1.0
2026-08-23,823099,CHC,SEA,Shota Imanaga,Bryce Miller,SEA,0.5314518809318542,0.4685481190681457,2026-08-23T20:10:00Z,,,,,,,,,,,CHC,2.0,19.0,Final,0.0
2026-08-23,823258,MIN,SD,Bailey Ober,Walker Buehler,SD,0.5184147357940674,0.4815852642059326,2026-08-23T20:10:00Z,,,,,,,,,,,SD,8.0,1.0,Final,1.0
2026-08-23,823421,STL,PHI,Kyle Leahy,Cristopher Sánchez,PHI,0.523497462272644,0.4765025377273559,2026-08-23T17:35:00Z,,,,,,,,,,,PHI,6.0,4.0,Final,1.0
2026-08-23,823507,TOR,NYY,José Soriano,Carlos Rodón,NYY,0.5338860154151917,0.4661139845848083,2026-08-23T17:35:00Z,,,,,,,,,,,NYY,8.0,3.0,Final,1.0
2026-08-23,823745,ATL,MIL,Tyler Mahle,Shane Drohan,MIL,0.5185949206352234,0.4814050793647766,2026-08-23T23:10:00Z,,,,,,,,,,,ATL,2.0,4.0,Final,0.0
2026-08-23,823827,WSH,MIA,Jackson Kent,Janson Junk,MIA,0.5239284634590149,0.4760715365409851,2026-08-23T17:40:00Z,,,,,,,,,,,MIA,6.0,2.0,Final,1.0
2026-08-23,823909,PIT,LAD,Lake Bachar,Blake Snell,PIT,0.493295818567276,0.5067042112350464,2026-08-23T20:10:00Z,,,,,,,,,,,LAD,4.0,0.0,Final,0.0
2026-08-23,824071,DET,KC,Jacob Waguespack,Daniel Lynch IV,KC,0.5280359387397766,0.4719640612602234,2026-08-23T18:10:00Z,,,,,,,,,,,KC,11.0,7.0,Final,1.0
2026-08-23,824150,ATH,HOU,Brady Basso,Cristian Javier,ATH,0.4910565912723541,0.5089434385299683,2026-08-23T18:10:00Z,,,,,,,,,,,ATH,6.0,7.0,Final,1.0
2026-08-23,824315,CLE,COL,Foster Griffin,Tomoyuki Sugano,COL,0.5031079649925232,0.4968920350074768,2026-08-23T19:10:00Z,,,,,,,,,,,CLE,2.0,7.0,Final,0.0
2026-08-23,824558,NYM,CWS,Nolan McLean,Sean Newcomb,NYM,0.4872365891933441,0.5127633810043335,2026-08-23T18:10:00Z,,,,,,,,,,,CWS,2.0,1.0,Final,0.0
2026-08-23,824720,SF,BOS,Matt Wilkinson,Jake Bennett,BOS,0.5051564574241638,0.4948435425758362,2026-08-23T19:15:00Z,,,,,,,,,,,BOS,5.0,4.0,Final,1.0
2026-08-23,824799,TB,BAL,Nick Martinez,Shane Baz,TB,0.4842033386230469,0.5157966613769531,2026-08-23T17:35:00Z,,,,,,,,,,,TB,1.0,3.0,Final,1.0
2026-08-23,825043,CIN,AZ,Andrew Abbott,Mitch Bratt,AZ,0.5041594505310059,0.4958405494689941,2026-08-23T20:15:00Z,,,,,,,,,,,AZ,5.0,3.0,Final,1.0
2026-08-24,822695,COL,WSH,Ryan Feltner,Cade Cavalli,WSH,0.5360391139984131,0.4639608860015869,2026-08-24T22:45:00Z,,,,,,,,,,,WSH,13.0,3.0,Final,1.0
2026-08-24,823097,PHI,SEA,Zack Wheeler,Logan Gilbert,PHI,0.4931792318820953,0.506820797920227,2026-08-25T01:40:00Z,,,,,,,,,,,SEA,9.0,2.0,Final,0.0
2026-08-24,823183,CIN,SF,Chase Burns,Carson Whisenhunt,SF,0.5171026587486267,0.4828973412513733,2026-08-25T01:45:00Z,,,,,,,,,,,SF,5.0,0.0,Final,1.0
2026-08-24,823260,PIT,SD,Braxton Ashcraft,Robbie Ray,SD,0.5017482042312622,0.4982517957687378,2026-08-25T01:40:00Z,,,,,,,,,,,PIT,2.0,3.0,Final,0.0
2026-08-24,823828,BOS,MIA,Ranger Suarez,Sandy Alcantara,MIA,0.5056939125061035,0.4943060874938965,2026-08-24T22:40:00Z,,,,,,,,,,,BOS,2.0,4.0,Final,0.0
2026-08-24,823992,CLE,LAA,Parker Messick,George Klassen,LAA,0.5015982985496521,0.4984017014503479,2026-08-25T01:38:00Z,,,,,,,,,,,CLE,2.0,4.0,Final,0.0
2026-08-24,824235,TB,DET,Drew Rasmussen,Framber Valdez,DET,0.5037791132926941,0.4962208867073059,2026-08-24T22:40:00Z,,,,,,,,,,,TB,1.0,4.0,Final,0.0
2026-08-24,824557,TEX,CWS,Kumar Rocker,José Urquidy,CWS,0.5016125440597534,0.4983874559402466,2026-08-24T23:40:00Z,,,,,,,,,,,TEX,2.0,11.0,Final,0.0
2026-08-24,824964,MIN,ATH,Zebby Matthews,Jeffrey Springs,ATH,0.52159583568573,0.47840416431427,2026-08-25T01:40:00Z,,,,,,,,,,,MIN,6.0,9.0,Final,0.0
2026-08-24,825041,CHC,AZ,Kevin Gausman,Merrill Kelly,AZ,0.5121983885765076,0.4878016114234924,2026-08-25T01:40:00Z,,,,,,,,,,,CHC,0.0,7.0,Final,0.0
2026-08-25,822693,COL,WSH,Mason Adams,Andrew Alvarez,WSH,0.5360391139984131,0.4639608860015869,2026-08-25T22:45:00Z,,,,,,,,,,,COL,1.0,3.0,Final,0.0
2026-08-25,822773,KC,TOR,Seth Lugo,Max Scherzer,TOR,0.5112279057502747,0.4887720942497253,2026-08-25T23:07:00Z,,,,,,,,,,,KC,3.0,5.0,Final,0.0
2026-08-25,823016,BAL,STL,Chris Bassitt,Matthew Liberatore,STL,0.5151581764221191,0.4848418235778808,2026-08-25T23:45:00Z,,,,,,,,,,,BAL,1.0,13.0,Final,0.0
2026-08-25,823098,PHI,SEA,Aaron Nola,George Kirby,PHI,0.4931792318820953,0.506820797920227,2026-08-26T01:40:00Z,,,,,,,,,,,SEA,4.0,1.0,Final,0.0
2026-08-25,823181,CIN,SF,Brady Singer,Adrian Houser,SF,0.5171026587486267,0.4828973412513733,2026-08-26T01:45:00Z,,,,,,,,,,,SF,3.0,1.0,Final,1.0
2026-08-25,823259,PIT,SD,Paul Skenes,Michael King,SD,0.5017482042312622,0.4982517957687378,2026-08-26T01:40:00Z,,,,,,,,,,,PIT,0.0,1.0,Final,0.0
2026-08-25,823505,HOU,NYY,Ethan Pecko,Will Warren,NYY,0.5340502858161926,0.4659497141838074,2026-08-25T23:05:00Z,,,,,,,,,,,HOU,7.0,9.0,Final,0.0
2026-08-25,823585,MIL,NYM,Kyle Harrison,Zac Thornton,NYM,0.5219959020614624,0.4780040979385376,2026-08-25T23:10:00Z,,,,,,,,,,,NYM,3.0,2.0,Final,1.0
2026-08-25,823826,BOS,MIA,Payton Tolle,Tyler Phillips,MIA,0.5056939125061035,0.4943060874938965,2026-08-25T22:40:00Z,,,,,,,,,,,BOS,3.0,7.0,Final,0.0
2026-08-25,823989,CLE,LAA,Gavin Williams,Walbert Ureña,LAA,0.5015982985496521,0.4984017014503479,2026-08-26T01:38:00Z,,,,,,,,,,,CLE,6.0,8.0,Final,0.0
2026-08-25,824233,TB,DET,Casey Legumina,Jackson Jobe,DET,0.5037791132926941,0.4962208867073059,2026-08-25T22:40:00Z,,,,,,,,,,,DET,4.0,1.0,Final,1.0
2026-08-25,824556,TEX,CWS,Jacob deGrom,Anthony Kay,CWS,0.5016125440597534,0.4983874559402466,2026-08-25T23:40:00Z,,,,,,,,,,,CWS,11.0,7.0,Final,1.0
2026-08-25,824881,LAD,ATL,Tyler Glasnow,Bryce Elder,LAD,0.4904569089412689,0.5095430612564087,2026-08-25T23:15:00Z,,,,,,,,,,,ATL,4.0,3.0,Final,0.0
2026-08-25,824962,MIN,ATH,Taj Bradley,Gage Jump,ATH,0.52159583568573,0.47840416431427,2026-08-26T01:40:00Z,,,,,,,,,,,ATH,4.0,2.0,Final,1.0
2026-08-25,825042,CHC,AZ,Clay Holmes,Brandon Pfaadt,AZ,0.5121983885765076,0.4878016114234924,2026-08-26T01:40:00Z,,,,,,,,,,,AZ,5.0,4.0,Final,1.0
2026-08-26,822692,COL,WSH,Tanner Gordon,Matt Waldron,WSH,0.5360391139984131,0.4639608860015869,2026-08-26T22:45:00Z,,,,,,,,,,,COL,1.0,13.0,Final,0.0
2026-08-26,822772,KC,TOR,Randy Dobnak,Spencer Miles,TOR,0.5112279057502747,0.4887720942497253,2026-08-26T23:07:00Z,,,,,,,,,,,TOR,3.0,0.0,Final,1.0
2026-08-26,823015,BAL,STL,Kyle Bradish,Michael McGreevy,STL,0.5151581764221191,0.4848418235778808,2026-08-26T23:45:00Z,,,,,,,,,,,BAL,7.0,8.0,Final,0.0
2026-08-26,823096,PHI,SEA,Jesús Luzardo,Bryan Woo,PHI,0.4931792318820953,0.506820797920227,2026-08-26T20:10:00Z,,,,,,,,,,,PHI,0.0,6.0,Final,1.0
2026-08-26,823180,CIN,SF,Nick Lodolo,Logan Webb,SF,0.5171026587486267,0.4828973412513733,2026-08-26T19:45:00Z,,,,,,,,,,,CIN,9.0,10.0,Final,0.0
2026-08-26,823255,PIT,SD,Bubba Chandler,Randy Vásquez,SD,0.5017482042312622,0.4982517957687378,2026-08-26T20:10:00Z,,,,,,,,,,,SD,3.0,0.0,Final,1.0
2026-08-26,823506,HOU,NYY,Peter Lambert,Elmer Rodríguez,NYY,0.5340502858161926,0.4659497141838074,2026-08-26T23:05:00Z,,,,,,,,,,,NYY,9.0,3.0,Final,1.0
2026-08-26,823584,MIL,NYM,Dustin May,Robert Stock,NYM,0.5219959020614624,0.4780040979385376,2026-08-26T23:10:00Z,,,,,,,,,,,MIL,1.0,8.0,Final,0.0
2026-08-26,823825,BOS,MIA,Sonny Gray,Ryan Gusto,MIA,0.5056939125061035,0.4943060874938965,2026-08-26T22:40:00Z,,,,,,,,,,,MIA,4.0,0.0,Final,1.0
2026-08-26,823988,CLE,LAA,Joey Cantillo,Grayson Rodriguez,LAA,0.5015982985496521,0.4984017014503479,2026-08-26T20:07:00Z,,,,,,,,,,,CLE,3.0,4.0,Final,0.0
2026-08-26,824234,TB,DET,Freddy Peralta,Troy Melton,DET,0.5037791132926941,0.4962208867073059,2026-08-26T17:10:00Z,,,,,,,,,,,TB,0.0,3.0,Final,0.0
2026-08-26,824555,TEX,CWS,MacKenzie Gore,Sean Burke,CWS,0.5016125440597534,0.4983874559402466,2026-08-26T23:40:00Z,,,,,,,,,,,CWS,10.0,4.0,Final,1.0
2026-08-26,824878,LAD,ATL,Roki Sasaki,AJ Smith-Shawver,LAD,0.4904569089412689,0.5095430612564087,2026-08-26T23:15:00Z,,,,,,,,,,,ATL,6.0,5.0,Final,0.0
2026-08-26,824963,MIN,ATH,Connor Prielipp,J.T. Ginn,ATH,0.52159583568573,0.47840416431427,2026-08-27T01:05:00Z,,,,,,,,,,,ATH,7.0,4.0,Final,1.0
2026-08-26,825039,CHC,AZ,Matthew Boyd,Eduardo Rodriguez,AZ,0.5121983885765076,0.4878016114234924,2026-08-26T19:40:00Z,,,,,,,,,,,AZ,2.0,0.0,Final,1.0
2026-08-27,822694,COL,WSH,Gabriel Hughes,Jake Irvin,WSH,0.5360391139984131,0.4639608860015869,2026-08-27T17:05:00Z,,,,,,,,,,,WSH,7.0,1.0,Final,1.0
2026-08-27,822771,KC,TOR,Noah Cameron,Spencer Arrighetti,TOR,0.5112279057502747,0.4887720942497253,2026-08-27T23:07:00Z,,,,,,,,,,,KC,2.0,13.0,Final,0.0
2026-08-27,823014,BAL,STL,Trevor Rogers,Gordon Graceffo,STL,0.5151581764221191,0.4848418235778808,2026-08-27T18:15:00Z,,,,,,,,,,,STL,7.0,5.0,Final,1.0
2026-08-27,823179,AZ,SF,Jose Cabrera,Landen Roupp,SF,0.5046034455299377,0.4953965544700622,2026-08-28T01:45:00Z,,,,,,,,,,,SF,6.0,1.0,Final,1.0
2026-08-27,823503,HOU,NYY,Hayden Wesneski,Gerrit Cole,NYY,0.5340502858161926,0.4659497141838074,2026-08-27T23:05:00Z,,,,,,,,,,,HOU,1.0,5.0,Final,0.0
2026-08-27,823581,MIL,NYM,Jacob Misiorowski,Sean Manaea,NYM,0.5219959020614624,0.4780040979385376,2026-08-27T23:10:00Z,,,,,,,,,,,MIL,2.0,8.0,Final,0.0
2026-08-27,824879,LAD,ATL,Yoshinobu Yamamoto,Chris Sale,LAD,0.4904569089412689,0.5095430612564087,2026-08-27T23:15:00Z,,,,,,,,,,,ATL,1.0,0.0,Final,0.0
2026-08-28,822691,MIA,WSH,Eury Pérez,Jackson Kent,MIA,0.4898100197315216,0.5101900100708008,2026-08-28T22:45:00Z,,,,,,,,,,,WSH,9.0,2.0,Final,0.0
2026-08-28,822769,SEA,TOR,Emerson Hancock,Dylan Cease,TOR,0.5071510672569275,0.4928489327430725,2026-08-28T23:15:00Z,,,,,,,,,,,TOR,8.0,1.0,Final,1.0
2026-08-28,822935,SD,TB,Casey Mize,Shane McClanahan,TB,0.5335206985473633,0.4664793014526367,2026-08-28T23:10:00Z,,,,,,,,,,,TB,9.0,4.0,Final,1.0
2026-08-28,823013,PIT,STL,Jared Jones,Quinn Mathews,PIT,0.499753475189209,0.500246524810791,2026-08-29T00:15:00Z,,,,,,,,,,,STL,4.0,1.0,Final,0.0
2026-08-28,823178,AZ,SF,Kohl Drake,Blade Tidwell,SF,0.5046034455299377,0.4953965544700622,2026-08-29T02:15:00Z,,,,,,,,,,,AZ,6.0,10.0,Final,0.0
2026-08-28,823504,BOS,NYY,Patrick Sandoval,Cam Schlittler,NYY,0.5330722332000732,0.4669277667999267,2026-08-28T23:15:00Z,,,,,,,,,,,NYY,1.0,0.0,Final,1.0
2026-08-28,823583,HOU,NYM,Hunter Brown,Christian Scott,NYM,0.5252660512924194,0.4747339487075805,2026-08-28T23:10:00Z,,,,,,,,,,,HOU,1.0,3.0,Final,0.0
2026-08-28,823666,CWS,MIN,Luis Castillo,Dean Kremer,MIN,0.5128256678581238,0.4871743321418762,2026-08-29T00:10:00Z,,,,,,,,,,,CWS,4.0,7.0,Final,0.0
2026-08-28,823744,TEX,MIL,Cody Bradford,Logan Henderson,MIL,0.5040947198867798,0.4959052801132202,2026-08-28T23:40:00Z,,,,,,,,,,,MIL,6.0,1.0,Final,1.0
2026-08-28,823985,PHI,LAA,Andrew Painter,Reid Detmers,PHI,0.4884209334850311,0.5115790367126465,2026-08-29T01:38:00Z,,,,,,,,,,,PHI,3.0,5.0,Final,1.0
2026-08-28,824231,LAD,DET,Tarik Skubal,Drew Anderson,DET,0.5053950548171997,0.4946049451828003,2026-08-28T22:40:00Z,,,,,,,,,,,LAD,1.0,2.0,Final,0.0
2026-08-28,824396,KC,CLE,Michael Wacha,Tanner Bibee,KC,0.4894479811191559,0.5105520486831665,2026-08-28T23:10:00Z,,,,,,,,,,,KC,0.0,3.0,Final,1.0
2026-08-28,824638,CIN,CHC,Rhett Lowder,David Peterson,CIN,0.4949102997779846,0.5050897002220154,2026-08-28T18:20:00Z,,,,,,,,,,,CIN,8.0,10.0,Final,1.0
2026-08-28,824877,COL,ATL,Tomoyuki Sugano,Grant Holmes,ATL,0.548460066318512,0.451539933681488,2026-08-28T23:15:00Z,,,,,,,,,,,ATL,6.0,4.0,Final,1.0
2026-08-28,824960,BAL,ATH,Brandon Young,Jacob Lopez,ATH,0.5241884589195251,0.4758115410804748,2026-08-29T01:40:00Z,,,,,,,,,,,BAL,3.0,4.0,Final,0.0
2026-08-29,822690,MIA,WSH,Sandy Alcantara,Cade Cavalli,MIA,0.4898100197315216,0.5101900100708008,2026-08-29T20:05:00Z,,,,,,,,,,,WSH,5.0,4.0,Final,0.0
2026-08-29,822770,SEA,TOR,Kade Anderson,José Soriano,TOR,0.5071510672569275,0.4928489327430725,2026-08-29T19:07:00Z,,,,,,,,,,,TOR,4.0,3.0,Final,1.0
2026-08-29,822936,SD,TB,Walker Buehler,Nick Martinez,TB,0.5335206985473633,0.4664793014526367,2026-08-29T20:10:00Z,,,,,,,,,,,TB,7.0,6.0,Final,1.0
2026-08-29,823011,PIT,STL,Lake Bachar,Kyle Leahy,PIT,0.499753475189209,0.500246524810791,2026-08-29T18:15:00Z,,,,,,,,,,,PIT,2.0,6.0,Final,1.0
2026-08-29,823176,AZ,SF,Mitch Bratt,Yunior Marte,SF,0.5046034455299377,0.4953965544700622,2026-08-30T02:05:00Z,,,,,,,,,,,SF,7.0,2.0,Final,1.0
2026-08-29,823177,AZ,SF,Merrill Kelly,Matt Wilkinson,SF,0.5046034455299377,0.4953965544700622,2026-08-29T20:05:00Z,,,,,,,,,,,AZ,1.0,7.0,Final,0.0
2026-08-29,823501,BOS,NYY,Alec Gamboa,Max Fried,NYY,0.5330722332000732,0.4669277667999267,2026-08-29T23:15:00Z,,,,,,,,,,,NYY,9.0,2.0,Final,1.0
2026-08-29,823539,BOS,NYY,Jake Bennett,Carlos Rodón,NYY,0.5330722332000732,0.4669277667999267,2026-08-29T17:05:00Z,,,,,,,,,,,,,,Postponed,
2026-08-29,823539,BOS,NYY,Jake Bennett,Carlos Rodón,NYY,0.5330722332000732,0.4669277667999267,2026-08-29T17:05:00Z,,,,,,,,,,,BOS,0.0,6.0,Final,0.0
2026-08-29,823582,HOU,NYM,Bennett Sousa,Nolan McLean,NYM,0.5252660512924194,0.4747339487075805,2026-08-29T20:10:00Z,,,,,,,,,,,NYM,6.0,2.0,Final,1.0
2026-08-29,823665,CWS,MIN,Erick Fedde,Bailey Ober,MIN,0.5128256678581238,0.4871743321418762,2026-08-29T18:10:00Z,,,,,,,,,,,CWS,2.0,3.0,Final,0.0
2026-08-29,823741,TEX,MIL,Cal Quantrill,Shane Drohan,MIL,0.5040947198867798,0.4959052801132202,2026-08-29T23:15:00Z,,,,,,,,,,,MIL,5.0,3.0,Final,1.0
2026-08-29,823986,PHI,LAA,Cristopher Sánchez,Ryan Johnson,PHI,0.4884209334850311,0.5115790367126465,2026-08-30T02:07:00Z,,,,,,,,,,,PHI,2.0,4.0,Final,1.0
2026-08-29,824230,LAD,DET,Blake Snell,Keider Montero,DET,0.5053950548171997,0.4946049451828003,2026-08-29T17:10:00Z,,,,,,,,,,,DET,2.0,1.0,Final,1.0
2026-08-29,824392,KC,CLE,Daniel Lynch IV,Foster Griffin,KC,0.4894479811191559,0.5105520486831665,2026-08-29T20:10:00Z,,,,,,,,,,,KC,3.0,8.0,Final,1.0
2026-08-29,824637,CIN,CHC,Andrew Abbott,Kevin Gausman,CIN,0.4949102997779846,0.5050897002220154,2026-08-29T18:20:00Z,,,,,,,,,,,CHC,17.0,5.0,Final,0.0
2026-08-29,824874,COL,ATL,Zach Agnos,Martín Pérez,ATL,0.548460066318512,0.451539933681488,2026-08-29T20:10:00Z,,,,,,,,,,,ATL,2.0,1.0,Final,1.0
2026-08-29,824961,BAL,ATH,Shane Baz,Jack Perkins,ATH,0.5241884589195251,0.4758115410804748,2026-08-30T02:05:00Z,,,,,,,,,,,BAL,3.0,5.0,Final,0.0
2026-08-30,822688,MIA,WSH,Janson Junk,Andrew Alvarez,MIA,0.4898100197315216,0.5101900100708008,2026-08-30T16:15:00Z,,,,,,,,,,,MIA,2.0,6.0,Final,1.0
2026-08-30,822766,SEA,TOR,Logan Gilbert,Max Scherzer,TOR,0.5071510672569275,0.4928489327430725,2026-08-30T17:37:00Z,,,,,,,,,,,TOR,7.0,0.0,Final,1.0
2026-08-30,822933,SD,TB,Robbie Ray,Drew Rasmussen,TB,0.5335206985473633,0.4664793014526367,2026-08-30T17:40:00Z,,,,,,,,,,,TB,5.0,4.0,Final,1.0
2026-08-30,823010,PIT,STL,Braxton Ashcraft,Matthew Liberatore,PIT,0.499753475189209,0.500246524810791,2026-08-30T18:15:00Z,,,,,,,,,,,PIT,4.0,5.0,Final,1.0
2026-08-30,823502,BOS,NYY,Ranger Suarez,Will Warren,NYY,0.5330722332000732,0.4669277667999267,2026-08-30T17:35:00Z,,,,,,,,,,,NYY,16.0,1.0,Final,1.0
2026-08-30,823580,HOU,NYM,Ethan Pecko,Zac Thornton,NYM,0.5252660512924194,0.4747339487075805,2026-08-30T19:10:00Z,,,,,,,,,,,HOU,3.0,6.0,Final,0.0
2026-08-30,823662,CWS,MIN,Jordan Hicks,Zebby Matthews,MIN,0.5128256678581238,0.4871743321418762,2026-08-30T18:10:00Z,,,,,,,,,,,MIN,5.0,1.0,Final,1.0
2026-08-30,823740,TEX,MIL,Kumar Rocker,Dustin May,MIL,0.5040947198867798,0.4959052801132202,2026-08-30T18:10:00Z,,,,,,,,,,,TEX,4.0,7.0,Final,0.0
2026-08-30,823987,PHI,LAA,Zack Wheeler,Yusei Kikuchi,PHI,0.4884209334850311,0.5115790367126465,2026-08-30T20:07:00Z,,,,,,,,,,,PHI,2.0,5.0,Final,1.0
2026-08-30,824232,LAD,DET,Tyler Glasnow,Framber Valdez,DET,0.5053950548171997,0.4946049451828003,2026-08-30T17:40:00Z,,,,,,,,,,,LAD,1.0,6.0,Final,0.0
2026-08-30,824393,KC,CLE,Seth Lugo,Parker Messick,KC,0.4894479811191559,0.5105520486831665,2026-08-30T17:40:00Z,,,,,,,,,,,CLE,11.0,1.0,Final,0.0
2026-08-30,824636,CIN,CHC,Chase Burns,Shota Imanaga,CIN,0.4949102997779846,0.5050897002220154,2026-08-30T23:20:00Z,,,,,,,,,,,CIN,5.0,7.0,Final,1.0
2026-08-30,824876,COL,ATL,Mason Adams,Tyler Mahle,ATL,0.548460066318512,0.451539933681488,2026-08-30T17:35:00Z,,,,,,,,,,,ATL,3.0,2.0,Final,1.0
2026-08-30,824959,BAL,ATH,Chris Bassitt,Jeffrey Springs,ATH,0.5241884589195251,0.4758115410804748,2026-08-30T20:05:00Z,,,,,,,,,,,BAL,5.0,8.0,Final,0.0
2026-08-31,822689,MIA,WSH,Ryan Gusto,Will Dion,MIA,0.4898100197315216,0.5101900100708008,2026-08-31T22:45:00Z,,,,,,,,,,,WSH,6.0,3.0,Final,0.0
2026-08-31,822855,ATH,TEX,Gage Jump,Jacob deGrom,TEX,0.5122663378715515,0.4877336621284485,2026-09-01T00:05:00Z,,,,,,,,,,,TEX,8.0,1.0,Final,1.0
2026-08-31,822932,NYM,TB,Robert Stock,Ian Seymour,TB,0.5058310627937317,0.4941689372062683,2026-08-31T22:40:00Z,,,,,,,,,,,NYM,2.0,3.0,Final,0.0
2026-08-31,823663,DET,MIN,Jackson Jobe,Taj Bradley,MIN,0.5114126205444336,0.4885873794555664,2026-08-31T23:40:00Z,,,,,,,,,,,MIN,11.0,1.0,Final,1.0
2026-08-31,823982,NYY,LAA,Elmer Rodríguez,Walbert Ureña,NYY,0.4875615835189819,0.5124384164810181,2026-09-01T01:38:00Z,,,,,,,,,,,LAA,10.0,1.0,Final,0.0
2026-08-31,824149,CWS,HOU,Anthony Kay,Peter Lambert,HOU,0.5058716535568237,0.4941283464431762,2026-09-01T00:10:00Z,,,,,,,,,,,HOU,6.0,3.0,Final,1.0
2026-08-31,824314,BAL,COL,Cade Povich,Tanner Gordon,COL,0.5066991448402405,0.4933008551597595,2026-09-01T00:40:00Z,,,,,,,,,,,BAL,1.0,2.0,Final,0.0
2026-08-31,824473,SD,CIN,Michael King,Brady Singer,CIN,0.5336260795593262,0.4663739204406738,2026-08-31T22:40:00Z,,,,,,,,,,,SD,0.0,5.0,Final,0.0
2026-08-31,824635,MIL,CHC,Kyle Harrison,Clay Holmes,CHC,0.5052206516265869,0.4947793483734131,2026-08-31T23:40:00Z,,,,,,,,,,,CHC,17.0,3.0,Final,1.0
2026-08-31,824719,SEA,BOS,George Kirby,Payton Tolle,BOS,0.5080877542495728,0.4919122457504272,2026-08-31T22:45:00Z,,,,,,,,,,,BOS,9.0,8.0,Final,1.0
2026-08-31,824911,SF,ATL,Anthony Molina,Bryce Elder,ATL,0.5124940872192383,0.4875059127807617,2026-08-31T22:05:00Z,,,,,,,,,,,,,,Postponed,
2026-08-31,824911,SF,ATL,Anthony Molina,Bryce Elder,ATL,0.5124940872192383,0.4875059127807617,2026-08-31T22:05:00Z,,,,,,,,,,,SF,3.0,7.0,Final,0.0
2026-08-31,825040,PHI,AZ,Aaron Nola,Brandon Pfaadt,AZ,0.5042791962623596,0.4957208037376404,2026-09-01T01:40:00Z,,,,,,,,,,,PHI,1.0,2.0,Final,0.0
2026-09-01,822687,ATL,WSH,AJ Smith-Shawver,Jake Irvin,ATL,0.4952099025249481,0.5047900676727295,2026-09-01T22:45:00Z,,,,,,,,,,,WSH,9.0,5.0,Final,0.0
2026-09-01,822854,ATH,TEX,Brady Basso,MacKenzie Gore,TEX,0.5122663378715515,0.4877336621284485,2026-09-02T00:05:00Z,,,,,,,,,,,TEX,8.0,5.0,Final,1.0
2026-09-01,822929,NYM,TB,Sean Manaea,Freddy Peralta,TB,0.5058310627937317,0.4941689372062683,2026-09-01T22:40:00Z,,,,,,,,,,,TB,6.0,2.0,Final,1.0
2026-09-01,823340,SF,PIT,Logan Webb,Paul Skenes,SF,0.4886268079280853,0.5113731622695923,2026-09-01T22:40:00Z,,,,,,,,,,,PIT,13.0,12.0,Final,0.0
2026-09-01,823661,DET,MIN,Troy Melton,Andrew Morris,MIN,0.5114126205444336,0.4885873794555664,2026-09-01T23:40:00Z,,,,,,,,,,,MIN,15.0,2.0,Final,1.0
2026-09-01,823908,STL,LAD,Michael McGreevy,Eric Lauer,LAD,0.5318854451179504,0.4681145548820495,2026-09-02T02:10:00Z,,,,,,,,,,,STL,8.0,13.0,Final,0.0
2026-09-01,823984,NYY,LAA,Gerrit Cole,Grayson Rodriguez,NYY,0.4875615835189819,0.5124384164810181,2026-09-02T01:38:00Z,,,,,,,,,,,NYY,3.0,7.0,Final,1.0
2026-09-01,824070,MIA,KC,Tyler Phillips,Randy Dobnak,KC,0.5341673493385315,0.4658326506614685,2026-09-01T23:40:00Z,,,,,,,,,,,MIA,3.0,6.0,Final,0.0
2026-09-01,824148,CWS,HOU,Sean Burke,Ronel Blanco,HOU,0.5058716535568237,0.4941283464431762,2026-09-02T00:10:00Z,,,,,,,,,,,CWS,1.0,5.0,Final,0.0
2026-09-01,824313,BAL,COL,Kyle Bradish,Gabriel Hughes,COL,0.5066991448402405,0.4933008551597595,2026-09-02T00:40:00Z,,,,,,,,,,,COL,4.0,2.0,Final,1.0
2026-09-01,824391,TOR,CLE,Spencer Miles,Gavin Williams,CLE,0.5036109685897827,0.4963890314102173,2026-09-01T22:40:00Z,,,,,,,,,,,CLE,6.0,1.0,Final,1.0
2026-09-01,824472,SD,CIN,Randy Vásquez,Nick Lodolo,CIN,0.5336260795593262,0.4663739204406738,2026-09-01T22:40:00Z,,,,,,,,,,,CIN,4.0,3.0,Final,1.0
2026-09-01,824633,MIL,CHC,Robert Gasser,Matthew Boyd,CHC,0.5052206516265869,0.4947793483734131,2026-09-01T23:40:00Z,,,,,,,,,,,MIL,4.0,9.0,Final,0.0
2026-09-01,824716,SEA,BOS,Bryan Woo,Jedixson Paez,BOS,0.5080877542495728,0.4919122457504272,2026-09-01T22:45:00Z,,,,,,,,,,,SEA,6.0,9.0,Final,0.0
2026-09-01,825038,PHI,AZ,Jesús Luzardo,Eduardo Rodriguez,AZ,0.5042791962623596,0.4957208037376404,2026-09-02T01:40:00Z,,,,,,,,,,,PHI,1.0,7.0,Final,0.0
2026-09-02,822686,ATL,WSH,Grant Holmes,Brad Lord,ATL,0.4952099025249481,0.5047900676727295,2026-09-02T17:05:00Z,,,,,,,,,,,ATL,0.0,9.0,Final,1.0
2026-09-02,822851,ATH,TEX,Jacob Lopez,Cody Bradford,TEX,0.5122663378715515,0.4877336621284485,2026-09-02T18:35:00Z,,,,,,,,,,,ATH,2.0,9.0,Final,0.0
2026-09-02,822931,NYM,TB,Justin Hagenman,Griffin Jax,TB,0.5058310627937317,0.4941689372062683,2026-09-02T22:40:00Z,,,,,,,,,,,NYM,4.0,10.0,Final,0.0
2026-09-02,823339,SF,PIT,Landen Roupp,Bubba Chandler,SF,0.4886268079280853,0.5113731622695923,2026-09-02T22:40:00Z,,,,,,,,,,,SF,4.0,5.0,Final,1.0
2026-09-02,823660,DET,MIN,Drew Anderson,Dean Kremer,MIN,0.5114126205444336,0.4885873794555664,2026-09-02T23:40:00Z,,,,,,,,,,,DET,6.0,11.0,Final,0.0
2026-09-02,823906,STL,LAD,Brycen Mautz,Yoshinobu Yamamoto,LAD,0.5318854451179504,0.4681145548820495,2026-09-03T02:10:00Z,,,,,,,,,,,STL,6.0,8.0,Final,0.0
2026-09-02,823983,NYY,LAA,Cam Schlittler,Reid Detmers,NYY,0.4875615835189819,0.5124384164810181,2026-09-03T01:38:00Z,,,,,,,,,,,NYY,3.0,6.0,Final,1.0
2026-09-02,824068,MIA,KC,Eury Pérez,Noah Cameron,KC,0.5341673493385315,0.4658326506614685,2026-09-02T23:40:00Z,,,,,,,,,,,MIA,6.0,9.0,Final,0.0
2026-09-02,824147,CWS,HOU,Davis Martin,Hayden Wesneski,HOU,0.5058716535568237,0.4941283464431762,2026-09-03T00:10:00Z,,,,,,,,,,,HOU,2.0,0.0,Final,1.0
2026-09-02,824312,BAL,COL,Trevor Rogers,Tomoyuki Sugano,COL,0.5066991448402405,0.4933008551597595,2026-09-02T19:10:00Z,,,,,,,,,,,COL,6.0,5.0,Final,1.0
2026-09-02,824390,TOR,CLE,Dylan Cease,Joey Cantillo,CLE,0.5036109685897827,0.4963890314102173,2026-09-02T22:40:00Z,,,,,,,,,,,TOR,0.0,11.0,Final,0.0
2026-09-02,824470,SD,CIN,Casey Mize,Brandon Williamson,CIN,0.5336260795593262,0.4663739204406738,2026-09-02T16:40:00Z,,,,,,,,,,,CIN,7.0,3.0,Final,1.0
2026-09-02,824634,MIL,CHC,Jacob Misiorowski,David Peterson,CHC,0.5052206516265869,0.4947793483734131,2026-09-02T23:40:00Z,,,,,,,,,,,MIL,5.0,9.0,Final,0.0
2026-09-02,824717,SEA,BOS,Bryce Miller,Patrick Sandoval,BOS,0.5080877542495728,0.4919122457504272,2026-09-02T20:10:00Z,,,,,,,,,,,SEA,3.0,8.0,Final,0.0
2026-09-02,825037,PHI,AZ,Andrew Painter,Taylor Clarke,AZ,0.5042791962623596,0.4957208037376404,2026-09-02T19:40:00Z,,,,,,,,,,,AZ,1.0,0.0,Final,1.0
2026-09-03,822853,TB,TEX,Shane McClanahan,Cal Quantrill,TB,0.4768562316894531,0.5231437683105469,2026-09-04T00:05:00Z,,,,,,,,,,,TEX,6.0,0.0,Final,0.0
2026-09-03,823095,ATH,SEA,Jack Perkins,Kade Anderson,SEA,0.5094141364097595,0.4905858635902405,2026-09-04T01:40:00Z,,,,,,,,,,,ATH,4.0,7.0,Final,0.0
2026-09-03,823337,SF,PIT,Blade Tidwell,Lake Bachar,SF,0.4886268079280853,0.5113731622695923,2026-09-03T16:35:00Z,,,,,,,,,,,PIT,5.0,2.0,Final,0.0
2026-09-03,823907,STL,LAD,Quinn Mathews,Tarik Skubal,LAD,0.5318854451179504,0.4681145548820495,2026-09-04T02:10:00Z,,,,,,,,,,,LAD,3.0,2.0,Final,1.0
2026-09-03,824069,MIA,KC,Sandy Alcantara,Michael Wacha,KC,0.5341673493385315,0.4658326506614685,2026-09-03T23:40:00Z,,,,,,,,,,,KC,7.0,3.0,Final,1.0
2026-09-03,824144,CWS,HOU,Luis Castillo,Hunter Brown,HOU,0.5058716535568237,0.4941283464431762,2026-09-03T18:10:00Z,,,,,,,,,,,HOU,6.0,2.0,Final,1.0
2026-09-03,824388,TOR,CLE,José Soriano,Tanner Bibee,CLE,0.5036109685897827,0.4963890314102173,2026-09-03T17:10:00Z,,,,,,,,,,,TOR,3.0,6.0,Final,0.0
2026-09-03,824632,MIL,CHC,Logan Henderson,Kevin Gausman,CHC,0.5052206516265869,0.4947793483734131,2026-09-03T23:15:00Z,,,,,,,,,,,CHC,2.0,1.0,Final,1.0
2026-09-03,824796,BOS,BAL,Jake Bennett,Brandon Young,BOS,0.4835625886917114,0.5164374113082886,2026-09-03T23:15:00Z,,,,,,,,,,,BOS,5.0,6.0,Final,1.0
2026-09-04,822852,TB,TEX,Nick Martinez,Trevor Williams,TB,0.4768562316894531,0.5231437683105469,2026-09-05T00:05:00Z,,,,,,,,,,,TB,6.0,7.0,Final,1.0
2026-09-04,823093,ATH,SEA,Kade Morris,Logan Gilbert,SEA,0.5094141364097595,0.4905858635902405,2026-09-05T02:10:00Z,,,,,,,,,,,ATH,6.0,7.0,Final,0.0
2026-09-04,823256,NYY,SD,Max Fried,Walker Buehler,NYY,0.4848126769065857,0.5151873230934143,2026-09-05T01:40:00Z,,,,,,,,,,,SD,3.0,2.0,Final,0.0
2026-09-04,823338,LAA,PIT,Ryan Johnson,Jared Jones,PIT,0.5299794673919678,0.4700205326080322,2026-09-04T22:45:00Z,,,,,,,,,,,PIT,1.0,0.0,Final,1.0
2026-09-04,823418,ATL,PHI,Chris Sale,Cristopher Sánchez,PHI,0.52203369140625,0.47796630859375,2026-09-04T22:40:00Z,,,,,,,,,,,ATL,2.0,5.0,Final,0.0
2026-09-04,823579,SF,NYM,Matt Wilkinson,Nolan McLean,NYM,0.5257038474082947,0.4742961525917053,2026-09-04T23:10:00Z,,,,,,,,,,,NYM,10.0,6.0,Final,1.0
2026-09-04,823824,CHC,MIA,Shota Imanaga,Janson Junk,MIA,0.5019534230232239,0.4980465769767761,2026-09-04T23:10:00Z,,,,,,,,,,,CHC,1.0,6.0,Final,0.0
2026-09-04,823905,WSH,LAD,Jackson Kent,Blake Snell,LAD,0.5322626829147339,0.4677373170852661,2026-09-05T02:10:00Z,,,,,,,,,,,LAD,5.0,3.0,Final,1.0
2026-09-04,824067,TOR,KC,Jameson Taillon,Daniel Lynch IV,KC,0.5093650221824646,0.4906349778175354,2026-09-05T00:10:00Z,,,,,,,,,,,TOR,2.0,9.0,Final,0.0
2026-09-04,824146,AZ,HOU,Merrill Kelly,Cristian Javier,HOU,0.5005930066108704,0.4994069933891296,2026-09-05T00:10:00Z,,,,,,,,,,,HOU,3.0,1.0,Final,1.0
2026-09-04,824311,STL,COL,Andre Pallante,Ryan Feltner,STL,0.4995534718036651,0.5004465579986572,2026-09-05T00:40:00Z,,,,,,,,,,,STL,6.0,7.0,Final,1.0
2026-09-04,824387,DET,CLE,Andrew Sears,Foster Griffin,DET,0.4919775128364563,0.5080224871635437,2026-09-04T23:15:00Z,,,,,,,,,,,CLE,4.0,3.0,Final,0.0
2026-09-04,824424,DET,CLE,Keider Montero,Logan Allen,DET,0.4919775128364563,0.5080224871635437,2026-09-04T18:10:00Z,,,,,,,,,,,,,,Postponed,
2026-09-04,824424,DET,CLE,Keider Montero,Logan Allen,DET,0.4919775128364563,0.5080224871635437,2026-09-04T18:10:00Z,,,,,,,,,,,CLE,7.0,6.0,Final,0.0
2026-09-04,824471,MIL,CIN,Shane Drohan,Rhett Lowder,CIN,0.519001305103302,0.480998694896698,2026-09-04T22:10:00Z,,,,,,,,,,,MIL,7.0,10.0,Final,0.0
2026-09-04,824554,MIN,CWS,Zebby Matthews,Erick Fedde,CWS,0.5216010212898254,0.4783989787101745,2026-09-04T23:40:00Z,,,,,,,,,,,CWS,4.0,1.0,Final,1.0
2026-09-04,824797,BOS,BAL,Ranger Suarez,Shane Baz,BOS,0.4835625886917114,0.5164374113082886,2026-09-04T23:05:00Z,,,,,,,,,,,BOS,0.0,1.0,Final,1.0
2026-09-05,822850,TB,TEX,Drew Rasmussen,Jacob deGrom,TB,0.4768562316894531,0.5231437683105469,2026-09-05T23:05:00Z,,,,,,,,,,,TB,3.0,6.0,Final,1.0
2026-09-05,823094,ATH,SEA,Jeffrey Springs,George Kirby,SEA,0.5094141364097595,0.4905858635902405,2026-09-06T01:40:00Z,,,,,,,,,,,ATH,2.0,6.0,Final,0.0
2026-09-05,823257,NYY,SD,Carlos Rodón,Robbie Ray,NYY,0.4848126769065857,0.5151873230934143,2026-09-05T23:15:00Z,,,,,,,,,,,NYY,1.0,5.0,Final,1.0
2026-09-05,823335,LAA,PIT,Yusei Kikuchi,Braxton Ashcraft,PIT,0.5299794673919678,0.4700205326080322,2026-09-05T22:40:00Z,,,,,,,,,,,LAA,1.0,6.0,Final,0.0
2026-09-05,823419,ATL,PHI,Martín Pérez,Zack Wheeler,PHI,0.52203369140625,0.47796630859375,2026-09-05T22:05:00Z,,,,,,,,,,,PHI,4.0,2.0,Final,1.0
2026-09-05,823577,SF,NYM,Anthony Molina,Zac Thornton,NYM,0.5257038474082947,0.4742961525917053,2026-09-05T20:10:00Z,,,,,,,,,,,SF,5.0,9.0,Final,0.0
2026-09-05,823823,CHC,MIA,Javier Assad,Ryan Gusto,MIA,0.5019534230232239,0.4980465769767761,2026-09-05T20:10:00Z,,,,,,,,,,,CHC,5.0,6.0,Final,0.0
2026-09-05,823904,WSH,LAD,Cade Cavalli,Tyler Glasnow,LAD,0.5322626829147339,0.4677373170852661,2026-09-06T01:10:00Z,,,,,,,,,,,LAD,6.0,5.0,Final,1.0
2026-09-05,824066,TOR,KC,Max Scherzer,Seth Lugo,KC,0.5093650221824646,0.4906349778175354,2026-09-05T23:10:00Z,,,,,,,,,,,TOR,3.0,4.0,Final,0.0
2026-09-05,824145,AZ,HOU,Brandon Pfaadt,Ethan Pecko,HOU,0.5005930066108704,0.4994069933891296,2026-09-05T23:15:00Z,,,,,,,,,,,AZ,3.0,4.0,Final,0.0
2026-09-05,824310,STL,COL,Matthew Liberatore,Mason Adams,STL,0.4995534718036651,0.5004465579986572,2026-09-06T00:10:00Z,,,,,,,,,,,COL,10.0,7.0,Final,0.0
2026-09-05,824389,DET,CLE,Framber Valdez,Parker Messick,DET,0.4919775128364563,0.5080224871635437,2026-09-05T22:10:00Z,,,,,,,,,,,DET,0.0,6.0,Final,1.0
2026-09-05,824468,MIL,CIN,Dustin May,Andrew Abbott,CIN,0.519001305103302,0.480998694896698,2026-09-05T22:40:00Z,,,,,,,,,,,CIN,5.0,3.0,Final,1.0
2026-09-05,824553,MIN,CWS,Taj Bradley,Anthony Kay,CWS,0.5216010212898254,0.4783989787101745,2026-09-05T23:10:00Z,,,,,,,,,,,MIN,4.0,6.0,Final,0.0
2026-09-05,824795,BOS,BAL,Sonny Gray,Chris Bassitt,BOS,0.4835625886917114,0.5164374113082886,2026-09-05T23:05:00Z,,,,,,,,,,,BOS,0.0,5.0,Final,1.0
2026-09-06,822848,TB,TEX,Ian Seymour,MacKenzie Gore,TB,0.4768562316894531,0.5231437683105469,2026-09-06T18:35:00Z,,,,,,,,,,,TEX,8.0,6.0,Final,0.0
2026-09-06,823091,ATH,SEA,Gage Jump,Bryan Woo,SEA,0.5094141364097595,0.4905858635902405,2026-09-06T20:10:00Z,,,,,,,,,,,SEA,2.0,0.0,Final,1.0
2026-09-06,823253,NYY,SD,Gerrit Cole,Michael King,NYY,0.4848126769065857,0.5151873230934143,2026-09-06T20:10:00Z,,,,,,,,,,,SD,4.0,3.0,Final,0.0
2026-09-06,823336,LAA,PIT,Walbert Ureña,Paul Skenes,PIT,0.5299794673919678,0.4700205326080322,2026-09-06T17:35:00Z,,,,,,,,,,,PIT,1.0,0.0,Final,1.0
2026-09-06,823417,ATL,PHI,Tyler Mahle,Aaron Nola,PHI,0.52203369140625,0.47796630859375,2026-09-06T17:10:00Z,,,,,,,,,,,ATL,4.0,5.0,Final,0.0
2026-09-06,823578,SF,NYM,Cesar Perdomo,Christian Scott,NYM,0.5257038474082947,0.4742961525917053,2026-09-06T17:40:00Z,,,,,,,,,,,NYM,4.0,2.0,Final,1.0
2026-09-06,823822,CHC,MIA,Clay Holmes,Tyler Phillips,MIA,0.5019534230232239,0.4980465769767761,2026-09-06T17:40:00Z,,,,,,,,,,,MIA,10.0,3.0,Final,1.0
2026-09-06,823903,WSH,LAD,Andrew Alvarez,Justin Wrobleski,LAD,0.5322626829147339,0.4677373170852661,2026-09-07T02:10:00Z,,,,,,,,,,,,,,Pre-Game,
2026-09-06,824065,TOR,KC,Spencer Arrighetti,Randy Dobnak,KC,0.5093650221824646,0.4906349778175354,2026-09-06T18:10:00Z,,,,,,,,,,,KC,6.0,1.0,Final,1.0
2026-09-06,824142,AZ,HOU,Eduardo Rodriguez,Peter Lambert,HOU,0.5005930066108704,0.4994069933891296,2026-09-06T18:10:00Z,,,,,,,,,,,AZ,2.0,3.0,Final,0.0
2026-09-06,824309,STL,COL,Kyle Leahy,Tanner Gordon,STL,0.4995534718036651,0.5004465579986572,2026-09-06T19:10:00Z,,,,,,,,,,,STL,8.0,10.0,Final,1.0
2026-09-06,824385,DET,CLE,Jackson Jobe,Gavin Williams,DET,0.4919775128364563,0.5080224871635437,2026-09-06T17:40:00Z,,,,,,,,,,,CLE,3.0,2.0,Final,0.0
2026-09-06,824469,MIL,CIN,Kyle Harrison,Brady Singer,CIN,0.519001305103302,0.480998694896698,2026-09-06T16:10:00Z,,,,,,,,,,,CIN,12.0,8.0,Final,1.0
2026-09-06,824552,MIN,CWS,Bailey Ober,Bryan Hudson,CWS,0.5216010212898254,0.4783989787101745,2026-09-06T22:20:00Z,,,,,,,,,,,CWS,1.0,0.0,In Progress,1.0
2026-09-06,824794,BOS,BAL,Payton Tolle,Kyle Bradish,BOS,0.4835625886917114,0.5164374113082886,2026-09-06T17:35:00Z,,,,,,,,,,,BOS,1.0,3.0,Final,1.0
